🌉 WhatsApp bridge listening on port 3000 (mode: bot)
📁 Session stored in: /Users/ktoclaw/.hermes/whatsapp/session
🔒 Allowed users: 0175972035

✅ WhatsApp connected!
{"event":"ignored","reason":"allowlist_mismatch","chatId":"60175972035@s.whatsapp.net","senderId":"60175972035@s.whatsapp.net"}
{"event":"ignored","reason":"allowlist_mismatch","chatId":"60175972035@s.whatsapp.net","senderId":"60175972035@s.whatsapp.net"}
{"event":"ignored","reason":"allowlist_mismatch","chatId":"60175972035@s.whatsapp.net","senderId":"60175972035@s.whatsapp.net"}
{"event":"ignored","reason":"allowlist_mismatch","chatId":"60175972035@s.whatsapp.net","senderId":"60175972035@s.whatsapp.net"}
{"event":"ignored","reason":"allowlist_mismatch","chatId":"56702359580792@lid","senderId":"56702359580792@lid"}
{"event":"ignored","reason":"allowlist_mismatch","chatId":"60175972035@s.whatsapp.net","senderId":"60175972035@s.whatsapp.net"}
🌉 WhatsApp bridge listening on port 3000 (mode: bot)
📁 Session stored in: /Users/ktoclaw/.hermes/whatsapp/session
🔒 Allowed users: 0175972035

✅ WhatsApp connected!
{"event":"ignored","reason":"allowlist_mismatch","chatId":"56702359580792@lid","senderId":"56702359580792@lid"}
{"event":"ignored","reason":"allowlist_mismatch","chatId":"56702359580792@lid","senderId":"56702359580792@lid"}
{"event":"ignored","reason":"allowlist_mismatch","chatId":"60175972035@s.whatsapp.net","senderId":"60175972035@s.whatsapp.net"}
{"event":"ignored","reason":"allowlist_mismatch","chatId":"60175972035@s.whatsapp.net","senderId":"60175972035@s.whatsapp.net"}
{"event":"ignored","reason":"allowlist_mismatch","chatId":"60175972035@s.whatsapp.net","senderId":"60175972035@s.whatsapp.net"}
Closing session: SessionEntry {
  _chains: {
    'BTd1TTZPqWRugtOS/qLhnthBJRrYRoTE4ClphWqEwGF4': { chainKey: [Object], chainType: 2, messageKeys: {} },
    'BQQUHMx9/qBRvQElBZ59e5Sn3a+IV5THq9XX8Xm9ySJF': { chainKey: [Object], chainType: 1, messageKeys: {} }
  },
  registrationId: 964615210,
  currentRatchet: {
    ephemeralKeyPair: {
      pubKey: <Buffer 05 04 14 1c cc 7d fe a0 51 bd 01 25 05 9e 7d 7b 94 a7 dd af 88 57 94 c7 ab d5 d7 f1 79 bd c9 22 45>,
      privKey: <Buffer 88 54 e6 f1 37 41 3b a3 4c b2 21 8a df e9 ab 6d 67 e8 c4 76 6a 94 83 cf b8 f0 98 02 0f 50 4b 7b>
    },
    lastRemoteEphemeralKey: <Buffer 05 37 75 4d 36 4f a9 64 6e 82 d3 92 fe a2 e1 9e d8 41 25 1a d8 46 84 c4 e0 29 69 85 6a 84 c0 61 78>,
    previousCounter: 0,
    rootKey: <Buffer 85 3e ca dc e0 c3 eb ff 10 ab 4d cb 00 62 e2 6f 44 46 50 a9 c4 d8 8e e8 88 02 fc 08 02 ef 01 b8>
  },
  indexInfo: {
    baseKey: <Buffer 05 ea e5 27 6a 76 15 3e 7e 68 1a 9e 21 31 88 4e 92 82 8c 7d eb 51 ea 92 ca 8a 31 36 4d 96 d3 b2 3a>,
    baseKeyType: 2,
    closed: -1,
    used: 1779286746149,
    created: 1779286746149,
    remoteIdentityKey: <Buffer 05 fe 47 cf 1f 55 8d 8f f8 be d8 26 a8 79 33 df 4b e1 a6 55 a1 32 72 49 79 02 d0 b9 aa 31 bc 16 45>
  }
}
Closing session: SessionEntry {
  _chains: {
    BSR9a2qRNz59GN6zoGu6gY6EPtMbSe6hqyVAWaF0ESYf: { chainKey: [Object], chainType: 2, messageKeys: [Object] },
    'BU/Qf9vRc3uZE0hUOd9h/C3mTpnK7HUBf8MoxrxOUbA5': { chainKey: [Object], chainType: 1, messageKeys: {} }
  },
  registrationId: 569403322,
  currentRatchet: {
    ephemeralKeyPair: {
      pubKey: <Buffer 05 4f d0 7f db d1 73 7b 99 13 48 54 39 df 61 fc 2d e6 4e 99 ca ec 75 01 7f c3 28 c6 bc 4e 51 b0 39>,
      privKey: <Buffer d0 f8 03 ce 8e 17 5d ec 88 6c 10 30 cf 27 8b 5e dc b3 0d 18 d0 48 26 86 48 e9 93 07 3a 23 5d 7e>
    },
    lastRemoteEphemeralKey: <Buffer 05 24 7d 6b 6a 91 37 3e 7d 18 de b3 a0 6b ba 81 8e 84 3e d3 1b 49 ee a1 ab 25 40 59 a1 74 11 26 1f>,
    previousCounter: 0,
    rootKey: <Buffer dc 4b 37 76 ea 67 ef 9b d9 09 20 2a af c1 db 3e 7f 54 76 4a da b8 6e 02 00 11 25 8c 37 16 81 99>
  },
  indexInfo: {
    baseKey: <Buffer 05 09 b0 a2 76 40 ad 86 1d 67 fd ca 3a 07 13 7f 84 f1 60 06 d5 a8 06 7c 84 53 93 dc 68 78 8d df 19>,
    baseKeyType: 2,
    closed: -1,
    used: 1779286745244,
    created: 1779286745244,
    remoteIdentityKey: <Buffer 05 80 f0 71 26 1a b2 e7 9a 91 38 3b cf b5 de 25 fe 0f 36 33 09 32 17 30 7e c3 f2 72 c9 1a 60 c6 1d>
  }
}
{"event":"ignored","reason":"allowlist_mismatch","chatId":"56702359580792@lid","senderId":"56702359580792@lid"}
{"event":"ignored","reason":"allowlist_mismatch","chatId":"56702359580792@lid","senderId":"56702359580792@lid"}
{"event":"ignored","reason":"allowlist_mismatch","chatId":"56702359580792@lid","senderId":"56702359580792@lid"}
🌉 WhatsApp bridge listening on port 3000 (mode: bot)
📁 Session stored in: /Users/ktoclaw/.hermes/whatsapp/session
🔒 Allowed users: 0175972035

✅ WhatsApp connected!
{"level":40,"time":1779287315197,"pid":81070,"hostname":"Mac-mini-2.local","msg":"Timeout in AwaitingInitialSync, forcing state to Online and flushing buffer"}
{"event":"ignored","reason":"allowlist_mismatch","chatId":"56702359580792@lid","senderId":"56702359580792@lid"}
{"event":"ignored","reason":"allowlist_mismatch","chatId":"56702359580792@lid","senderId":"56702359580792@lid"}
Closing session: SessionEntry {
  _chains: {
    'Bf6+QbHyI1SYfQ761yLA8DKytdApA2O2pNcnCQBZFocA': { chainKey: [Object], chainType: 2, messageKeys: {} },
    'BXd9pb4J6Wzwn+bLnT6/d5wbnGloJ3KC/uYaD/ub8AYD': { chainKey: [Object], chainType: 1, messageKeys: {} }
  },
  registrationId: 964615210,
  currentRatchet: {
    ephemeralKeyPair: {
      pubKey: <Buffer 05 77 7d a5 be 09 e9 6c f0 9f e6 cb 9d 3e bf 77 9c 1b 9c 69 68 27 72 82 fe e6 1a 0f fb 9b f0 06 03>,
      privKey: <Buffer 30 88 08 68 6e 4d cf 3d 49 9a 50 21 0f 39 89 00 89 2c 45 96 7d 77 21 47 af f0 71 d5 0e 02 20 50>
    },
    lastRemoteEphemeralKey: <Buffer 05 fe be 41 b1 f2 23 54 98 7d 0e fa d7 22 c0 f0 32 b2 b5 d0 29 03 63 b6 a4 d7 27 09 00 59 16 87 00>,
    previousCounter: 0,
    rootKey: <Buffer f3 ea 5f e7 7e f2 c2 00 9b 74 ef 40 4a 2c f3 d8 d8 f5 97 7b 92 47 b1 ce 06 97 41 b9 08 36 8d d2>
  },
  indexInfo: {
    baseKey: <Buffer 05 04 c5 17 1c 5f 92 76 cd af 44 13 17 17 de 1e 27 a8 84 07 5a ad 1b 4e 26 1e 4e 35 e1 c7 cc f8 21>,
    baseKeyType: 1,
    closed: -1,
    used: 1779287506949,
    created: 1779286988415,
    remoteIdentityKey: <Buffer 05 fe 47 cf 1f 55 8d 8f f8 be d8 26 a8 79 33 df 4b e1 a6 55 a1 32 72 49 79 02 d0 b9 aa 31 bc 16 45>
  }
}
Closing session: SessionEntry {
  _chains: {
    BS6ofPAj18ytVGUrDgqimYZmITFWMQ1Qg6dCYwblxexm: { chainKey: [Object], chainType: 1, messageKeys: {} }
  },
  registrationId: 569403322,
  currentRatchet: {
    ephemeralKeyPair: {
      pubKey: <Buffer 05 2e a8 7c f0 23 d7 cc ad 54 65 2b 0e 0a a2 99 86 66 21 31 56 31 0d 50 83 a7 42 63 06 e5 c5 ec 66>,
      privKey: <Buffer 80 93 1a 4d 25 c0 69 df 01 b4 c5 40 48 6c 8c eb d0 42 57 ae 72 7e fd 46 a5 f9 11 15 ec 2c 9c 4b>
    },
    lastRemoteEphemeralKey: <Buffer 05 1b 20 7a e9 f0 d8 15 81 58 cf ee 36 81 b1 e0 19 48 17 f1 e0 c8 9d 51 45 98 3f b6 28 bc c0 29 45>,
    previousCounter: 0,
    rootKey: <Buffer 63 59 3d e9 1c 99 61 a6 2d b3 1c 8e 47 7a 40 2e a5 36 8e a8 a1 7b a7 3a a9 b5 04 c9 f2 5b 90 00>
  },
  indexInfo: {
    baseKey: <Buffer 05 3d 95 b0 7f cf 0a 3f 13 08 c5 d2 14 46 16 d3 05 50 cb 3b ad f5 fb a4 d3 dd 11 3d 0f f4 64 f4 7f>,
    baseKeyType: 1,
    closed: -1,
    used: 1779286988426,
    created: 1779286988426,
    remoteIdentityKey: <Buffer 05 80 f0 71 26 1a b2 e7 9a 91 38 3b cf b5 de 25 fe 0f 36 33 09 32 17 30 7e c3 f2 72 c9 1a 60 c6 1d>
  },
  pendingPreKey: {
    signedKeyId: 757560,
    baseKey: <Buffer 05 3d 95 b0 7f cf 0a 3f 13 08 c5 d2 14 46 16 d3 05 50 cb 3b ad f5 fb a4 d3 dd 11 3d 0f f4 64 f4 7f>,
    preKeyId: 12799347
  }
}
{"event":"ignored","reason":"allowlist_mismatch","chatId":"56702359580792@lid","senderId":"56702359580792@lid"}
🌉 WhatsApp bridge listening on port 3000 (mode: bot)
📁 Session stored in: /Users/ktoclaw/.hermes/whatsapp/session
🔒 Allowed users: 0175972035

✅ WhatsApp connected!
{"level":40,"time":1779287688783,"pid":83273,"hostname":"Mac-mini-2.local","msg":"Timeout in AwaitingInitialSync, forcing state to Online and flushing buffer"}
{"level":50,"time":1779287711347,"pid":83273,"hostname":"Mac-mini-2.local","reasonNode":{"tag":"conflict","attrs":{"type":"replaced"}},"fullErrorNode":{"tag":"stream:error","attrs":{},"content":[{"tag":"conflict","attrs":{"type":"replaced"}}]},"msg":"stream errored out"}
⚠️  Connection closed (reason: 440). Reconnecting in 3s...
✅ WhatsApp connected!
{"level":50,"time":1779287719730,"pid":83273,"hostname":"Mac-mini-2.local","reasonNode":{"tag":"conflict","attrs":{"type":"replaced"}},"fullErrorNode":{"tag":"stream:error","attrs":{},"content":[{"tag":"conflict","attrs":{"type":"replaced"}}]},"msg":"stream errored out"}
⚠️  Connection closed (reason: 440). Reconnecting in 3s...
✅ WhatsApp connected!
{"level":50,"time":1779287727997,"pid":83273,"hostname":"Mac-mini-2.local","reasonNode":{"tag":"conflict","attrs":{"type":"replaced"}},"fullErrorNode":{"tag":"stream:error","attrs":{},"content":[{"tag":"conflict","attrs":{"type":"replaced"}}]},"msg":"stream errored out"}
⚠️  Connection closed (reason: 440). Reconnecting in 3s...
🌉 WhatsApp bridge listening on port 3000 (mode: bot)
📁 Session stored in: /Users/ktoclaw/.hermes/whatsapp/session
🔒 Allowed users: 60125226892

✅ WhatsApp connected!
{"level":40,"time":1779287768248,"pid":83753,"hostname":"Mac-mini-2.local","msg":"Timeout in AwaitingInitialSync, forcing state to Online and flushing buffer"}
🌉 WhatsApp bridge listening on port 3000 (mode: bot)
📁 Session stored in: /Users/ktoclaw/.hermes/whatsapp/session
🔒 Allowed users: 60125226892

✅ WhatsApp connected!
{"level":40,"time":1779288066640,"pid":86411,"hostname":"Mac-mini-2.local","msg":"Timeout in AwaitingInitialSync, forcing state to Online and flushing buffer"}
🌉 WhatsApp bridge listening on port 3000 (mode: bot)
📁 Session stored in: /Users/ktoclaw/.hermes/whatsapp/session
🔒 Allowed users: 60125226892

✅ WhatsApp connected!
{"level":40,"time":1779288199248,"pid":87216,"hostname":"Mac-mini-2.local","msg":"Timeout in AwaitingInitialSync, forcing state to Online and flushing buffer"}
Closing session: SessionEntry {
  _chains: {
    'BRFXDpNr6waO4bKgWbwwaMkeYkZtfRhTSgpJa/4Ya58S': { chainKey: [Object], chainType: 2, messageKeys: {} },
    'BbTG8DE6Q6RKax93W7o+Cb45ZxGSEY7k3WihNg4Pu8Zh': { chainKey: [Object], chainType: 2, messageKeys: {} },
    'BcpWULOTwo3s+amnJOCVSWEg4RR4qnx8cSCQ7qc/5mBw': { chainKey: [Object], chainType: 2, messageKeys: {} },
    'BZkk19QnaM5ozL/Xl/bHL4U1JBdAZC6WQ1Ug9/CfrbkN': { chainKey: [Object], chainType: 2, messageKeys: {} },
    'BR9FY97gScBSEeu2VivY+LW/tzeRKlap5djfysDiO4Jv': { chainKey: [Object], chainType: 2, messageKeys: {} },
    'BWk4zd7khon+9yQ+Hp2SQ5BCS52/7f5BtLd92X2oDu58': { chainKey: [Object], chainType: 2, messageKeys: {} },
    'BUnuY+8synMYOfET2Nvc7UFYLULIfT+LTdTk7irePC4P': { chainKey: [Object], chainType: 2, messageKeys: {} },
    'BQGHGcHud4PsYSZdDqFY3AA+lORzdpAvjppxHzK2Po83': { chainKey: [Object], chainType: 2, messageKeys: {} },
    'Bc66U/a6H0UYkAwl4G5BDGV0E8y4P6gka2lnkl3UwQcR': { chainKey: [Object], chainType: 1, messageKeys: {} }
  },
  registrationId: 964615210,
  currentRatchet: {
    ephemeralKeyPair: {
      pubKey: <Buffer 05 ce ba 53 f6 ba 1f 45 18 90 0c 25 e0 6e 41 0c 65 74 13 cc b8 3f a8 24 6b 69 67 92 5d d4 c1 07 11>,
      privKey: <Buffer c0 61 8a 69 31 d1 44 cc 54 52 75 6a fc 98 a4 8f 97 93 1c 90 9a 04 59 f1 ec 04 92 5a 53 bf 40 7a>
    },
    lastRemoteEphemeralKey: <Buffer 05 01 87 19 c1 ee 77 83 ec 61 26 5d 0e a1 58 dc 00 3e 94 e4 73 76 90 2f 8e 9a 71 1f 32 b6 3e 8f 37>,
    previousCounter: 0,
    rootKey: <Buffer 4b 63 c4 cb 85 ca ca 2e 87 9b 9f de ab 9c b1 88 38 ee 41 90 30 a2 32 29 4e cc 99 25 6d e0 b2 21>
  },
  indexInfo: {
    baseKey: <Buffer 05 2f b1 f6 95 7c 68 fb bf 3f 9b 8a 94 4d 1c b8 8b 33 c4 f3 c3 72 7c a3 05 1a b9 62 9c 63 6d 7d 26>,
    baseKeyType: 1,
    closed: -1,
    used: 1779288137313,
    created: 1779287513118,
    remoteIdentityKey: <Buffer 05 fe 47 cf 1f 55 8d 8f f8 be d8 26 a8 79 33 df 4b e1 a6 55 a1 32 72 49 79 02 d0 b9 aa 31 bc 16 45>
  }
}
Closing session: SessionEntry {
  _chains: {
    BWWgkFt5hbHfUk2Z36wCJIAmQlex5nqh3Mrg1kaHhHkz: { chainKey: [Object], chainType: 1, messageKeys: {} }
  },
  registrationId: 569403322,
  currentRatchet: {
    ephemeralKeyPair: {
      pubKey: <Buffer 05 65 a0 90 5b 79 85 b1 df 52 4d 99 df ac 02 24 80 26 42 57 b1 e6 7a a1 dc ca e0 d6 46 87 84 79 33>,
      privKey: <Buffer d8 24 5f f5 03 31 16 76 4f df 05 07 5c 07 d1 a1 b2 53 94 ac 84 a3 45 1f f6 2a 9e 76 84 2a 14 44>
    },
    lastRemoteEphemeralKey: <Buffer 05 1b 20 7a e9 f0 d8 15 81 58 cf ee 36 81 b1 e0 19 48 17 f1 e0 c8 9d 51 45 98 3f b6 28 bc c0 29 45>,
    previousCounter: 0,
    rootKey: <Buffer 02 fa 88 40 b0 52 c8 52 81 b2 cd 5a 33 f3 9b e3 78 b2 b0 6a 97 91 2f f5 3a f6 94 2a 1f 5c ad 5c>
  },
  indexInfo: {
    baseKey: <Buffer 05 0a 0d e4 ee 7e 90 01 99 ec 7a 82 74 39 40 94 14 cf bc 7b e7 b3 c2 f5 75 a9 ce 81 85 b9 94 f8 0c>,
    baseKeyType: 1,
    closed: -1,
    used: 1779287513127,
    created: 1779287513127,
    remoteIdentityKey: <Buffer 05 80 f0 71 26 1a b2 e7 9a 91 38 3b cf b5 de 25 fe 0f 36 33 09 32 17 30 7e c3 f2 72 c9 1a 60 c6 1d>
  },
  pendingPreKey: {
    signedKeyId: 757560,
    baseKey: <Buffer 05 0a 0d e4 ee 7e 90 01 99 ec 7a 82 74 39 40 94 14 cf bc 7b e7 b3 c2 f5 75 a9 ce 81 85 b9 94 f8 0c>,
    preKeyId: 12799156
  }
}
{"level":40,"time":1779288571903,"pid":87216,"hostname":"Mac-mini-2.local","msgId":"3EB0BE964E0684784BC133","trace":"Error [ERR_MODULE_NOT_FOUND]: Cannot find package 'link-preview-js' imported from /Users/ktoclaw/.hermes/hermes-agent/scripts/whatsapp-bridge/node_modules/@whiskeysockets/baileys/lib/Utils/link-preview.js\n    at Object.getPackageJSONURL (node:internal/modules/package_json_reader:301:9)\n    at packageResolve (node:internal/modules/esm/resolve:768:81)\n    at moduleResolve (node:internal/modules/esm/resolve:859:18)\n    at defaultResolve (node:internal/modules/esm/resolve:991:11)\n    at #cachedDefaultResolve (node:internal/modules/esm/loader:713:20)\n    at #resolveAndMaybeBlockOnLoaderThread (node:internal/modules/esm/loader:730:38)\n    at ModuleLoader.resolveSync (node:internal/modules/esm/loader:759:52)\n    at #resolve (node:internal/modules/esm/loader:695:17)\n    at ModuleLoader.getOrCreateModuleJob (node:internal/modules/esm/loader:615:35)\n    at onImport.tracePromise.__proto__ (node:internal/modules/esm/loader:644:32)","msg":"url generation failed"}
{"level":40,"time":1779288609982,"pid":87216,"hostname":"Mac-mini-2.local","msgId":"3EB04DEEC17DCCD0F06C1B","trace":"Error [ERR_MODULE_NOT_FOUND]: Cannot find package 'link-preview-js' imported from /Users/ktoclaw/.hermes/hermes-agent/scripts/whatsapp-bridge/node_modules/@whiskeysockets/baileys/lib/Utils/link-preview.js\n    at Object.getPackageJSONURL (node:internal/modules/package_json_reader:301:9)\n    at packageResolve (node:internal/modules/esm/resolve:768:81)\n    at moduleResolve (node:internal/modules/esm/resolve:859:18)\n    at defaultResolve (node:internal/modules/esm/resolve:991:11)\n    at #cachedDefaultResolve (node:internal/modules/esm/loader:713:20)\n    at #resolveAndMaybeBlockOnLoaderThread (node:internal/modules/esm/loader:730:38)\n    at ModuleLoader.resolveSync (node:internal/modules/esm/loader:759:52)\n    at #resolve (node:internal/modules/esm/loader:695:17)\n    at ModuleLoader.getOrCreateModuleJob (node:internal/modules/esm/loader:615:35)\n    at onImport.tracePromise.__proto__ (node:internal/modules/esm/loader:644:32)","msg":"url generation failed"}
{"level":40,"time":1779288610125,"pid":87216,"hostname":"Mac-mini-2.local","msgId":"3EB07ABF3FEC5BF5EF01C9","trace":"Error [ERR_MODULE_NOT_FOUND]: Cannot find package 'link-preview-js' imported from /Users/ktoclaw/.hermes/hermes-agent/scripts/whatsapp-bridge/node_modules/@whiskeysockets/baileys/lib/Utils/link-preview.js\n    at Object.getPackageJSONURL (node:internal/modules/package_json_reader:301:9)\n    at packageResolve (node:internal/modules/esm/resolve:768:81)\n    at moduleResolve (node:internal/modules/esm/resolve:859:18)\n    at defaultResolve (node:internal/modules/esm/resolve:991:11)\n    at #cachedDefaultResolve (node:internal/modules/esm/loader:713:20)\n    at #resolveAndMaybeBlockOnLoaderThread (node:internal/modules/esm/loader:730:38)\n    at ModuleLoader.resolveSync (node:internal/modules/esm/loader:759:52)\n    at #resolve (node:internal/modules/esm/loader:695:17)\n    at ModuleLoader.getOrCreateModuleJob (node:internal/modules/esm/loader:615:35)\n    at onImport.tracePromise.__proto__ (node:internal/modules/esm/loader:644:32)","msg":"url generation failed"}
{"level":40,"time":1779288659440,"pid":87216,"hostname":"Mac-mini-2.local","msgId":"3EB018430D8F2418B71D8E","trace":"Error [ERR_MODULE_NOT_FOUND]: Cannot find package 'link-preview-js' imported from /Users/ktoclaw/.hermes/hermes-agent/scripts/whatsapp-bridge/node_modules/@whiskeysockets/baileys/lib/Utils/link-preview.js\n    at Object.getPackageJSONURL (node:internal/modules/package_json_reader:301:9)\n    at packageResolve (node:internal/modules/esm/resolve:768:81)\n    at moduleResolve (node:internal/modules/esm/resolve:859:18)\n    at defaultResolve (node:internal/modules/esm/resolve:991:11)\n    at #cachedDefaultResolve (node:internal/modules/esm/loader:713:20)\n    at #resolveAndMaybeBlockOnLoaderThread (node:internal/modules/esm/loader:730:38)\n    at ModuleLoader.resolveSync (node:internal/modules/esm/loader:759:52)\n    at #resolve (node:internal/modules/esm/loader:695:17)\n    at ModuleLoader.getOrCreateModuleJob (node:internal/modules/esm/loader:615:35)\n    at onImport.tracePromise.__proto__ (node:internal/modules/esm/loader:644:32)","msg":"url generation failed"}
{"level":40,"time":1779288673494,"pid":87216,"hostname":"Mac-mini-2.local","msgId":"3EB0AC96915310D9138147","trace":"Error [ERR_MODULE_NOT_FOUND]: Cannot find package 'link-preview-js' imported from /Users/ktoclaw/.hermes/hermes-agent/scripts/whatsapp-bridge/node_modules/@whiskeysockets/baileys/lib/Utils/link-preview.js\n    at Object.getPackageJSONURL (node:internal/modules/package_json_reader:301:9)\n    at packageResolve (node:internal/modules/esm/resolve:768:81)\n    at moduleResolve (node:internal/modules/esm/resolve:859:18)\n    at defaultResolve (node:internal/modules/esm/resolve:991:11)\n    at #cachedDefaultResolve (node:internal/modules/esm/loader:713:20)\n    at #resolveAndMaybeBlockOnLoaderThread (node:internal/modules/esm/loader:730:38)\n    at ModuleLoader.resolveSync (node:internal/modules/esm/loader:759:52)\n    at #resolve (node:internal/modules/esm/loader:695:17)\n    at ModuleLoader.getOrCreateModuleJob (node:internal/modules/esm/loader:615:35)\n    at onImport.tracePromise.__proto__ (node:internal/modules/esm/loader:644:32)","msg":"url generation failed"}
{"level":40,"time":1779288687536,"pid":87216,"hostname":"Mac-mini-2.local","msgId":"3EB0C32164FF0B1FA61B94","trace":"Error [ERR_MODULE_NOT_FOUND]: Cannot find package 'link-preview-js' imported from /Users/ktoclaw/.hermes/hermes-agent/scripts/whatsapp-bridge/node_modules/@whiskeysockets/baileys/lib/Utils/link-preview.js\n    at Object.getPackageJSONURL (node:internal/modules/package_json_reader:301:9)\n    at packageResolve (node:internal/modules/esm/resolve:768:81)\n    at moduleResolve (node:internal/modules/esm/resolve:859:18)\n    at defaultResolve (node:internal/modules/esm/resolve:991:11)\n    at #cachedDefaultResolve (node:internal/modules/esm/loader:713:20)\n    at #resolveAndMaybeBlockOnLoaderThread (node:internal/modules/esm/loader:730:38)\n    at ModuleLoader.resolveSync (node:internal/modules/esm/loader:759:52)\n    at #resolve (node:internal/modules/esm/loader:695:17)\n    at ModuleLoader.getOrCreateModuleJob (node:internal/modules/esm/loader:615:35)\n    at onImport.tracePromise.__proto__ (node:internal/modules/esm/loader:644:32)","msg":"url generation failed"}
{"level":40,"time":1779288695438,"pid":87216,"hostname":"Mac-mini-2.local","msgId":"3EB0F477C340E433717A70","trace":"Error [ERR_MODULE_NOT_FOUND]: Cannot find package 'link-preview-js' imported from /Users/ktoclaw/.hermes/hermes-agent/scripts/whatsapp-bridge/node_modules/@whiskeysockets/baileys/lib/Utils/link-preview.js\n    at Object.getPackageJSONURL (node:internal/modules/package_json_reader:301:9)\n    at packageResolve (node:internal/modules/esm/resolve:768:81)\n    at moduleResolve (node:internal/modules/esm/resolve:859:18)\n    at defaultResolve (node:internal/modules/esm/resolve:991:11)\n    at #cachedDefaultResolve (node:internal/modules/esm/loader:713:20)\n    at #resolveAndMaybeBlockOnLoaderThread (node:internal/modules/esm/loader:730:38)\n    at ModuleLoader.resolveSync (node:internal/modules/esm/loader:759:52)\n    at #resolve (node:internal/modules/esm/loader:695:17)\n    at ModuleLoader.getOrCreateModuleJob (node:internal/modules/esm/loader:615:35)\n    at onImport.tracePromise.__proto__ (node:internal/modules/esm/loader:644:32)","msg":"url generation failed"}
{"level":40,"time":1779288742365,"pid":87216,"hostname":"Mac-mini-2.local","msgId":"3EB05003C2CA4063B9C578","trace":"Error [ERR_MODULE_NOT_FOUND]: Cannot find package 'link-preview-js' imported from /Users/ktoclaw/.hermes/hermes-agent/scripts/whatsapp-bridge/node_modules/@whiskeysockets/baileys/lib/Utils/link-preview.js\n    at Object.getPackageJSONURL (node:internal/modules/package_json_reader:301:9)\n    at packageResolve (node:internal/modules/esm/resolve:768:81)\n    at moduleResolve (node:internal/modules/esm/resolve:859:18)\n    at defaultResolve (node:internal/modules/esm/resolve:991:11)\n    at #cachedDefaultResolve (node:internal/modules/esm/loader:713:20)\n    at #resolveAndMaybeBlockOnLoaderThread (node:internal/modules/esm/loader:730:38)\n    at ModuleLoader.resolveSync (node:internal/modules/esm/loader:759:52)\n    at #resolve (node:internal/modules/esm/loader:695:17)\n    at ModuleLoader.getOrCreateModuleJob (node:internal/modules/esm/loader:615:35)\n    at onImport.tracePromise.__proto__ (node:internal/modules/esm/loader:644:32)","msg":"url generation failed"}
⚠️  Connection closed (reason: 428). Reconnecting in 3s...
✅ WhatsApp connected!
{"level":40,"time":1779292561661,"pid":87216,"hostname":"Mac-mini-2.local","msg":"Timeout in AwaitingInitialSync, forcing state to Online and flushing buffer"}
Closing session: SessionEntry {
  _chains: {
    'BQp+fjjzE47DLpVN49WglwOk5nR8TF0w16lydvosU+4H': { chainKey: [Object], chainType: 2, messageKeys: {} },
    BVcGvgz1CsqohLGU708pw1AyvcMdGAjTEDapOMIj6skK: { chainKey: [Object], chainType: 2, messageKeys: {} },
    BZBtfQvksp9TjeeEaToKaNM7ilhWej9lvl6MRLeuDk5T: { chainKey: [Object], chainType: 2, messageKeys: {} },
    'BcsXR+x/vMgEben2GRBqmDFvoWhXIbYlWPLDz+YF/JlX': { chainKey: [Object], chainType: 2, messageKeys: {} },
    'Bc5qe+13YbZR1jOhy8hj5frIw8gsO6AvzfKOWcED44F6': { chainKey: [Object], chainType: 2, messageKeys: {} },
    BexyBTO7ZvA7LONqbqpbTi88IHEdO4NmUbgxqv2MjDUV: { chainKey: [Object], chainType: 2, messageKeys: {} },
    BVoTOhRIXo4qqRnfF2qqL2dar7ve9oExLv3LAwho57gL: { chainKey: [Object], chainType: 2, messageKeys: {} },
    'Bb1RBRoYCffuUOAviXZVUWHk5d7DhxnW/B/Uj31jp9c9': { chainKey: [Object], chainType: 2, messageKeys: {} },
    BSmXxDmduR8rkOIRpSUgZbutP0H3NhvLe7uPglUPswEe: { chainKey: [Object], chainType: 2, messageKeys: {} },
    'Bdl+S8vAu8HQUD5ED4gP7BVBlVIWFR/sgCI2EuJcVKRl': { chainKey: [Object], chainType: 2, messageKeys: {} },
    BUmT2g46jFmyyI3ENpdUuzh57KhFg6eCDuIXi4waRcRL: { chainKey: [Object], chainType: 1, messageKeys: {} }
  },
  registrationId: 964615210,
  currentRatchet: {
    ephemeralKeyPair: {
      pubKey: <Buffer 05 49 93 da 0e 3a 8c 59 b2 c8 8d c4 36 97 54 bb 38 79 ec a8 45 83 a7 82 0e e2 17 8b 8c 1a 45 c4 4b>,
      privKey: <Buffer 30 76 8a 33 01 83 cd b5 81 1c 7d fd 91 35 c9 b6 f2 61 ce 56 c5 b9 3e 26 a1 6d 68 d9 e0 48 d8 41>
    },
    lastRemoteEphemeralKey: <Buffer 05 d9 7e 4b cb c0 bb c1 d0 50 3e 44 0f 88 0f ec 15 41 95 52 16 15 1f ec 80 22 36 12 e2 5c 54 a4 65>,
    previousCounter: 15,
    rootKey: <Buffer f2 d8 3a 98 8e a3 d1 67 90 fb 0f 39 53 39 df bf 04 9f 36 10 9c e9 37 10 94 2c cf fe 1b 1a 7c 40>
  },
  indexInfo: {
    baseKey: <Buffer 05 0f a3 27 c7 63 02 fb 47 0b 28 69 69 35 60 d4 ee 1c 45 7b 08 94 9a 9a 53 c9 d9 40 fd dc 1e f0 48>,
    baseKeyType: 1,
    closed: -1,
    used: 1779292459238,
    created: 1779288223373,
    remoteIdentityKey: <Buffer 05 fe 47 cf 1f 55 8d 8f f8 be d8 26 a8 79 33 df 4b e1 a6 55 a1 32 72 49 79 02 d0 b9 aa 31 bc 16 45>
  }
}
Closing session: SessionEntry {
  _chains: {
    'BQjmPsc+BNBkBQcGmMvhRzwnJLO/1eYPMGBM5D4QoMA3': { chainKey: [Object], chainType: 1, messageKeys: {} }
  },
  registrationId: 569403322,
  currentRatchet: {
    ephemeralKeyPair: {
      pubKey: <Buffer 05 08 e6 3e c7 3e 04 d0 64 05 07 06 98 cb e1 47 3c 27 24 b3 bf d5 e6 0f 30 60 4c e4 3e 10 a0 c0 37>,
      privKey: <Buffer 28 a0 9b a6 fd 87 0d 7c a6 1f 3c 48 0d e8 c7 55 6d a8 a3 3e 58 2e 3e ef f9 62 73 19 0f 06 67 48>
    },
    lastRemoteEphemeralKey: <Buffer 05 1b 20 7a e9 f0 d8 15 81 58 cf ee 36 81 b1 e0 19 48 17 f1 e0 c8 9d 51 45 98 3f b6 28 bc c0 29 45>,
    previousCounter: 0,
    rootKey: <Buffer 90 5f 34 51 cb 46 36 87 27 48 8e 4c d2 16 02 ad ef 15 80 6a 91 22 b2 0c 50 d7 61 35 b2 7c a9 92>
  },
  indexInfo: {
    baseKey: <Buffer 05 43 0f 85 e7 8e 54 d8 01 93 f5 70 83 ab ec a9 f4 96 63 b5 35 ee 63 f9 b3 c7 ba fb c6 3a 90 80 3b>,
    baseKeyType: 1,
    closed: -1,
    used: 1779288223383,
    created: 1779288223383,
    remoteIdentityKey: <Buffer 05 80 f0 71 26 1a b2 e7 9a 91 38 3b cf b5 de 25 fe 0f 36 33 09 32 17 30 7e c3 f2 72 c9 1a 60 c6 1d>
  },
  pendingPreKey: {
    signedKeyId: 757560,
    baseKey: <Buffer 05 43 0f 85 e7 8e 54 d8 01 93 f5 70 83 ab ec a9 f4 96 63 b5 35 ee 63 f9 b3 c7 ba fb c6 3a 90 80 3b>,
    preKeyId: 12799149
  }
}
⚠️  Connection closed (reason: 428). Reconnecting in 3s...
✅ WhatsApp connected!
{"level":40,"time":1779301593383,"pid":87216,"hostname":"Mac-mini-2.local","msg":"Timeout in AwaitingInitialSync, forcing state to Online and flushing buffer"}
⚠️  Connection closed (reason: 428). Reconnecting in 3s...
✅ WhatsApp connected!
{"level":40,"time":1779304139464,"pid":87216,"hostname":"Mac-mini-2.local","msg":"Timeout in AwaitingInitialSync, forcing state to Online and flushing buffer"}
⚠️  Connection closed (reason: 428). Reconnecting in 3s...
✅ WhatsApp connected!
{"level":40,"time":1779308564199,"pid":87216,"hostname":"Mac-mini-2.local","msg":"Timeout in AwaitingInitialSync, forcing state to Online and flushing buffer"}
{"level":50,"time":1779312795984,"pid":87216,"hostname":"Mac-mini-2.local","fullErrorNode":{"tag":"stream:error","attrs":{"code":"503"}},"msg":"stream errored out"}
⚠️  Connection closed (reason: 503). Reconnecting in 3s...
✅ WhatsApp connected!
{"level":40,"time":1779312821136,"pid":87216,"hostname":"Mac-mini-2.local","msg":"Timeout in AwaitingInitialSync, forcing state to Online and flushing buffer"}
{"level":40,"time":1779316416325,"pid":87216,"hostname":"Mac-mini-2.local","msgId":"3EB06A1BD3E564BC661B5A","trace":"Error [ERR_MODULE_NOT_FOUND]: Cannot find package 'link-preview-js' imported from /Users/ktoclaw/.hermes/hermes-agent/scripts/whatsapp-bridge/node_modules/@whiskeysockets/baileys/lib/Utils/link-preview.js\n    at Object.getPackageJSONURL (node:internal/modules/package_json_reader:301:9)\n    at packageResolve (node:internal/modules/esm/resolve:768:81)\n    at moduleResolve (node:internal/modules/esm/resolve:859:18)\n    at defaultResolve (node:internal/modules/esm/resolve:991:11)\n    at #cachedDefaultResolve (node:internal/modules/esm/loader:713:20)\n    at #resolveAndMaybeBlockOnLoaderThread (node:internal/modules/esm/loader:730:38)\n    at ModuleLoader.resolveSync (node:internal/modules/esm/loader:759:52)\n    at #resolve (node:internal/modules/esm/loader:695:17)\n    at ModuleLoader.getOrCreateModuleJob (node:internal/modules/esm/loader:615:35)\n    at onImport.tracePromise.__proto__ (node:internal/modules/esm/loader:644:32)","msg":"url generation failed"}
{"level":40,"time":1779316615089,"pid":87216,"hostname":"Mac-mini-2.local","msgId":"3EB049227851FF813ADB8D","trace":"Error [ERR_MODULE_NOT_FOUND]: Cannot find package 'link-preview-js' imported from /Users/ktoclaw/.hermes/hermes-agent/scripts/whatsapp-bridge/node_modules/@whiskeysockets/baileys/lib/Utils/link-preview.js\n    at Object.getPackageJSONURL (node:internal/modules/package_json_reader:301:9)\n    at packageResolve (node:internal/modules/esm/resolve:768:81)\n    at moduleResolve (node:internal/modules/esm/resolve:859:18)\n    at defaultResolve (node:internal/modules/esm/resolve:991:11)\n    at #cachedDefaultResolve (node:internal/modules/esm/loader:713:20)\n    at #resolveAndMaybeBlockOnLoaderThread (node:internal/modules/esm/loader:730:38)\n    at ModuleLoader.resolveSync (node:internal/modules/esm/loader:759:52)\n    at #resolve (node:internal/modules/esm/loader:695:17)\n    at ModuleLoader.getOrCreateModuleJob (node:internal/modules/esm/loader:615:35)\n    at onImport.tracePromise.__proto__ (node:internal/modules/esm/loader:644:32)","msg":"url generation failed"}
{"level":40,"time":1779316626249,"pid":87216,"hostname":"Mac-mini-2.local","msgId":"3EB03BA112BB0F8DE8CB21","trace":"Error [ERR_MODULE_NOT_FOUND]: Cannot find package 'link-preview-js' imported from /Users/ktoclaw/.hermes/hermes-agent/scripts/whatsapp-bridge/node_modules/@whiskeysockets/baileys/lib/Utils/link-preview.js\n    at Object.getPackageJSONURL (node:internal/modules/package_json_reader:301:9)\n    at packageResolve (node:internal/modules/esm/resolve:768:81)\n    at moduleResolve (node:internal/modules/esm/resolve:859:18)\n    at defaultResolve (node:internal/modules/esm/resolve:991:11)\n    at #cachedDefaultResolve (node:internal/modules/esm/loader:713:20)\n    at #resolveAndMaybeBlockOnLoaderThread (node:internal/modules/esm/loader:730:38)\n    at ModuleLoader.resolveSync (node:internal/modules/esm/loader:759:52)\n    at #resolve (node:internal/modules/esm/loader:695:17)\n    at ModuleLoader.getOrCreateModuleJob (node:internal/modules/esm/loader:615:35)\n    at onImport.tracePromise.__proto__ (node:internal/modules/esm/loader:644:32)","msg":"url generation failed"}
{"level":40,"time":1779316632589,"pid":87216,"hostname":"Mac-mini-2.local","msgId":"3EB0C881EFA7791CB41C72","trace":"Error [ERR_MODULE_NOT_FOUND]: Cannot find package 'link-preview-js' imported from /Users/ktoclaw/.hermes/hermes-agent/scripts/whatsapp-bridge/node_modules/@whiskeysockets/baileys/lib/Utils/link-preview.js\n    at Object.getPackageJSONURL (node:internal/modules/package_json_reader:301:9)\n    at packageResolve (node:internal/modules/esm/resolve:768:81)\n    at moduleResolve (node:internal/modules/esm/resolve:859:18)\n    at defaultResolve (node:internal/modules/esm/resolve:991:11)\n    at #cachedDefaultResolve (node:internal/modules/esm/loader:713:20)\n    at #resolveAndMaybeBlockOnLoaderThread (node:internal/modules/esm/loader:730:38)\n    at ModuleLoader.resolveSync (node:internal/modules/esm/loader:759:52)\n    at #resolve (node:internal/modules/esm/loader:695:17)\n    at ModuleLoader.getOrCreateModuleJob (node:internal/modules/esm/loader:615:35)\n    at onImport.tracePromise.__proto__ (node:internal/modules/esm/loader:644:32)","msg":"url generation failed"}
{"level":40,"time":1779316637116,"pid":87216,"hostname":"Mac-mini-2.local","msgId":"3EB0818A21C047E08A6E6C","trace":"Error [ERR_MODULE_NOT_FOUND]: Cannot find package 'link-preview-js' imported from /Users/ktoclaw/.hermes/hermes-agent/scripts/whatsapp-bridge/node_modules/@whiskeysockets/baileys/lib/Utils/link-preview.js\n    at Object.getPackageJSONURL (node:internal/modules/package_json_reader:301:9)\n    at packageResolve (node:internal/modules/esm/resolve:768:81)\n    at moduleResolve (node:internal/modules/esm/resolve:859:18)\n    at defaultResolve (node:internal/modules/esm/resolve:991:11)\n    at #cachedDefaultResolve (node:internal/modules/esm/loader:713:20)\n    at #resolveAndMaybeBlockOnLoaderThread (node:internal/modules/esm/loader:730:38)\n    at ModuleLoader.resolveSync (node:internal/modules/esm/loader:759:52)\n    at #resolve (node:internal/modules/esm/loader:695:17)\n    at ModuleLoader.getOrCreateModuleJob (node:internal/modules/esm/loader:615:35)\n    at onImport.tracePromise.__proto__ (node:internal/modules/esm/loader:644:32)","msg":"url generation failed"}
{"level":40,"time":1779316643753,"pid":87216,"hostname":"Mac-mini-2.local","msgId":"3EB02BD26AD87EA46F3BEF","trace":"Error [ERR_MODULE_NOT_FOUND]: Cannot find package 'link-preview-js' imported from /Users/ktoclaw/.hermes/hermes-agent/scripts/whatsapp-bridge/node_modules/@whiskeysockets/baileys/lib/Utils/link-preview.js\n    at Object.getPackageJSONURL (node:internal/modules/package_json_reader:301:9)\n    at packageResolve (node:internal/modules/esm/resolve:768:81)\n    at moduleResolve (node:internal/modules/esm/resolve:859:18)\n    at defaultResolve (node:internal/modules/esm/resolve:991:11)\n    at #cachedDefaultResolve (node:internal/modules/esm/loader:713:20)\n    at #resolveAndMaybeBlockOnLoaderThread (node:internal/modules/esm/loader:730:38)\n    at ModuleLoader.resolveSync (node:internal/modules/esm/loader:759:52)\n    at #resolve (node:internal/modules/esm/loader:695:17)\n    at ModuleLoader.getOrCreateModuleJob (node:internal/modules/esm/loader:615:35)\n    at onImport.tracePromise.__proto__ (node:internal/modules/esm/loader:644:32)","msg":"url generation failed"}
{"level":40,"time":1779316651003,"pid":87216,"hostname":"Mac-mini-2.local","msgId":"3EB08D81BEBE4E4945A3E6","trace":"Error [ERR_MODULE_NOT_FOUND]: Cannot find package 'link-preview-js' imported from /Users/ktoclaw/.hermes/hermes-agent/scripts/whatsapp-bridge/node_modules/@whiskeysockets/baileys/lib/Utils/link-preview.js\n    at Object.getPackageJSONURL (node:internal/modules/package_json_reader:301:9)\n    at packageResolve (node:internal/modules/esm/resolve:768:81)\n    at moduleResolve (node:internal/modules/esm/resolve:859:18)\n    at defaultResolve (node:internal/modules/esm/resolve:991:11)\n    at #cachedDefaultResolve (node:internal/modules/esm/loader:713:20)\n    at #resolveAndMaybeBlockOnLoaderThread (node:internal/modules/esm/loader:730:38)\n    at ModuleLoader.resolveSync (node:internal/modules/esm/loader:759:52)\n    at #resolve (node:internal/modules/esm/loader:695:17)\n    at ModuleLoader.getOrCreateModuleJob (node:internal/modules/esm/loader:615:35)\n    at onImport.tracePromise.__proto__ (node:internal/modules/esm/loader:644:32)","msg":"url generation failed"}
{"level":40,"time":1779316659476,"pid":87216,"hostname":"Mac-mini-2.local","msgId":"3EB06414F0D03EF06D7158","trace":"Error [ERR_MODULE_NOT_FOUND]: Cannot find package 'link-preview-js' imported from /Users/ktoclaw/.hermes/hermes-agent/scripts/whatsapp-bridge/node_modules/@whiskeysockets/baileys/lib/Utils/link-preview.js\n    at Object.getPackageJSONURL (node:internal/modules/package_json_reader:301:9)\n    at packageResolve (node:internal/modules/esm/resolve:768:81)\n    at moduleResolve (node:internal/modules/esm/resolve:859:18)\n    at defaultResolve (node:internal/modules/esm/resolve:991:11)\n    at #cachedDefaultResolve (node:internal/modules/esm/loader:713:20)\n    at #resolveAndMaybeBlockOnLoaderThread (node:internal/modules/esm/loader:730:38)\n    at ModuleLoader.resolveSync (node:internal/modules/esm/loader:759:52)\n    at #resolve (node:internal/modules/esm/loader:695:17)\n    at ModuleLoader.getOrCreateModuleJob (node:internal/modules/esm/loader:615:35)\n    at onImport.tracePromise.__proto__ (node:internal/modules/esm/loader:644:32)","msg":"url generation failed"}
{"level":40,"time":1779316662535,"pid":87216,"hostname":"Mac-mini-2.local","msgId":"3EB0D652746082F7E800A9","trace":"Error [ERR_MODULE_NOT_FOUND]: Cannot find package 'link-preview-js' imported from /Users/ktoclaw/.hermes/hermes-agent/scripts/whatsapp-bridge/node_modules/@whiskeysockets/baileys/lib/Utils/link-preview.js\n    at Object.getPackageJSONURL (node:internal/modules/package_json_reader:301:9)\n    at packageResolve (node:internal/modules/esm/resolve:768:81)\n    at moduleResolve (node:internal/modules/esm/resolve:859:18)\n    at defaultResolve (node:internal/modules/esm/resolve:991:11)\n    at #cachedDefaultResolve (node:internal/modules/esm/loader:713:20)\n    at #resolveAndMaybeBlockOnLoaderThread (node:internal/modules/esm/loader:730:38)\n    at ModuleLoader.resolveSync (node:internal/modules/esm/loader:759:52)\n    at #resolve (node:internal/modules/esm/loader:695:17)\n    at ModuleLoader.getOrCreateModuleJob (node:internal/modules/esm/loader:615:35)\n    at onImport.tracePromise.__proto__ (node:internal/modules/esm/loader:644:32)","msg":"url generation failed"}
{"level":40,"time":1779316671586,"pid":87216,"hostname":"Mac-mini-2.local","msgId":"3EB0D109202DD776005AFB","trace":"Error [ERR_MODULE_NOT_FOUND]: Cannot find package 'link-preview-js' imported from /Users/ktoclaw/.hermes/hermes-agent/scripts/whatsapp-bridge/node_modules/@whiskeysockets/baileys/lib/Utils/link-preview.js\n    at Object.getPackageJSONURL (node:internal/modules/package_json_reader:301:9)\n    at packageResolve (node:internal/modules/esm/resolve:768:81)\n    at moduleResolve (node:internal/modules/esm/resolve:859:18)\n    at defaultResolve (node:internal/modules/esm/resolve:991:11)\n    at #cachedDefaultResolve (node:internal/modules/esm/loader:713:20)\n    at #resolveAndMaybeBlockOnLoaderThread (node:internal/modules/esm/loader:730:38)\n    at ModuleLoader.resolveSync (node:internal/modules/esm/loader:759:52)\n    at #resolve (node:internal/modules/esm/loader:695:17)\n    at ModuleLoader.getOrCreateModuleJob (node:internal/modules/esm/loader:615:35)\n    at onImport.tracePromise.__proto__ (node:internal/modules/esm/loader:644:32)","msg":"url generation failed"}
{"level":40,"time":1779316677022,"pid":87216,"hostname":"Mac-mini-2.local","msgId":"3EB01388C7B27AB4CA3FE7","trace":"Error [ERR_MODULE_NOT_FOUND]: Cannot find package 'link-preview-js' imported from /Users/ktoclaw/.hermes/hermes-agent/scripts/whatsapp-bridge/node_modules/@whiskeysockets/baileys/lib/Utils/link-preview.js\n    at Object.getPackageJSONURL (node:internal/modules/package_json_reader:301:9)\n    at packageResolve (node:internal/modules/esm/resolve:768:81)\n    at moduleResolve (node:internal/modules/esm/resolve:859:18)\n    at defaultResolve (node:internal/modules/esm/resolve:991:11)\n    at #cachedDefaultResolve (node:internal/modules/esm/loader:713:20)\n    at #resolveAndMaybeBlockOnLoaderThread (node:internal/modules/esm/loader:730:38)\n    at ModuleLoader.resolveSync (node:internal/modules/esm/loader:759:52)\n    at #resolve (node:internal/modules/esm/loader:695:17)\n    at ModuleLoader.getOrCreateModuleJob (node:internal/modules/esm/loader:615:35)\n    at onImport.tracePromise.__proto__ (node:internal/modules/esm/loader:644:32)","msg":"url generation failed"}
{"level":40,"time":1779316682749,"pid":87216,"hostname":"Mac-mini-2.local","msgId":"3EB00EC28505442B4C4EE1","trace":"Error [ERR_MODULE_NOT_FOUND]: Cannot find package 'link-preview-js' imported from /Users/ktoclaw/.hermes/hermes-agent/scripts/whatsapp-bridge/node_modules/@whiskeysockets/baileys/lib/Utils/link-preview.js\n    at Object.getPackageJSONURL (node:internal/modules/package_json_reader:301:9)\n    at packageResolve (node:internal/modules/esm/resolve:768:81)\n    at moduleResolve (node:internal/modules/esm/resolve:859:18)\n    at defaultResolve (node:internal/modules/esm/resolve:991:11)\n    at #cachedDefaultResolve (node:internal/modules/esm/loader:713:20)\n    at #resolveAndMaybeBlockOnLoaderThread (node:internal/modules/esm/loader:730:38)\n    at ModuleLoader.resolveSync (node:internal/modules/esm/loader:759:52)\n    at #resolve (node:internal/modules/esm/loader:695:17)\n    at ModuleLoader.getOrCreateModuleJob (node:internal/modules/esm/loader:615:35)\n    at onImport.tracePromise.__proto__ (node:internal/modules/esm/loader:644:32)","msg":"url generation failed"}
{"level":40,"time":1779316687281,"pid":87216,"hostname":"Mac-mini-2.local","msgId":"3EB0CF8EC6A9BB5D618A3F","trace":"Error [ERR_MODULE_NOT_FOUND]: Cannot find package 'link-preview-js' imported from /Users/ktoclaw/.hermes/hermes-agent/scripts/whatsapp-bridge/node_modules/@whiskeysockets/baileys/lib/Utils/link-preview.js\n    at Object.getPackageJSONURL (node:internal/modules/package_json_reader:301:9)\n    at packageResolve (node:internal/modules/esm/resolve:768:81)\n    at moduleResolve (node:internal/modules/esm/resolve:859:18)\n    at defaultResolve (node:internal/modules/esm/resolve:991:11)\n    at #cachedDefaultResolve (node:internal/modules/esm/loader:713:20)\n    at #resolveAndMaybeBlockOnLoaderThread (node:internal/modules/esm/loader:730:38)\n    at ModuleLoader.resolveSync (node:internal/modules/esm/loader:759:52)\n    at #resolve (node:internal/modules/esm/loader:695:17)\n    at ModuleLoader.getOrCreateModuleJob (node:internal/modules/esm/loader:615:35)\n    at onImport.tracePromise.__proto__ (node:internal/modules/esm/loader:644:32)","msg":"url generation failed"}
{"level":40,"time":1779316695119,"pid":87216,"hostname":"Mac-mini-2.local","msgId":"3EB049D828F8F7B0D4DEC7","trace":"Error [ERR_MODULE_NOT_FOUND]: Cannot find package 'link-preview-js' imported from /Users/ktoclaw/.hermes/hermes-agent/scripts/whatsapp-bridge/node_modules/@whiskeysockets/baileys/lib/Utils/link-preview.js\n    at Object.getPackageJSONURL (node:internal/modules/package_json_reader:301:9)\n    at packageResolve (node:internal/modules/esm/resolve:768:81)\n    at moduleResolve (node:internal/modules/esm/resolve:859:18)\n    at defaultResolve (node:internal/modules/esm/resolve:991:11)\n    at #cachedDefaultResolve (node:internal/modules/esm/loader:713:20)\n    at #resolveAndMaybeBlockOnLoaderThread (node:internal/modules/esm/loader:730:38)\n    at ModuleLoader.resolveSync (node:internal/modules/esm/loader:759:52)\n    at #resolve (node:internal/modules/esm/loader:695:17)\n    at ModuleLoader.getOrCreateModuleJob (node:internal/modules/esm/loader:615:35)\n    at onImport.tracePromise.__proto__ (node:internal/modules/esm/loader:644:32)","msg":"url generation failed"}
{"level":40,"time":1779316698433,"pid":87216,"hostname":"Mac-mini-2.local","msgId":"3EB0F294A11515C66AEAF9","trace":"Error [ERR_MODULE_NOT_FOUND]: Cannot find package 'link-preview-js' imported from /Users/ktoclaw/.hermes/hermes-agent/scripts/whatsapp-bridge/node_modules/@whiskeysockets/baileys/lib/Utils/link-preview.js\n    at Object.getPackageJSONURL (node:internal/modules/package_json_reader:301:9)\n    at packageResolve (node:internal/modules/esm/resolve:768:81)\n    at moduleResolve (node:internal/modules/esm/resolve:859:18)\n    at defaultResolve (node:internal/modules/esm/resolve:991:11)\n    at #cachedDefaultResolve (node:internal/modules/esm/loader:713:20)\n    at #resolveAndMaybeBlockOnLoaderThread (node:internal/modules/esm/loader:730:38)\n    at ModuleLoader.resolveSync (node:internal/modules/esm/loader:759:52)\n    at #resolve (node:internal/modules/esm/loader:695:17)\n    at ModuleLoader.getOrCreateModuleJob (node:internal/modules/esm/loader:615:35)\n    at onImport.tracePromise.__proto__ (node:internal/modules/esm/loader:644:32)","msg":"url generation failed"}
{"level":40,"time":1779316702054,"pid":87216,"hostname":"Mac-mini-2.local","msgId":"3EB0F118767F13F6C2D0B7","trace":"Error [ERR_MODULE_NOT_FOUND]: Cannot find package 'link-preview-js' imported from /Users/ktoclaw/.hermes/hermes-agent/scripts/whatsapp-bridge/node_modules/@whiskeysockets/baileys/lib/Utils/link-preview.js\n    at Object.getPackageJSONURL (node:internal/modules/package_json_reader:301:9)\n    at packageResolve (node:internal/modules/esm/resolve:768:81)\n    at moduleResolve (node:internal/modules/esm/resolve:859:18)\n    at defaultResolve (node:internal/modules/esm/resolve:991:11)\n    at #cachedDefaultResolve (node:internal/modules/esm/loader:713:20)\n    at #resolveAndMaybeBlockOnLoaderThread (node:internal/modules/esm/loader:730:38)\n    at ModuleLoader.resolveSync (node:internal/modules/esm/loader:759:52)\n    at #resolve (node:internal/modules/esm/loader:695:17)\n    at ModuleLoader.getOrCreateModuleJob (node:internal/modules/esm/loader:615:35)\n    at onImport.tracePromise.__proto__ (node:internal/modules/esm/loader:644:32)","msg":"url generation failed"}
{"level":40,"time":1779316706897,"pid":87216,"hostname":"Mac-mini-2.local","msgId":"3EB07B9F8FFF324AD09CC4","trace":"Error [ERR_MODULE_NOT_FOUND]: Cannot find package 'link-preview-js' imported from /Users/ktoclaw/.hermes/hermes-agent/scripts/whatsapp-bridge/node_modules/@whiskeysockets/baileys/lib/Utils/link-preview.js\n    at Object.getPackageJSONURL (node:internal/modules/package_json_reader:301:9)\n    at packageResolve (node:internal/modules/esm/resolve:768:81)\n    at moduleResolve (node:internal/modules/esm/resolve:859:18)\n    at defaultResolve (node:internal/modules/esm/resolve:991:11)\n    at #cachedDefaultResolve (node:internal/modules/esm/loader:713:20)\n    at #resolveAndMaybeBlockOnLoaderThread (node:internal/modules/esm/loader:730:38)\n    at ModuleLoader.resolveSync (node:internal/modules/esm/loader:759:52)\n    at #resolve (node:internal/modules/esm/loader:695:17)\n    at ModuleLoader.getOrCreateModuleJob (node:internal/modules/esm/loader:615:35)\n    at onImport.tracePromise.__proto__ (node:internal/modules/esm/loader:644:32)","msg":"url generation failed"}
{"level":40,"time":1779316720475,"pid":87216,"hostname":"Mac-mini-2.local","msgId":"3EB0897521B6DCF3DD29F5","trace":"Error [ERR_MODULE_NOT_FOUND]: Cannot find package 'link-preview-js' imported from /Users/ktoclaw/.hermes/hermes-agent/scripts/whatsapp-bridge/node_modules/@whiskeysockets/baileys/lib/Utils/link-preview.js\n    at Object.getPackageJSONURL (node:internal/modules/package_json_reader:301:9)\n    at packageResolve (node:internal/modules/esm/resolve:768:81)\n    at moduleResolve (node:internal/modules/esm/resolve:859:18)\n    at defaultResolve (node:internal/modules/esm/resolve:991:11)\n    at #cachedDefaultResolve (node:internal/modules/esm/loader:713:20)\n    at #resolveAndMaybeBlockOnLoaderThread (node:internal/modules/esm/loader:730:38)\n    at ModuleLoader.resolveSync (node:internal/modules/esm/loader:759:52)\n    at #resolve (node:internal/modules/esm/loader:695:17)\n    at ModuleLoader.getOrCreateModuleJob (node:internal/modules/esm/loader:615:35)\n    at onImport.tracePromise.__proto__ (node:internal/modules/esm/loader:644:32)","msg":"url generation failed"}
{"level":40,"time":1779316734870,"pid":87216,"hostname":"Mac-mini-2.local","msgId":"3EB00AFF26A114DB778131","trace":"Error [ERR_MODULE_NOT_FOUND]: Cannot find package 'link-preview-js' imported from /Users/ktoclaw/.hermes/hermes-agent/scripts/whatsapp-bridge/node_modules/@whiskeysockets/baileys/lib/Utils/link-preview.js\n    at Object.getPackageJSONURL (node:internal/modules/package_json_reader:301:9)\n    at packageResolve (node:internal/modules/esm/resolve:768:81)\n    at moduleResolve (node:internal/modules/esm/resolve:859:18)\n    at defaultResolve (node:internal/modules/esm/resolve:991:11)\n    at #cachedDefaultResolve (node:internal/modules/esm/loader:713:20)\n    at #resolveAndMaybeBlockOnLoaderThread (node:internal/modules/esm/loader:730:38)\n    at ModuleLoader.resolveSync (node:internal/modules/esm/loader:759:52)\n    at #resolve (node:internal/modules/esm/loader:695:17)\n    at ModuleLoader.getOrCreateModuleJob (node:internal/modules/esm/loader:615:35)\n    at onImport.tracePromise.__proto__ (node:internal/modules/esm/loader:644:32)","msg":"url generation failed"}
{"level":40,"time":1779316740607,"pid":87216,"hostname":"Mac-mini-2.local","msgId":"3EB0E9D245623B2C905639","trace":"Error [ERR_MODULE_NOT_FOUND]: Cannot find package 'link-preview-js' imported from /Users/ktoclaw/.hermes/hermes-agent/scripts/whatsapp-bridge/node_modules/@whiskeysockets/baileys/lib/Utils/link-preview.js\n    at Object.getPackageJSONURL (node:internal/modules/package_json_reader:301:9)\n    at packageResolve (node:internal/modules/esm/resolve:768:81)\n    at moduleResolve (node:internal/modules/esm/resolve:859:18)\n    at defaultResolve (node:internal/modules/esm/resolve:991:11)\n    at #cachedDefaultResolve (node:internal/modules/esm/loader:713:20)\n    at #resolveAndMaybeBlockOnLoaderThread (node:internal/modules/esm/loader:730:38)\n    at ModuleLoader.resolveSync (node:internal/modules/esm/loader:759:52)\n    at #resolve (node:internal/modules/esm/loader:695:17)\n    at ModuleLoader.getOrCreateModuleJob (node:internal/modules/esm/loader:615:35)\n    at onImport.tracePromise.__proto__ (node:internal/modules/esm/loader:644:32)","msg":"url generation failed"}
{"level":40,"time":1779316752371,"pid":87216,"hostname":"Mac-mini-2.local","msgId":"3EB09FCB0FA3C1C939F144","trace":"Error [ERR_MODULE_NOT_FOUND]: Cannot find package 'link-preview-js' imported from /Users/ktoclaw/.hermes/hermes-agent/scripts/whatsapp-bridge/node_modules/@whiskeysockets/baileys/lib/Utils/link-preview.js\n    at Object.getPackageJSONURL (node:internal/modules/package_json_reader:301:9)\n    at packageResolve (node:internal/modules/esm/resolve:768:81)\n    at moduleResolve (node:internal/modules/esm/resolve:859:18)\n    at defaultResolve (node:internal/modules/esm/resolve:991:11)\n    at #cachedDefaultResolve (node:internal/modules/esm/loader:713:20)\n    at #resolveAndMaybeBlockOnLoaderThread (node:internal/modules/esm/loader:730:38)\n    at ModuleLoader.resolveSync (node:internal/modules/esm/loader:759:52)\n    at #resolve (node:internal/modules/esm/loader:695:17)\n    at ModuleLoader.getOrCreateModuleJob (node:internal/modules/esm/loader:615:35)\n    at onImport.tracePromise.__proto__ (node:internal/modules/esm/loader:644:32)","msg":"url generation failed"}
{"level":40,"time":1779317377746,"pid":87216,"hostname":"Mac-mini-2.local","msgId":"3EB00E03199554662D2756","trace":"Error [ERR_MODULE_NOT_FOUND]: Cannot find package 'link-preview-js' imported from /Users/ktoclaw/.hermes/hermes-agent/scripts/whatsapp-bridge/node_modules/@whiskeysockets/baileys/lib/Utils/link-preview.js\n    at Object.getPackageJSONURL (node:internal/modules/package_json_reader:301:9)\n    at packageResolve (node:internal/modules/esm/resolve:768:81)\n    at moduleResolve (node:internal/modules/esm/resolve:859:18)\n    at defaultResolve (node:internal/modules/esm/resolve:991:11)\n    at #cachedDefaultResolve (node:internal/modules/esm/loader:713:20)\n    at #resolveAndMaybeBlockOnLoaderThread (node:internal/modules/esm/loader:730:38)\n    at ModuleLoader.resolveSync (node:internal/modules/esm/loader:759:52)\n    at #resolve (node:internal/modules/esm/loader:695:17)\n    at ModuleLoader.getOrCreateModuleJob (node:internal/modules/esm/loader:615:35)\n    at onImport.tracePromise.__proto__ (node:internal/modules/esm/loader:644:32)","msg":"url generation failed"}
{"level":40,"time":1779324984492,"pid":87216,"hostname":"Mac-mini-2.local","msgId":"3EB0C8A56CF53F70A9C9D9","trace":"Error [ERR_MODULE_NOT_FOUND]: Cannot find package 'link-preview-js' imported from /Users/ktoclaw/.hermes/hermes-agent/scripts/whatsapp-bridge/node_modules/@whiskeysockets/baileys/lib/Utils/link-preview.js\n    at Object.getPackageJSONURL (node:internal/modules/package_json_reader:301:9)\n    at packageResolve (node:internal/modules/esm/resolve:768:81)\n    at moduleResolve (node:internal/modules/esm/resolve:859:18)\n    at defaultResolve (node:internal/modules/esm/resolve:991:11)\n    at #cachedDefaultResolve (node:internal/modules/esm/loader:713:20)\n    at #resolveAndMaybeBlockOnLoaderThread (node:internal/modules/esm/loader:730:38)\n    at ModuleLoader.resolveSync (node:internal/modules/esm/loader:759:52)\n    at #resolve (node:internal/modules/esm/loader:695:17)\n    at ModuleLoader.getOrCreateModuleJob (node:internal/modules/esm/loader:615:35)\n    at onImport.tracePromise.__proto__ (node:internal/modules/esm/loader:644:32)","msg":"url generation failed"}
{"level":40,"time":1779324986016,"pid":87216,"hostname":"Mac-mini-2.local","msgId":"3EB0096EDD323D4C9D1321","trace":"Error [ERR_MODULE_NOT_FOUND]: Cannot find package 'link-preview-js' imported from /Users/ktoclaw/.hermes/hermes-agent/scripts/whatsapp-bridge/node_modules/@whiskeysockets/baileys/lib/Utils/link-preview.js\n    at Object.getPackageJSONURL (node:internal/modules/package_json_reader:301:9)\n    at packageResolve (node:internal/modules/esm/resolve:768:81)\n    at moduleResolve (node:internal/modules/esm/resolve:859:18)\n    at defaultResolve (node:internal/modules/esm/resolve:991:11)\n    at #cachedDefaultResolve (node:internal/modules/esm/loader:713:20)\n    at #resolveAndMaybeBlockOnLoaderThread (node:internal/modules/esm/loader:730:38)\n    at ModuleLoader.resolveSync (node:internal/modules/esm/loader:759:52)\n    at #resolve (node:internal/modules/esm/loader:695:17)\n    at ModuleLoader.getOrCreateModuleJob (node:internal/modules/esm/loader:615:35)\n    at onImport.tracePromise.__proto__ (node:internal/modules/esm/loader:644:32)","msg":"url generation failed"}
{"level":40,"time":1779324996586,"pid":87216,"hostname":"Mac-mini-2.local","msgId":"3EB0708EE9B13DB83250E7","trace":"Error [ERR_MODULE_NOT_FOUND]: Cannot find package 'link-preview-js' imported from /Users/ktoclaw/.hermes/hermes-agent/scripts/whatsapp-bridge/node_modules/@whiskeysockets/baileys/lib/Utils/link-preview.js\n    at Object.getPackageJSONURL (node:internal/modules/package_json_reader:301:9)\n    at packageResolve (node:internal/modules/esm/resolve:768:81)\n    at moduleResolve (node:internal/modules/esm/resolve:859:18)\n    at defaultResolve (node:internal/modules/esm/resolve:991:11)\n    at #cachedDefaultResolve (node:internal/modules/esm/loader:713:20)\n    at #resolveAndMaybeBlockOnLoaderThread (node:internal/modules/esm/loader:730:38)\n    at ModuleLoader.resolveSync (node:internal/modules/esm/loader:759:52)\n    at #resolve (node:internal/modules/esm/loader:695:17)\n    at ModuleLoader.getOrCreateModuleJob (node:internal/modules/esm/loader:615:35)\n    at onImport.tracePromise.__proto__ (node:internal/modules/esm/loader:644:32)","msg":"url generation failed"}
{"level":40,"time":1779325005038,"pid":87216,"hostname":"Mac-mini-2.local","msgId":"3EB0F6AD598344A005D060","trace":"Error [ERR_MODULE_NOT_FOUND]: Cannot find package 'link-preview-js' imported from /Users/ktoclaw/.hermes/hermes-agent/scripts/whatsapp-bridge/node_modules/@whiskeysockets/baileys/lib/Utils/link-preview.js\n    at Object.getPackageJSONURL (node:internal/modules/package_json_reader:301:9)\n    at packageResolve (node:internal/modules/esm/resolve:768:81)\n    at moduleResolve (node:internal/modules/esm/resolve:859:18)\n    at defaultResolve (node:internal/modules/esm/resolve:991:11)\n    at #cachedDefaultResolve (node:internal/modules/esm/loader:713:20)\n    at #resolveAndMaybeBlockOnLoaderThread (node:internal/modules/esm/loader:730:38)\n    at ModuleLoader.resolveSync (node:internal/modules/esm/loader:759:52)\n    at #resolve (node:internal/modules/esm/loader:695:17)\n    at ModuleLoader.getOrCreateModuleJob (node:internal/modules/esm/loader:615:35)\n    at onImport.tracePromise.__proto__ (node:internal/modules/esm/loader:644:32)","msg":"url generation failed"}
{"level":40,"time":1779325006862,"pid":87216,"hostname":"Mac-mini-2.local","msgId":"3EB082FB4D731E0E876CFF","trace":"Error [ERR_MODULE_NOT_FOUND]: Cannot find package 'link-preview-js' imported from /Users/ktoclaw/.hermes/hermes-agent/scripts/whatsapp-bridge/node_modules/@whiskeysockets/baileys/lib/Utils/link-preview.js\n    at Object.getPackageJSONURL (node:internal/modules/package_json_reader:301:9)\n    at packageResolve (node:internal/modules/esm/resolve:768:81)\n    at moduleResolve (node:internal/modules/esm/resolve:859:18)\n    at defaultResolve (node:internal/modules/esm/resolve:991:11)\n    at #cachedDefaultResolve (node:internal/modules/esm/loader:713:20)\n    at #resolveAndMaybeBlockOnLoaderThread (node:internal/modules/esm/loader:730:38)\n    at ModuleLoader.resolveSync (node:internal/modules/esm/loader:759:52)\n    at #resolve (node:internal/modules/esm/loader:695:17)\n    at ModuleLoader.getOrCreateModuleJob (node:internal/modules/esm/loader:615:35)\n    at onImport.tracePromise.__proto__ (node:internal/modules/esm/loader:644:32)","msg":"url generation failed"}
{"level":40,"time":1779325013810,"pid":87216,"hostname":"Mac-mini-2.local","msgId":"3EB079141823BBD7B33C07","trace":"Error [ERR_MODULE_NOT_FOUND]: Cannot find package 'link-preview-js' imported from /Users/ktoclaw/.hermes/hermes-agent/scripts/whatsapp-bridge/node_modules/@whiskeysockets/baileys/lib/Utils/link-preview.js\n    at Object.getPackageJSONURL (node:internal/modules/package_json_reader:301:9)\n    at packageResolve (node:internal/modules/esm/resolve:768:81)\n    at moduleResolve (node:internal/modules/esm/resolve:859:18)\n    at defaultResolve (node:internal/modules/esm/resolve:991:11)\n    at #cachedDefaultResolve (node:internal/modules/esm/loader:713:20)\n    at #resolveAndMaybeBlockOnLoaderThread (node:internal/modules/esm/loader:730:38)\n    at ModuleLoader.resolveSync (node:internal/modules/esm/loader:759:52)\n    at #resolve (node:internal/modules/esm/loader:695:17)\n    at ModuleLoader.getOrCreateModuleJob (node:internal/modules/esm/loader:615:35)\n    at onImport.tracePromise.__proto__ (node:internal/modules/esm/loader:644:32)","msg":"url generation failed"}
{"level":40,"time":1779325015334,"pid":87216,"hostname":"Mac-mini-2.local","msgId":"3EB0B2DDF3DB86F228D908","trace":"Error [ERR_MODULE_NOT_FOUND]: Cannot find package 'link-preview-js' imported from /Users/ktoclaw/.hermes/hermes-agent/scripts/whatsapp-bridge/node_modules/@whiskeysockets/baileys/lib/Utils/link-preview.js\n    at Object.getPackageJSONURL (node:internal/modules/package_json_reader:301:9)\n    at packageResolve (node:internal/modules/esm/resolve:768:81)\n    at moduleResolve (node:internal/modules/esm/resolve:859:18)\n    at defaultResolve (node:internal/modules/esm/resolve:991:11)\n    at #cachedDefaultResolve (node:internal/modules/esm/loader:713:20)\n    at #resolveAndMaybeBlockOnLoaderThread (node:internal/modules/esm/loader:730:38)\n    at ModuleLoader.resolveSync (node:internal/modules/esm/loader:759:52)\n    at #resolve (node:internal/modules/esm/loader:695:17)\n    at ModuleLoader.getOrCreateModuleJob (node:internal/modules/esm/loader:615:35)\n    at onImport.tracePromise.__proto__ (node:internal/modules/esm/loader:644:32)","msg":"url generation failed"}
{"level":40,"time":1779325020772,"pid":87216,"hostname":"Mac-mini-2.local","msgId":"3EB0480D03C4C8E75F330A","trace":"Error [ERR_MODULE_NOT_FOUND]: Cannot find package 'link-preview-js' imported from /Users/ktoclaw/.hermes/hermes-agent/scripts/whatsapp-bridge/node_modules/@whiskeysockets/baileys/lib/Utils/link-preview.js\n    at Object.getPackageJSONURL (node:internal/modules/package_json_reader:301:9)\n    at packageResolve (node:internal/modules/esm/resolve:768:81)\n    at moduleResolve (node:internal/modules/esm/resolve:859:18)\n    at defaultResolve (node:internal/modules/esm/resolve:991:11)\n    at #cachedDefaultResolve (node:internal/modules/esm/loader:713:20)\n    at #resolveAndMaybeBlockOnLoaderThread (node:internal/modules/esm/loader:730:38)\n    at ModuleLoader.resolveSync (node:internal/modules/esm/loader:759:52)\n    at #resolve (node:internal/modules/esm/loader:695:17)\n    at ModuleLoader.getOrCreateModuleJob (node:internal/modules/esm/loader:615:35)\n    at onImport.tracePromise.__proto__ (node:internal/modules/esm/loader:644:32)","msg":"url generation failed"}
{"level":40,"time":1779327768933,"pid":87216,"hostname":"Mac-mini-2.local","msgId":"3EB071BC6C348C01E1C2E4","trace":"Error [ERR_MODULE_NOT_FOUND]: Cannot find package 'link-preview-js' imported from /Users/ktoclaw/.hermes/hermes-agent/scripts/whatsapp-bridge/node_modules/@whiskeysockets/baileys/lib/Utils/link-preview.js\n    at Object.getPackageJSONURL (node:internal/modules/package_json_reader:301:9)\n    at packageResolve (node:internal/modules/esm/resolve:768:81)\n    at moduleResolve (node:internal/modules/esm/resolve:859:18)\n    at defaultResolve (node:internal/modules/esm/resolve:991:11)\n    at #cachedDefaultResolve (node:internal/modules/esm/loader:713:20)\n    at #resolveAndMaybeBlockOnLoaderThread (node:internal/modules/esm/loader:730:38)\n    at ModuleLoader.resolveSync (node:internal/modules/esm/loader:759:52)\n    at #resolve (node:internal/modules/esm/loader:695:17)\n    at ModuleLoader.getOrCreateModuleJob (node:internal/modules/esm/loader:615:35)\n    at onImport.tracePromise.__proto__ (node:internal/modules/esm/loader:644:32)","msg":"url generation failed"}
{"level":40,"time":1779327781916,"pid":87216,"hostname":"Mac-mini-2.local","msgId":"3EB0E82573301DDBF279CA","trace":"Error [ERR_MODULE_NOT_FOUND]: Cannot find package 'link-preview-js' imported from /Users/ktoclaw/.hermes/hermes-agent/scripts/whatsapp-bridge/node_modules/@whiskeysockets/baileys/lib/Utils/link-preview.js\n    at Object.getPackageJSONURL (node:internal/modules/package_json_reader:301:9)\n    at packageResolve (node:internal/modules/esm/resolve:768:81)\n    at moduleResolve (node:internal/modules/esm/resolve:859:18)\n    at defaultResolve (node:internal/modules/esm/resolve:991:11)\n    at #cachedDefaultResolve (node:internal/modules/esm/loader:713:20)\n    at #resolveAndMaybeBlockOnLoaderThread (node:internal/modules/esm/loader:730:38)\n    at ModuleLoader.resolveSync (node:internal/modules/esm/loader:759:52)\n    at #resolve (node:internal/modules/esm/loader:695:17)\n    at ModuleLoader.getOrCreateModuleJob (node:internal/modules/esm/loader:615:35)\n    at onImport.tracePromise.__proto__ (node:internal/modules/esm/loader:644:32)","msg":"url generation failed"}
{"level":40,"time":1779327786749,"pid":87216,"hostname":"Mac-mini-2.local","msgId":"3EB05B82046E3E674CBA66","trace":"Error [ERR_MODULE_NOT_FOUND]: Cannot find package 'link-preview-js' imported from /Users/ktoclaw/.hermes/hermes-agent/scripts/whatsapp-bridge/node_modules/@whiskeysockets/baileys/lib/Utils/link-preview.js\n    at Object.getPackageJSONURL (node:internal/modules/package_json_reader:301:9)\n    at packageResolve (node:internal/modules/esm/resolve:768:81)\n    at moduleResolve (node:internal/modules/esm/resolve:859:18)\n    at defaultResolve (node:internal/modules/esm/resolve:991:11)\n    at #cachedDefaultResolve (node:internal/modules/esm/loader:713:20)\n    at #resolveAndMaybeBlockOnLoaderThread (node:internal/modules/esm/loader:730:38)\n    at ModuleLoader.resolveSync (node:internal/modules/esm/loader:759:52)\n    at #resolve (node:internal/modules/esm/loader:695:17)\n    at ModuleLoader.getOrCreateModuleJob (node:internal/modules/esm/loader:615:35)\n    at onImport.tracePromise.__proto__ (node:internal/modules/esm/loader:644:32)","msg":"url generation failed"}
{"level":40,"time":1779327836078,"pid":87216,"hostname":"Mac-mini-2.local","msgId":"3EB0FC9803419BF34D374D","trace":"Error [ERR_MODULE_NOT_FOUND]: Cannot find package 'link-preview-js' imported from /Users/ktoclaw/.hermes/hermes-agent/scripts/whatsapp-bridge/node_modules/@whiskeysockets/baileys/lib/Utils/link-preview.js\n    at Object.getPackageJSONURL (node:internal/modules/package_json_reader:301:9)\n    at packageResolve (node:internal/modules/esm/resolve:768:81)\n    at moduleResolve (node:internal/modules/esm/resolve:859:18)\n    at defaultResolve (node:internal/modules/esm/resolve:991:11)\n    at #cachedDefaultResolve (node:internal/modules/esm/loader:713:20)\n    at #resolveAndMaybeBlockOnLoaderThread (node:internal/modules/esm/loader:730:38)\n    at ModuleLoader.resolveSync (node:internal/modules/esm/loader:759:52)\n    at #resolve (node:internal/modules/esm/loader:695:17)\n    at ModuleLoader.getOrCreateModuleJob (node:internal/modules/esm/loader:615:35)\n    at onImport.tracePromise.__proto__ (node:internal/modules/esm/loader:644:32)","msg":"url generation failed"}
{"level":40,"time":1779327856000,"pid":87216,"hostname":"Mac-mini-2.local","msgId":"3EB0FB2186CA840F91A6EF","trace":"Error [ERR_MODULE_NOT_FOUND]: Cannot find package 'link-preview-js' imported from /Users/ktoclaw/.hermes/hermes-agent/scripts/whatsapp-bridge/node_modules/@whiskeysockets/baileys/lib/Utils/link-preview.js\n    at Object.getPackageJSONURL (node:internal/modules/package_json_reader:301:9)\n    at packageResolve (node:internal/modules/esm/resolve:768:81)\n    at moduleResolve (node:internal/modules/esm/resolve:859:18)\n    at defaultResolve (node:internal/modules/esm/resolve:991:11)\n    at #cachedDefaultResolve (node:internal/modules/esm/loader:713:20)\n    at #resolveAndMaybeBlockOnLoaderThread (node:internal/modules/esm/loader:730:38)\n    at ModuleLoader.resolveSync (node:internal/modules/esm/loader:759:52)\n    at #resolve (node:internal/modules/esm/loader:695:17)\n    at ModuleLoader.getOrCreateModuleJob (node:internal/modules/esm/loader:615:35)\n    at onImport.tracePromise.__proto__ (node:internal/modules/esm/loader:644:32)","msg":"url generation failed"}
{"level":40,"time":1779327868376,"pid":87216,"hostname":"Mac-mini-2.local","msgId":"3EB03E4BA141DA3736C041","trace":"Error [ERR_MODULE_NOT_FOUND]: Cannot find package 'link-preview-js' imported from /Users/ktoclaw/.hermes/hermes-agent/scripts/whatsapp-bridge/node_modules/@whiskeysockets/baileys/lib/Utils/link-preview.js\n    at Object.getPackageJSONURL (node:internal/modules/package_json_reader:301:9)\n    at packageResolve (node:internal/modules/esm/resolve:768:81)\n    at moduleResolve (node:internal/modules/esm/resolve:859:18)\n    at defaultResolve (node:internal/modules/esm/resolve:991:11)\n    at #cachedDefaultResolve (node:internal/modules/esm/loader:713:20)\n    at #resolveAndMaybeBlockOnLoaderThread (node:internal/modules/esm/loader:730:38)\n    at ModuleLoader.resolveSync (node:internal/modules/esm/loader:759:52)\n    at #resolve (node:internal/modules/esm/loader:695:17)\n    at ModuleLoader.getOrCreateModuleJob (node:internal/modules/esm/loader:615:35)\n    at onImport.tracePromise.__proto__ (node:internal/modules/esm/loader:644:32)","msg":"url generation failed"}
{"level":40,"time":1779327869893,"pid":87216,"hostname":"Mac-mini-2.local","msgId":"3EB0E6CA6C947D1200C742","trace":"Error [ERR_MODULE_NOT_FOUND]: Cannot find package 'link-preview-js' imported from /Users/ktoclaw/.hermes/hermes-agent/scripts/whatsapp-bridge/node_modules/@whiskeysockets/baileys/lib/Utils/link-preview.js\n    at Object.getPackageJSONURL (node:internal/modules/package_json_reader:301:9)\n    at packageResolve (node:internal/modules/esm/resolve:768:81)\n    at moduleResolve (node:internal/modules/esm/resolve:859:18)\n    at defaultResolve (node:internal/modules/esm/resolve:991:11)\n    at #cachedDefaultResolve (node:internal/modules/esm/loader:713:20)\n    at #resolveAndMaybeBlockOnLoaderThread (node:internal/modules/esm/loader:730:38)\n    at ModuleLoader.resolveSync (node:internal/modules/esm/loader:759:52)\n    at #resolve (node:internal/modules/esm/loader:695:17)\n    at ModuleLoader.getOrCreateModuleJob (node:internal/modules/esm/loader:615:35)\n    at onImport.tracePromise.__proto__ (node:internal/modules/esm/loader:644:32)","msg":"url generation failed"}
{"level":40,"time":1779327905287,"pid":87216,"hostname":"Mac-mini-2.local","msgId":"3EB04E8C66F3AD0D1E4691","trace":"Error [ERR_MODULE_NOT_FOUND]: Cannot find package 'link-preview-js' imported from /Users/ktoclaw/.hermes/hermes-agent/scripts/whatsapp-bridge/node_modules/@whiskeysockets/baileys/lib/Utils/link-preview.js\n    at Object.getPackageJSONURL (node:internal/modules/package_json_reader:301:9)\n    at packageResolve (node:internal/modules/esm/resolve:768:81)\n    at moduleResolve (node:internal/modules/esm/resolve:859:18)\n    at defaultResolve (node:internal/modules/esm/resolve:991:11)\n    at #cachedDefaultResolve (node:internal/modules/esm/loader:713:20)\n    at #resolveAndMaybeBlockOnLoaderThread (node:internal/modules/esm/loader:730:38)\n    at ModuleLoader.resolveSync (node:internal/modules/esm/loader:759:52)\n    at #resolve (node:internal/modules/esm/loader:695:17)\n    at ModuleLoader.getOrCreateModuleJob (node:internal/modules/esm/loader:615:35)\n    at onImport.tracePromise.__proto__ (node:internal/modules/esm/loader:644:32)","msg":"url generation failed"}
{"level":40,"time":1779327958377,"pid":87216,"hostname":"Mac-mini-2.local","msgId":"3EB0F49D067E909CBDACDF","trace":"Error [ERR_MODULE_NOT_FOUND]: Cannot find package 'link-preview-js' imported from /Users/ktoclaw/.hermes/hermes-agent/scripts/whatsapp-bridge/node_modules/@whiskeysockets/baileys/lib/Utils/link-preview.js\n    at Object.getPackageJSONURL (node:internal/modules/package_json_reader:301:9)\n    at packageResolve (node:internal/modules/esm/resolve:768:81)\n    at moduleResolve (node:internal/modules/esm/resolve:859:18)\n    at defaultResolve (node:internal/modules/esm/resolve:991:11)\n    at #cachedDefaultResolve (node:internal/modules/esm/loader:713:20)\n    at #resolveAndMaybeBlockOnLoaderThread (node:internal/modules/esm/loader:730:38)\n    at ModuleLoader.resolveSync (node:internal/modules/esm/loader:759:52)\n    at #resolve (node:internal/modules/esm/loader:695:17)\n    at ModuleLoader.getOrCreateModuleJob (node:internal/modules/esm/loader:615:35)\n    at onImport.tracePromise.__proto__ (node:internal/modules/esm/loader:644:32)","msg":"url generation failed"}
{"level":40,"time":1779327967150,"pid":87216,"hostname":"Mac-mini-2.local","msgId":"3EB04217DD0AD63A4F4766","trace":"Error [ERR_MODULE_NOT_FOUND]: Cannot find package 'link-preview-js' imported from /Users/ktoclaw/.hermes/hermes-agent/scripts/whatsapp-bridge/node_modules/@whiskeysockets/baileys/lib/Utils/link-preview.js\n    at Object.getPackageJSONURL (node:internal/modules/package_json_reader:301:9)\n    at packageResolve (node:internal/modules/esm/resolve:768:81)\n    at moduleResolve (node:internal/modules/esm/resolve:859:18)\n    at defaultResolve (node:internal/modules/esm/resolve:991:11)\n    at #cachedDefaultResolve (node:internal/modules/esm/loader:713:20)\n    at #resolveAndMaybeBlockOnLoaderThread (node:internal/modules/esm/loader:730:38)\n    at ModuleLoader.resolveSync (node:internal/modules/esm/loader:759:52)\n    at #resolve (node:internal/modules/esm/loader:695:17)\n    at ModuleLoader.getOrCreateModuleJob (node:internal/modules/esm/loader:615:35)\n    at onImport.tracePromise.__proto__ (node:internal/modules/esm/loader:644:32)","msg":"url generation failed"}
{"level":40,"time":1779327973490,"pid":87216,"hostname":"Mac-mini-2.local","msgId":"3EB0F47C1D4DF8FDA0ACAD","trace":"Error [ERR_MODULE_NOT_FOUND]: Cannot find package 'link-preview-js' imported from /Users/ktoclaw/.hermes/hermes-agent/scripts/whatsapp-bridge/node_modules/@whiskeysockets/baileys/lib/Utils/link-preview.js\n    at Object.getPackageJSONURL (node:internal/modules/package_json_reader:301:9)\n    at packageResolve (node:internal/modules/esm/resolve:768:81)\n    at moduleResolve (node:internal/modules/esm/resolve:859:18)\n    at defaultResolve (node:internal/modules/esm/resolve:991:11)\n    at #cachedDefaultResolve (node:internal/modules/esm/loader:713:20)\n    at #resolveAndMaybeBlockOnLoaderThread (node:internal/modules/esm/loader:730:38)\n    at ModuleLoader.resolveSync (node:internal/modules/esm/loader:759:52)\n    at #resolve (node:internal/modules/esm/loader:695:17)\n    at ModuleLoader.getOrCreateModuleJob (node:internal/modules/esm/loader:615:35)\n    at onImport.tracePromise.__proto__ (node:internal/modules/esm/loader:644:32)","msg":"url generation failed"}
{"level":40,"time":1779327979834,"pid":87216,"hostname":"Mac-mini-2.local","msgId":"3EB0186124F24290FA4441","trace":"Error [ERR_MODULE_NOT_FOUND]: Cannot find package 'link-preview-js' imported from /Users/ktoclaw/.hermes/hermes-agent/scripts/whatsapp-bridge/node_modules/@whiskeysockets/baileys/lib/Utils/link-preview.js\n    at Object.getPackageJSONURL (node:internal/modules/package_json_reader:301:9)\n    at packageResolve (node:internal/modules/esm/resolve:768:81)\n    at moduleResolve (node:internal/modules/esm/resolve:859:18)\n    at defaultResolve (node:internal/modules/esm/resolve:991:11)\n    at #cachedDefaultResolve (node:internal/modules/esm/loader:713:20)\n    at #resolveAndMaybeBlockOnLoaderThread (node:internal/modules/esm/loader:730:38)\n    at ModuleLoader.resolveSync (node:internal/modules/esm/loader:759:52)\n    at #resolve (node:internal/modules/esm/loader:695:17)\n    at ModuleLoader.getOrCreateModuleJob (node:internal/modules/esm/loader:615:35)\n    at onImport.tracePromise.__proto__ (node:internal/modules/esm/loader:644:32)","msg":"url generation failed"}
{"level":40,"time":1779328016036,"pid":87216,"hostname":"Mac-mini-2.local","msgId":"3EB092CD7E1D1C091001D5","trace":"Error [ERR_MODULE_NOT_FOUND]: Cannot find package 'link-preview-js' imported from /Users/ktoclaw/.hermes/hermes-agent/scripts/whatsapp-bridge/node_modules/@whiskeysockets/baileys/lib/Utils/link-preview.js\n    at Object.getPackageJSONURL (node:internal/modules/package_json_reader:301:9)\n    at packageResolve (node:internal/modules/esm/resolve:768:81)\n    at moduleResolve (node:internal/modules/esm/resolve:859:18)\n    at defaultResolve (node:internal/modules/esm/resolve:991:11)\n    at #cachedDefaultResolve (node:internal/modules/esm/loader:713:20)\n    at #resolveAndMaybeBlockOnLoaderThread (node:internal/modules/esm/loader:730:38)\n    at ModuleLoader.resolveSync (node:internal/modules/esm/loader:759:52)\n    at #resolve (node:internal/modules/esm/loader:695:17)\n    at ModuleLoader.getOrCreateModuleJob (node:internal/modules/esm/loader:615:35)\n    at onImport.tracePromise.__proto__ (node:internal/modules/esm/loader:644:32)","msg":"url generation failed"}
{"level":40,"time":1779328022675,"pid":87216,"hostname":"Mac-mini-2.local","msgId":"3EB085DE2511B251542E6F","trace":"Error [ERR_MODULE_NOT_FOUND]: Cannot find package 'link-preview-js' imported from /Users/ktoclaw/.hermes/hermes-agent/scripts/whatsapp-bridge/node_modules/@whiskeysockets/baileys/lib/Utils/link-preview.js\n    at Object.getPackageJSONURL (node:internal/modules/package_json_reader:301:9)\n    at packageResolve (node:internal/modules/esm/resolve:768:81)\n    at moduleResolve (node:internal/modules/esm/resolve:859:18)\n    at defaultResolve (node:internal/modules/esm/resolve:991:11)\n    at #cachedDefaultResolve (node:internal/modules/esm/loader:713:20)\n    at #resolveAndMaybeBlockOnLoaderThread (node:internal/modules/esm/loader:730:38)\n    at ModuleLoader.resolveSync (node:internal/modules/esm/loader:759:52)\n    at #resolve (node:internal/modules/esm/loader:695:17)\n    at ModuleLoader.getOrCreateModuleJob (node:internal/modules/esm/loader:615:35)\n    at onImport.tracePromise.__proto__ (node:internal/modules/esm/loader:644:32)","msg":"url generation failed"}
{"level":40,"time":1779328029923,"pid":87216,"hostname":"Mac-mini-2.local","msgId":"3EB0B6CC314E0F2D0FFC60","trace":"Error [ERR_MODULE_NOT_FOUND]: Cannot find package 'link-preview-js' imported from /Users/ktoclaw/.hermes/hermes-agent/scripts/whatsapp-bridge/node_modules/@whiskeysockets/baileys/lib/Utils/link-preview.js\n    at Object.getPackageJSONURL (node:internal/modules/package_json_reader:301:9)\n    at packageResolve (node:internal/modules/esm/resolve:768:81)\n    at moduleResolve (node:internal/modules/esm/resolve:859:18)\n    at defaultResolve (node:internal/modules/esm/resolve:991:11)\n    at #cachedDefaultResolve (node:internal/modules/esm/loader:713:20)\n    at #resolveAndMaybeBlockOnLoaderThread (node:internal/modules/esm/loader:730:38)\n    at ModuleLoader.resolveSync (node:internal/modules/esm/loader:759:52)\n    at #resolve (node:internal/modules/esm/loader:695:17)\n    at ModuleLoader.getOrCreateModuleJob (node:internal/modules/esm/loader:615:35)\n    at onImport.tracePromise.__proto__ (node:internal/modules/esm/loader:644:32)","msg":"url generation failed"}
{"level":40,"time":1779328036860,"pid":87216,"hostname":"Mac-mini-2.local","msgId":"3EB01C463691C5D7CC7406","trace":"Error [ERR_MODULE_NOT_FOUND]: Cannot find package 'link-preview-js' imported from /Users/ktoclaw/.hermes/hermes-agent/scripts/whatsapp-bridge/node_modules/@whiskeysockets/baileys/lib/Utils/link-preview.js\n    at Object.getPackageJSONURL (node:internal/modules/package_json_reader:301:9)\n    at packageResolve (node:internal/modules/esm/resolve:768:81)\n    at moduleResolve (node:internal/modules/esm/resolve:859:18)\n    at defaultResolve (node:internal/modules/esm/resolve:991:11)\n    at #cachedDefaultResolve (node:internal/modules/esm/loader:713:20)\n    at #resolveAndMaybeBlockOnLoaderThread (node:internal/modules/esm/loader:730:38)\n    at ModuleLoader.resolveSync (node:internal/modules/esm/loader:759:52)\n    at #resolve (node:internal/modules/esm/loader:695:17)\n    at ModuleLoader.getOrCreateModuleJob (node:internal/modules/esm/loader:615:35)\n    at onImport.tracePromise.__proto__ (node:internal/modules/esm/loader:644:32)","msg":"url generation failed"}
{"level":40,"time":1779328673145,"pid":87216,"hostname":"Mac-mini-2.local","msgId":"3EB096D5090D315DD21074","trace":"Error [ERR_MODULE_NOT_FOUND]: Cannot find package 'link-preview-js' imported from /Users/ktoclaw/.hermes/hermes-agent/scripts/whatsapp-bridge/node_modules/@whiskeysockets/baileys/lib/Utils/link-preview.js\n    at Object.getPackageJSONURL (node:internal/modules/package_json_reader:301:9)\n    at packageResolve (node:internal/modules/esm/resolve:768:81)\n    at moduleResolve (node:internal/modules/esm/resolve:859:18)\n    at defaultResolve (node:internal/modules/esm/resolve:991:11)\n    at #cachedDefaultResolve (node:internal/modules/esm/loader:713:20)\n    at #resolveAndMaybeBlockOnLoaderThread (node:internal/modules/esm/loader:730:38)\n    at ModuleLoader.resolveSync (node:internal/modules/esm/loader:759:52)\n    at #resolve (node:internal/modules/esm/loader:695:17)\n    at ModuleLoader.getOrCreateModuleJob (node:internal/modules/esm/loader:615:35)\n    at onImport.tracePromise.__proto__ (node:internal/modules/esm/loader:644:32)","msg":"url generation failed"}
{"level":40,"time":1779328680441,"pid":87216,"hostname":"Mac-mini-2.local","msgId":"3EB00AA04C0CBBEDFFD4B5","trace":"Error [ERR_MODULE_NOT_FOUND]: Cannot find package 'link-preview-js' imported from /Users/ktoclaw/.hermes/hermes-agent/scripts/whatsapp-bridge/node_modules/@whiskeysockets/baileys/lib/Utils/link-preview.js\n    at Object.getPackageJSONURL (node:internal/modules/package_json_reader:301:9)\n    at packageResolve (node:internal/modules/esm/resolve:768:81)\n    at moduleResolve (node:internal/modules/esm/resolve:859:18)\n    at defaultResolve (node:internal/modules/esm/resolve:991:11)\n    at #cachedDefaultResolve (node:internal/modules/esm/loader:713:20)\n    at #resolveAndMaybeBlockOnLoaderThread (node:internal/modules/esm/loader:730:38)\n    at ModuleLoader.resolveSync (node:internal/modules/esm/loader:759:52)\n    at #resolve (node:internal/modules/esm/loader:695:17)\n    at ModuleLoader.getOrCreateModuleJob (node:internal/modules/esm/loader:615:35)\n    at onImport.tracePromise.__proto__ (node:internal/modules/esm/loader:644:32)","msg":"url generation failed"}
{"level":40,"time":1779332028902,"pid":87216,"hostname":"Mac-mini-2.local","msgId":"62657.2121-681","msg":"timed out waiting for message"}
Closing session: SessionEntry {
  _chains: {
    Ba1iZHqFDYTt1Df4NwZPmGLO6lxcCoRPxYmx6fCcwmFr: { chainKey: [Object], chainType: 2, messageKeys: {} },
    'BQ1zT0oVxBymUO+2vmNMzc86Cew4tL3+hrabmdZ1H/k3': { chainKey: [Object], chainType: 2, messageKeys: {} },
    'BcAD5WGWDbFBriR26/xoYAIld6heuvCp5WRgQUjDrNdn': { chainKey: [Object], chainType: 2, messageKeys: {} },
    'Bb9ueP+lqpRoIaK78pfItFt7WFZ0iyRpc4ryR4MycZwA': { chainKey: [Object], chainType: 2, messageKeys: {} },
    'Bf3EE+UeDR5BOLgpptwYoIEPUwOCvs4vou4KMI4/+fBN': { chainKey: [Object], chainType: 2, messageKeys: {} },
    'BS1xqTqSvlozaIb4QpPDsO9ympQkL6G3+7xPIyo5fPJg': { chainKey: [Object], chainType: 2, messageKeys: {} },
    'BSO5yKRRztnkR6/tUYvO5TqeMfYwxYE7yd/VAoOkq+9Z': { chainKey: [Object], chainType: 2, messageKeys: {} },
    'Be8lrVaN6O+bKEIr4TtFPNAAEzCB6GRGenZ1uOkeGZht': { chainKey: [Object], chainType: 2, messageKeys: {} },
    'BYFYxfH/ankUaBOFKPaaRno0E8ST/kigwe3VcX+7pLBL': { chainKey: [Object], chainType: 2, messageKeys: {} },
    BW1gKmwQfJO0j3hpHZnegwMsMM3JXQNxBwnxkl979Tgg: { chainKey: [Object], chainType: 2, messageKeys: {} },
    'BToi9iTTkTupOha5+ZKvBX0+mj6QJ0I1OWB/XDjN/rUy': { chainKey: [Object], chainType: 2, messageKeys: {} },
    BaPouBYHZhhOPZoVa5Ay1t2t3hzRpLT1PHINF132CYoY: { chainKey: [Object], chainType: 2, messageKeys: {} },
    'BUb8kGTSvY/QQ+2aKhahxapok6tnAtqDbgdPo8OsC/o+': { chainKey: [Object], chainType: 2, messageKeys: {} },
    'Bdblg7UtCkPMTfdCGaYsOW7tH1r5pHfR9NuqM/RQlmcK': { chainKey: [Object], chainType: 2, messageKeys: {} },
    'BT9+8euWA5RMxtfYVfpiyeGydQ3/oRT00uNzZeVuVwI7': { chainKey: [Object], chainType: 2, messageKeys: {} },
    'BSwwQpi4dpbwTovsk+tbI/zjtI+jFcDpged/NmL7Nv1Q': { chainKey: [Object], chainType: 2, messageKeys: {} },
    BRWCyxQRv6SFtMde7QqyqRPED6W72L0XaX1lQwLCeP81: { chainKey: [Object], chainType: 2, messageKeys: {} },
    'BR+Flr4SRfan6lgWN0YIbnGLcwaokKNnody6vCDAeMca': { chainKey: [Object], chainType: 2, messageKeys: {} },
    'Bef7yNRbqNmzRpZCZ/uWJ86D9y1xp3qi72OE6qYh/AZx': { chainKey: [Object], chainType: 2, messageKeys: {} },
    'BZRkM+OfcpxDa+VLlfGrYtFjCdQOQAbEyMBTGYsAlrxx': { chainKey: [Object], chainType: 2, messageKeys: {} },
    'BTJaLTlmwC7+Lk2gaK1fBTLUCgy7zb8eBcNLSyjE/884': { chainKey: [Object], chainType: 2, messageKeys: {} },
    BekuKHxTyXEbANkwPgj8o8LAcNKKJaHPeU2so1OG6Owz: { chainKey: [Object], chainType: 2, messageKeys: {} },
    'BXIBvZ2zdx447OTKLxLN/+j9QOD5/Sx74H6PcPSVhUce': { chainKey: [Object], chainType: 2, messageKeys: {} },
    Bfd6zOZm7A8FSYMGrzkIwOWrSRYya0r23hqV8PKy7LtD: { chainKey: [Object], chainType: 2, messageKeys: {} },
    BYOpp2PuazmYiX52VQodpMsR0bQF38qIca6ixwLBzp8d: { chainKey: [Object], chainType: 2, messageKeys: {} },
    'BTayN3IhMjrPlM6Q13T0Y8mjEv7l4TwM+y4+dYw76TBG': { chainKey: [Object], chainType: 2, messageKeys: {} },
    BTeTqI1MmBJ6UvBOGuzVtIrj5RnXDYMcGXUKZayvK8gy: { chainKey: [Object], chainType: 2, messageKeys: {} },
    BfEImFenzQAhkhvs4lgFoB1CVbBZqKOF9VKHJerVNV5P: { chainKey: [Object], chainType: 2, messageKeys: {} },
    'BQCU1JPpzNnfyr3ZjowFL+0lH2js9WP4pY+LlDbj5G5t': { chainKey: [Object], chainType: 2, messageKeys: {} },
    'BUHxg02vOUBqd/2pnixBtMfs3koZzC/sX42+0UM7rNYz': { chainKey: [Object], chainType: 2, messageKeys: {} },
    'BSa/JWt/M04/lvDP9xznejs+dixsGFpIy1sf0A8gNMgW': { chainKey: [Object], chainType: 2, messageKeys: {} },
    'Bc/glm9knLUpNpI5isMEXrvaqLajLtqySJtJMcZqaQ1i': { chainKey: [Object], chainType: 2, messageKeys: {} },
    'BfcVG0lPZO5yCobBNZrcqHphN/r/GBxyQnzucP7F/K9S': { chainKey: [Object], chainType: 2, messageKeys: {} },
    'BRYZUEWw+YS1EXHXv+TEGfisGNU7yKKl4rskHWJgBPdy': { chainKey: [Object], chainType: 2, messageKeys: {} },
    'Bc/mGDDgyBMgSmICVaNPoUycmQ6BFbz3/Zu+kkpyCKUG': { chainKey: [Object], chainType: 1, messageKeys: {} }
  },
  registrationId: 964615210,
  currentRatchet: {
    ephemeralKeyPair: {
      pubKey: <Buffer 05 cf e6 18 30 e0 c8 13 20 4a 62 02 55 a3 4f a1 4c 9c 99 0e 81 15 bc f7 fd 9b be 92 4a 72 08 a5 06>,
      privKey: <Buffer 68 86 c3 68 49 26 4f fb a2 51 f0 47 45 f4 48 a2 b8 77 aa ec 03 91 2b f5 65 7a 96 1c 07 50 b3 53>
    },
    lastRemoteEphemeralKey: <Buffer 05 16 19 50 45 b0 f9 84 b5 11 71 d7 bf e4 c4 19 f8 ac 18 d5 3b c8 a2 a5 e2 bb 24 1d 62 60 04 f7 72>,
    previousCounter: 14,
    rootKey: <Buffer 76 c6 66 fb a5 a2 c3 1f 78 14 24 1d e3 3c 9d 8b 6a 2d 35 5b 9b 20 2e d2 5d e8 d7 b6 74 bb 87 52>
  },
  indexInfo: {
    baseKey: <Buffer 05 ef 60 cd 8e 4a 23 81 ea e2 f7 f4 ac a4 02 24 c9 96 e7 1f 01 27 ae 46 2c d8 6b d9 5f a4 20 e6 1d>,
    baseKeyType: 1,
    closed: -1,
    used: 1779328078263,
    created: 1779294224472,
    remoteIdentityKey: <Buffer 05 fe 47 cf 1f 55 8d 8f f8 be d8 26 a8 79 33 df 4b e1 a6 55 a1 32 72 49 79 02 d0 b9 aa 31 bc 16 45>
  }
}
Closing session: SessionEntry {
  _chains: {
    'Bd7SLZrc9OtBbkDSfyP1fVO8AG1QQAat/5GedccUhCFR': { chainKey: [Object], chainType: 1, messageKeys: {} }
  },
  registrationId: 569403322,
  currentRatchet: {
    ephemeralKeyPair: {
      pubKey: <Buffer 05 de d2 2d 9a dc f4 eb 41 6e 40 d2 7f 23 f5 7d 53 bc 00 6d 50 40 06 ad ff 91 9e 75 c7 14 84 21 51>,
      privKey: <Buffer 28 96 8f 0b 38 b8 62 c9 6a fa 70 69 41 ac ea 8a bb cb 78 eb 3f ca 18 3f bb 3e 01 03 b0 2e 39 49>
    },
    lastRemoteEphemeralKey: <Buffer 05 1b 20 7a e9 f0 d8 15 81 58 cf ee 36 81 b1 e0 19 48 17 f1 e0 c8 9d 51 45 98 3f b6 28 bc c0 29 45>,
    previousCounter: 0,
    rootKey: <Buffer fd 0a 72 fe 61 09 e4 9b b5 23 2c bb d3 b1 22 1f 17 73 28 71 c1 17 64 fd c5 0f 0e e4 b8 eb 06 ad>
  },
  indexInfo: {
    baseKey: <Buffer 05 8f 37 8f e0 e4 13 2e 5f 83 3e de 54 be 77 4b f0 c0 cd 05 ad 72 a5 0f a0 98 e3 f6 49 e2 58 2e 57>,
    baseKeyType: 1,
    closed: -1,
    used: 1779294224479,
    created: 1779294224479,
    remoteIdentityKey: <Buffer 05 80 f0 71 26 1a b2 e7 9a 91 38 3b cf b5 de 25 fe 0f 36 33 09 32 17 30 7e c3 f2 72 c9 1a 60 c6 1d>
  },
  pendingPreKey: {
    signedKeyId: 757560,
    baseKey: <Buffer 05 8f 37 8f e0 e4 13 2e 5f 83 3e de 54 be 77 4b f0 c0 cd 05 ad 72 a5 0f a0 98 e3 f6 49 e2 58 2e 57>,
    preKeyId: 12799393
  }
}
Closing session: SessionEntry {
  _chains: {
    'BYZDipW5+XRZruGkdfRnPU7kGpzy0xYpjXlAz6GEycMT': { chainKey: [Object], chainType: 1, messageKeys: {} }
  },
  registrationId: 569403322,
  currentRatchet: {
    ephemeralKeyPair: {
      pubKey: <Buffer 05 86 43 8a 95 b9 f9 74 59 ae e1 a4 75 f4 67 3d 4e e4 1a 9c f2 d3 16 29 8d 79 40 cf a1 84 c9 c3 13>,
      privKey: <Buffer 70 db 59 8d a8 1d c8 2b d1 51 8f 96 9f c1 c3 dd 0f 82 79 4a 8b 48 df 7b 03 57 eb 5e f7 0c 62 75>
    },
    lastRemoteEphemeralKey: <Buffer 05 1b 20 7a e9 f0 d8 15 81 58 cf ee 36 81 b1 e0 19 48 17 f1 e0 c8 9d 51 45 98 3f b6 28 bc c0 29 45>,
    previousCounter: 0,
    rootKey: <Buffer 5c 7d 73 0f bf 57 0c 0d 93 0e 9c 7f 06 40 64 b8 7f cd c4 96 b4 d0 a0 1e 8e f1 aa 53 46 70 a9 b9>
  },
  indexInfo: {
    baseKey: <Buffer 05 cd 11 0e 18 44 f1 f5 2c 5a 7b a5 1a 07 19 c7 f6 c6 74 3e 50 f0 a1 c6 22 8f 5c 0a 0d 89 8f 1f 04>,
    baseKeyType: 1,
    closed: -1,
    used: 1779332235098,
    created: 1779332235098,
    remoteIdentityKey: <Buffer 05 80 f0 71 26 1a b2 e7 9a 91 38 3b cf b5 de 25 fe 0f 36 33 09 32 17 30 7e c3 f2 72 c9 1a 60 c6 1d>
  },
  pendingPreKey: {
    signedKeyId: 757560,
    baseKey: <Buffer 05 cd 11 0e 18 44 f1 f5 2c 5a 7b a5 1a 07 19 c7 f6 c6 74 3e 50 f0 a1 c6 22 8f 5c 0a 0d 89 8f 1f 04>,
    preKeyId: 12799334
  }
}
Closing session: SessionEntry {
  _chains: {
    BWkAooRf0MMO5zZ0JaLs0KVBKgVxRjYqrNH6YkuaC79r: { chainKey: [Object], chainType: 1, messageKeys: {} }
  },
  registrationId: 178,
  currentRatchet: {
    ephemeralKeyPair: {
      pubKey: <Buffer 05 69 00 a2 84 5f d0 c3 0e e7 36 74 25 a2 ec d0 a5 41 2a 05 71 46 36 2a ac d1 fa 62 4b 9a 0b bf 6b>,
      privKey: <Buffer 08 bb 1c 0d f4 84 0e b1 7e 81 d1 c9 79 b0 9e fb f9 fc 4f b9 1c 81 f6 58 c6 b3 81 13 f0 f2 14 69>
    },
    lastRemoteEphemeralKey: <Buffer 05 06 f5 af 15 72 54 62 6d 2b ef 31 2c 42 7d 46 c1 7d 77 26 4e a6 51 d7 84 66 c6 a9 b1 25 86 8a 2c>,
    previousCounter: 0,
    rootKey: <Buffer 1a 63 e2 1e 40 80 e3 31 5d 38 eb f5 93 7e f1 6b 6e b6 63 3d 66 c3 e5 69 73 48 21 9f 2f bf 8f 43>
  },
  indexInfo: {
    baseKey: <Buffer 05 bb 63 cf be 74 2f 09 92 49 9d 23 46 7b c3 6a e6 ba d0 70 5d 4c 07 53 35 59 de 74 dc b9 5e a9 53>,
    baseKeyType: 1,
    closed: -1,
    used: 1779348543792,
    created: 1779348543792,
    remoteIdentityKey: <Buffer 05 a6 8a 0e 7b c5 39 31 1a 58 87 23 6d 80 a9 5a 71 5f 70 3f 82 f9 dd 6c b6 80 c5 5a 02 e3 d5 a6 40>
  },
  pendingPreKey: {
    signedKeyId: 1,
    baseKey: <Buffer 05 bb 63 cf be 74 2f 09 92 49 9d 23 46 7b c3 6a e6 ba d0 70 5d 4c 07 53 35 59 de 74 dc b9 5e a9 53>,
    preKeyId: 183
  }
}
Closing session: SessionEntry {
  _chains: {
    'BQCr4ZGV/ym4Uc9GCi0ShrCfvjCQylaOg15yK19WefM8': { chainKey: [Object], chainType: 1, messageKeys: {} }
  },
  registrationId: 1335228831,
  currentRatchet: {
    ephemeralKeyPair: {
      pubKey: <Buffer 05 00 ab e1 91 95 ff 29 b8 51 cf 46 0a 2d 12 86 b0 9f be 30 90 ca 56 8e 83 5e 72 2b 5f 56 79 f3 3c>,
      privKey: <Buffer 78 78 71 42 d1 65 05 6c 79 a5 40 37 46 ec ed 6c f1 fd 1a 37 31 2d 40 ac 39 2c 2d 9c 77 cd c3 6d>
    },
    lastRemoteEphemeralKey: <Buffer 05 d3 4a 43 0e 31 6a d6 18 db 45 8c d8 64 5b b6 d5 b6 6c 67 7a 9c 99 3b e4 6c 33 00 0f 30 f1 ed 17>,
    previousCounter: 0,
    rootKey: <Buffer 07 b6 2b 4b 08 80 e3 47 c9 30 e8 ed e5 64 0c df 70 58 53 0a f2 ed 27 64 fb ad cd 81 18 17 ce 1f>
  },
  indexInfo: {
    baseKey: <Buffer 05 e4 c9 07 99 df d9 fd e8 00 08 4b a2 f0 26 c7 6c 7c f2 49 9b 6b 67 69 29 37 c0 3a 8f db 78 5c 6b>,
    baseKeyType: 1,
    closed: -1,
    used: 1779348543796,
    created: 1779348543796,
    remoteIdentityKey: <Buffer 05 64 51 bc 57 1a a7 97 c1 d6 7b 7f 35 a2 90 22 fd 2c a6 ef b4 c0 82 aa 91 50 26 4e d1 72 30 69 71>
  },
  pendingPreKey: {
    signedKeyId: 12163635,
    baseKey: <Buffer 05 e4 c9 07 99 df d9 fd e8 00 08 4b a2 f0 26 c7 6c 7c f2 49 9b 6b 67 69 29 37 c0 3a 8f db 78 5c 6b>,
    preKeyId: 1385
  }
}
Closing session: SessionEntry {
  _chains: {
    'BdIbMXicvt31Xl/oXcUMzI+ezAMAFQkHLYNJLY8cL+cM': { chainKey: [Object], chainType: 1, messageKeys: {} }
  },
  registrationId: 964615210,
  currentRatchet: {
    ephemeralKeyPair: {
      pubKey: <Buffer 05 d2 1b 31 78 9c be dd f5 5e 5f e8 5d c5 0c cc 8f 9e cc 03 00 15 09 07 2d 83 49 2d 8f 1c 2f e7 0c>,
      privKey: <Buffer e8 3e 1f 15 12 79 5a 70 d2 88 ac c3 e4 8b b8 0e 14 b8 9c 0c 27 8f 43 e2 a8 ea c4 7d 0d dc 33 61>
    },
    lastRemoteEphemeralKey: <Buffer 05 c2 be c7 d6 de a7 f0 eb 30 44 5f c3 78 1b 56 b3 1c 2f cf 81 0d 57 99 f7 25 ba db 9e 4e 33 48 4f>,
    previousCounter: 0,
    rootKey: <Buffer 55 f4 c4 c5 29 df e5 61 21 b8 5f 71 a7 42 7c 32 7e d1 d2 5e 5a f6 83 79 5f f8 01 9e e1 f9 c6 b5>
  },
  indexInfo: {
    baseKey: <Buffer 05 be f0 e1 8b 92 0f 2c ec 65 7b b0 08 3b 89 82 5a a9 eb 47 e5 7b 57 fe 03 7b cb 36 22 b4 87 58 6e>,
    baseKeyType: 1,
    closed: -1,
    used: 1779332235088,
    created: 1779332235088,
    remoteIdentityKey: <Buffer 05 fe 47 cf 1f 55 8d 8f f8 be d8 26 a8 79 33 df 4b e1 a6 55 a1 32 72 49 79 02 d0 b9 aa 31 bc 16 45>
  },
  pendingPreKey: {
    signedKeyId: 11851721,
    baseKey: <Buffer 05 be f0 e1 8b 92 0f 2c ec 65 7b b0 08 3b 89 82 5a a9 eb 47 e5 7b 57 fe 03 7b cb 36 22 b4 87 58 6e>,
    preKeyId: 12313
  }
}
Closing session: SessionEntry {
  _chains: {
    'BUBowGntUODtBBET8Z+4+gol5JNOQVSIp+lIIw9j1ssI': { chainKey: [Object], chainType: 1, messageKeys: {} }
  },
  registrationId: 569403322,
  currentRatchet: {
    ephemeralKeyPair: {
      pubKey: <Buffer 05 40 68 c0 69 ed 50 e0 ed 04 11 13 f1 9f b8 fa 0a 25 e4 93 4e 41 54 88 a7 e9 48 23 0f 63 d6 cb 08>,
      privKey: <Buffer 98 bd 75 1d 59 b1 3d c4 a2 f5 cd 99 10 28 39 1d b9 da 63 54 fd bb 01 20 88 8c a3 7e 80 10 03 7c>
    },
    lastRemoteEphemeralKey: <Buffer 05 1b 20 7a e9 f0 d8 15 81 58 cf ee 36 81 b1 e0 19 48 17 f1 e0 c8 9d 51 45 98 3f b6 28 bc c0 29 45>,
    previousCounter: 0,
    rootKey: <Buffer a5 a4 04 e4 2b c4 dd 7b 15 9e 8c 65 0e b0 b8 15 13 02 d7 f5 86 52 5c 27 c9 33 c5 61 5f 8d db 46>
  },
  indexInfo: {
    baseKey: <Buffer 05 f2 49 3e 89 26 5c 32 ec 9f f4 1d 7e 16 b8 85 a3 c3 5b 91 8a 10 23 09 55 ff a1 12 80 ee 52 88 64>,
    baseKeyType: 1,
    closed: -1,
    used: 1779348543110,
    created: 1779348543110,
    remoteIdentityKey: <Buffer 05 80 f0 71 26 1a b2 e7 9a 91 38 3b cf b5 de 25 fe 0f 36 33 09 32 17 30 7e c3 f2 72 c9 1a 60 c6 1d>
  },
  pendingPreKey: {
    signedKeyId: 757560,
    baseKey: <Buffer 05 f2 49 3e 89 26 5c 32 ec 9f f4 1d 7e 16 b8 85 a3 c3 5b 91 8a 10 23 09 55 ff a1 12 80 ee 52 88 64>,
    preKeyId: 12799085
  }
}
{"event":"ignored","reason":"allowlist_mismatch","chatId":"67427329167522@lid","senderId":"67427329167522@lid"}
Closing session: SessionEntry {
  _chains: {
    'BVKztR/icZyARJcRErUEcpw/tXk0qvoBFDiOVzMjielA': { chainKey: [Object], chainType: 1, messageKeys: {} }
  },
  registrationId: 964615210,
  currentRatchet: {
    ephemeralKeyPair: {
      pubKey: <Buffer 05 52 b3 b5 1f e2 71 9c 80 44 97 11 12 b5 04 72 9c 3f b5 79 34 aa fa 01 14 38 8e 57 33 23 89 e9 40>,
      privKey: <Buffer a8 c4 00 3f c4 5f c6 8f 5f 3e a9 eb 2a 02 f4 00 c7 10 76 37 e2 5b 61 8c 1c 6a 71 35 23 de a3 4e>
    },
    lastRemoteEphemeralKey: <Buffer 05 c2 be c7 d6 de a7 f0 eb 30 44 5f c3 78 1b 56 b3 1c 2f cf 81 0d 57 99 f7 25 ba db 9e 4e 33 48 4f>,
    previousCounter: 0,
    rootKey: <Buffer f0 55 a5 02 14 df a9 69 cf 34 8e 94 39 eb b6 c6 ea 35 77 69 ac 4a 4a 15 b4 27 d2 5b 53 d7 d9 92>
  },
  indexInfo: {
    baseKey: <Buffer 05 ce 41 e9 f0 94 47 dc c4 f6 cc 7d 30 6d 4d 7d cb e0 c4 f7 29 bc e3 29 7c 28 d4 60 e2 50 23 71 3c>,
    baseKeyType: 1,
    closed: -1,
    used: 1779349938873,
    created: 1779349938873,
    remoteIdentityKey: <Buffer 05 fe 47 cf 1f 55 8d 8f f8 be d8 26 a8 79 33 df 4b e1 a6 55 a1 32 72 49 79 02 d0 b9 aa 31 bc 16 45>
  },
  pendingPreKey: {
    signedKeyId: 11851721,
    baseKey: <Buffer 05 ce 41 e9 f0 94 47 dc c4 f6 cc 7d 30 6d 4d 7d cb e0 c4 f7 29 bc e3 29 7c 28 d4 60 e2 50 23 71 3c>,
    preKeyId: 12801
  }
}
Closing session: SessionEntry {
  _chains: {
    'BWeyYvTuteZH+5kelZLjTmrsBlaXeuPuT6r9nta5pExA': { chainKey: [Object], chainType: 1, messageKeys: {} }
  },
  registrationId: 569403322,
  currentRatchet: {
    ephemeralKeyPair: {
      pubKey: <Buffer 05 67 b2 62 f4 ee b5 e6 47 fb 99 1e 95 92 e3 4e 6a ec 06 56 97 7a e3 ee 4f aa fd 9e d6 b9 a4 4c 40>,
      privKey: <Buffer 70 c1 9b 02 9a 54 37 b9 61 4f 33 b0 bf b1 9b 01 bc 96 a8 e8 b9 53 0d 15 35 99 3f 67 e8 22 7c 72>
    },
    lastRemoteEphemeralKey: <Buffer 05 1b 20 7a e9 f0 d8 15 81 58 cf ee 36 81 b1 e0 19 48 17 f1 e0 c8 9d 51 45 98 3f b6 28 bc c0 29 45>,
    previousCounter: 0,
    rootKey: <Buffer 90 24 99 af 8b 8d a0 d4 17 2a 12 87 55 67 4b 4f cc 21 ac 96 ec 29 32 25 be c0 eb 11 98 b8 17 3d>
  },
  indexInfo: {
    baseKey: <Buffer 05 e9 97 e3 98 b1 20 f4 7d 3f 07 b0 51 71 88 a0 cd 16 bb c8 c0 d9 39 cf 9f 15 07 44 56 e1 51 88 07>,
    baseKeyType: 1,
    closed: -1,
    used: 1779349938881,
    created: 1779349938881,
    remoteIdentityKey: <Buffer 05 80 f0 71 26 1a b2 e7 9a 91 38 3b cf b5 de 25 fe 0f 36 33 09 32 17 30 7e c3 f2 72 c9 1a 60 c6 1d>
  },
  pendingPreKey: {
    signedKeyId: 757560,
    baseKey: <Buffer 05 e9 97 e3 98 b1 20 f4 7d 3f 07 b0 51 71 88 a0 cd 16 bb c8 c0 d9 39 cf 9f 15 07 44 56 e1 51 88 07>,
    preKeyId: 12799266
  }
}
{"level":40,"time":1779368351445,"pid":87216,"hostname":"Mac-mini-2.local","msgId":"3EB03A93ADABD953412284","trace":"Error [ERR_MODULE_NOT_FOUND]: Cannot find package 'link-preview-js' imported from /Users/ktoclaw/.hermes/hermes-agent/scripts/whatsapp-bridge/node_modules/@whiskeysockets/baileys/lib/Utils/link-preview.js\n    at Object.getPackageJSONURL (node:internal/modules/package_json_reader:301:9)\n    at packageResolve (node:internal/modules/esm/resolve:768:81)\n    at moduleResolve (node:internal/modules/esm/resolve:859:18)\n    at defaultResolve (node:internal/modules/esm/resolve:991:11)\n    at #cachedDefaultResolve (node:internal/modules/esm/loader:713:20)\n    at #resolveAndMaybeBlockOnLoaderThread (node:internal/modules/esm/loader:730:38)\n    at ModuleLoader.resolveSync (node:internal/modules/esm/loader:759:52)\n    at #resolve (node:internal/modules/esm/loader:695:17)\n    at ModuleLoader.getOrCreateModuleJob (node:internal/modules/esm/loader:615:35)\n    at onImport.tracePromise.__proto__ (node:internal/modules/esm/loader:644:32)","msg":"url generation failed"}
{"level":40,"time":1779369068789,"pid":87216,"hostname":"Mac-mini-2.local","msgId":"3EB02880B83F5F5D2C75A3","trace":"Error [ERR_MODULE_NOT_FOUND]: Cannot find package 'link-preview-js' imported from /Users/ktoclaw/.hermes/hermes-agent/scripts/whatsapp-bridge/node_modules/@whiskeysockets/baileys/lib/Utils/link-preview.js\n    at Object.getPackageJSONURL (node:internal/modules/package_json_reader:301:9)\n    at packageResolve (node:internal/modules/esm/resolve:768:81)\n    at moduleResolve (node:internal/modules/esm/resolve:859:18)\n    at defaultResolve (node:internal/modules/esm/resolve:991:11)\n    at #cachedDefaultResolve (node:internal/modules/esm/loader:713:20)\n    at #resolveAndMaybeBlockOnLoaderThread (node:internal/modules/esm/loader:730:38)\n    at ModuleLoader.resolveSync (node:internal/modules/esm/loader:759:52)\n    at #resolve (node:internal/modules/esm/loader:695:17)\n    at ModuleLoader.getOrCreateModuleJob (node:internal/modules/esm/loader:615:35)\n    at onImport.tracePromise.__proto__ (node:internal/modules/esm/loader:644:32)","msg":"url generation failed"}
{"level":40,"time":1779369077876,"pid":87216,"hostname":"Mac-mini-2.local","msgId":"3EB0BF2B140126B1A7CEEC","trace":"Error [ERR_MODULE_NOT_FOUND]: Cannot find package 'link-preview-js' imported from /Users/ktoclaw/.hermes/hermes-agent/scripts/whatsapp-bridge/node_modules/@whiskeysockets/baileys/lib/Utils/link-preview.js\n    at Object.getPackageJSONURL (node:internal/modules/package_json_reader:301:9)\n    at packageResolve (node:internal/modules/esm/resolve:768:81)\n    at moduleResolve (node:internal/modules/esm/resolve:859:18)\n    at defaultResolve (node:internal/modules/esm/resolve:991:11)\n    at #cachedDefaultResolve (node:internal/modules/esm/loader:713:20)\n    at #resolveAndMaybeBlockOnLoaderThread (node:internal/modules/esm/loader:730:38)\n    at ModuleLoader.resolveSync (node:internal/modules/esm/loader:759:52)\n    at #resolve (node:internal/modules/esm/loader:695:17)\n    at ModuleLoader.getOrCreateModuleJob (node:internal/modules/esm/loader:615:35)\n    at onImport.tracePromise.__proto__ (node:internal/modules/esm/loader:644:32)","msg":"url generation failed"}
{"level":40,"time":1779369084600,"pid":87216,"hostname":"Mac-mini-2.local","msgId":"3EB0D82BEC96373C9D8543","trace":"Error [ERR_MODULE_NOT_FOUND]: Cannot find package 'link-preview-js' imported from /Users/ktoclaw/.hermes/hermes-agent/scripts/whatsapp-bridge/node_modules/@whiskeysockets/baileys/lib/Utils/link-preview.js\n    at Object.getPackageJSONURL (node:internal/modules/package_json_reader:301:9)\n    at packageResolve (node:internal/modules/esm/resolve:768:81)\n    at moduleResolve (node:internal/modules/esm/resolve:859:18)\n    at defaultResolve (node:internal/modules/esm/resolve:991:11)\n    at #cachedDefaultResolve (node:internal/modules/esm/loader:713:20)\n    at #resolveAndMaybeBlockOnLoaderThread (node:internal/modules/esm/loader:730:38)\n    at ModuleLoader.resolveSync (node:internal/modules/esm/loader:759:52)\n    at #resolve (node:internal/modules/esm/loader:695:17)\n    at ModuleLoader.getOrCreateModuleJob (node:internal/modules/esm/loader:615:35)\n    at onImport.tracePromise.__proto__ (node:internal/modules/esm/loader:644:32)","msg":"url generation failed"}
{"level":40,"time":1779370950625,"pid":87216,"hostname":"Mac-mini-2.local","msgId":"3EB008034502BB6F8B5458","trace":"Error [ERR_MODULE_NOT_FOUND]: Cannot find package 'link-preview-js' imported from /Users/ktoclaw/.hermes/hermes-agent/scripts/whatsapp-bridge/node_modules/@whiskeysockets/baileys/lib/Utils/link-preview.js\n    at Object.getPackageJSONURL (node:internal/modules/package_json_reader:301:9)\n    at packageResolve (node:internal/modules/esm/resolve:768:81)\n    at moduleResolve (node:internal/modules/esm/resolve:859:18)\n    at defaultResolve (node:internal/modules/esm/resolve:991:11)\n    at #cachedDefaultResolve (node:internal/modules/esm/loader:713:20)\n    at #resolveAndMaybeBlockOnLoaderThread (node:internal/modules/esm/loader:730:38)\n    at ModuleLoader.resolveSync (node:internal/modules/esm/loader:759:52)\n    at #resolve (node:internal/modules/esm/loader:695:17)\n    at ModuleLoader.getOrCreateModuleJob (node:internal/modules/esm/loader:615:35)\n    at onImport.tracePromise.__proto__ (node:internal/modules/esm/loader:644:32)","msg":"url generation failed"}
{"level":40,"time":1779370966210,"pid":87216,"hostname":"Mac-mini-2.local","msgId":"3EB088AC691F7E16923326","trace":"Error [ERR_MODULE_NOT_FOUND]: Cannot find package 'link-preview-js' imported from /Users/ktoclaw/.hermes/hermes-agent/scripts/whatsapp-bridge/node_modules/@whiskeysockets/baileys/lib/Utils/link-preview.js\n    at Object.getPackageJSONURL (node:internal/modules/package_json_reader:301:9)\n    at packageResolve (node:internal/modules/esm/resolve:768:81)\n    at moduleResolve (node:internal/modules/esm/resolve:859:18)\n    at defaultResolve (node:internal/modules/esm/resolve:991:11)\n    at #cachedDefaultResolve (node:internal/modules/esm/loader:713:20)\n    at #resolveAndMaybeBlockOnLoaderThread (node:internal/modules/esm/loader:730:38)\n    at ModuleLoader.resolveSync (node:internal/modules/esm/loader:759:52)\n    at #resolve (node:internal/modules/esm/loader:695:17)\n    at ModuleLoader.getOrCreateModuleJob (node:internal/modules/esm/loader:615:35)\n    at onImport.tracePromise.__proto__ (node:internal/modules/esm/loader:644:32)","msg":"url generation failed"}
{"level":40,"time":1779370997622,"pid":87216,"hostname":"Mac-mini-2.local","msgId":"3EB01921E6802BA4763B03","trace":"Error [ERR_MODULE_NOT_FOUND]: Cannot find package 'link-preview-js' imported from /Users/ktoclaw/.hermes/hermes-agent/scripts/whatsapp-bridge/node_modules/@whiskeysockets/baileys/lib/Utils/link-preview.js\n    at Object.getPackageJSONURL (node:internal/modules/package_json_reader:301:9)\n    at packageResolve (node:internal/modules/esm/resolve:768:81)\n    at moduleResolve (node:internal/modules/esm/resolve:859:18)\n    at defaultResolve (node:internal/modules/esm/resolve:991:11)\n    at #cachedDefaultResolve (node:internal/modules/esm/loader:713:20)\n    at #resolveAndMaybeBlockOnLoaderThread (node:internal/modules/esm/loader:730:38)\n    at ModuleLoader.resolveSync (node:internal/modules/esm/loader:759:52)\n    at #resolve (node:internal/modules/esm/loader:695:17)\n    at ModuleLoader.getOrCreateModuleJob (node:internal/modules/esm/loader:615:35)\n    at onImport.tracePromise.__proto__ (node:internal/modules/esm/loader:644:32)","msg":"url generation failed"}
{"level":40,"time":1779370999774,"pid":87216,"hostname":"Mac-mini-2.local","msgId":"3EB0E215EF68593D8A0553","trace":"Error [ERR_MODULE_NOT_FOUND]: Cannot find package 'link-preview-js' imported from /Users/ktoclaw/.hermes/hermes-agent/scripts/whatsapp-bridge/node_modules/@whiskeysockets/baileys/lib/Utils/link-preview.js\n    at Object.getPackageJSONURL (node:internal/modules/package_json_reader:301:9)\n    at packageResolve (node:internal/modules/esm/resolve:768:81)\n    at moduleResolve (node:internal/modules/esm/resolve:859:18)\n    at defaultResolve (node:internal/modules/esm/resolve:991:11)\n    at #cachedDefaultResolve (node:internal/modules/esm/loader:713:20)\n    at #resolveAndMaybeBlockOnLoaderThread (node:internal/modules/esm/loader:730:38)\n    at ModuleLoader.resolveSync (node:internal/modules/esm/loader:759:52)\n    at #resolve (node:internal/modules/esm/loader:695:17)\n    at ModuleLoader.getOrCreateModuleJob (node:internal/modules/esm/loader:615:35)\n    at onImport.tracePromise.__proto__ (node:internal/modules/esm/loader:644:32)","msg":"url generation failed"}
{"level":40,"time":1779371010427,"pid":87216,"hostname":"Mac-mini-2.local","msgId":"3EB0F1E517EF3908601928","trace":"Error [ERR_MODULE_NOT_FOUND]: Cannot find package 'link-preview-js' imported from /Users/ktoclaw/.hermes/hermes-agent/scripts/whatsapp-bridge/node_modules/@whiskeysockets/baileys/lib/Utils/link-preview.js\n    at Object.getPackageJSONURL (node:internal/modules/package_json_reader:301:9)\n    at packageResolve (node:internal/modules/esm/resolve:768:81)\n    at moduleResolve (node:internal/modules/esm/resolve:859:18)\n    at defaultResolve (node:internal/modules/esm/resolve:991:11)\n    at #cachedDefaultResolve (node:internal/modules/esm/loader:713:20)\n    at #resolveAndMaybeBlockOnLoaderThread (node:internal/modules/esm/loader:730:38)\n    at ModuleLoader.resolveSync (node:internal/modules/esm/loader:759:52)\n    at #resolve (node:internal/modules/esm/loader:695:17)\n    at ModuleLoader.getOrCreateModuleJob (node:internal/modules/esm/loader:615:35)\n    at onImport.tracePromise.__proto__ (node:internal/modules/esm/loader:644:32)","msg":"url generation failed"}
{"level":40,"time":1779371012366,"pid":87216,"hostname":"Mac-mini-2.local","msgId":"3EB065C200DE10A76F294C","trace":"Error [ERR_MODULE_NOT_FOUND]: Cannot find package 'link-preview-js' imported from /Users/ktoclaw/.hermes/hermes-agent/scripts/whatsapp-bridge/node_modules/@whiskeysockets/baileys/lib/Utils/link-preview.js\n    at Object.getPackageJSONURL (node:internal/modules/package_json_reader:301:9)\n    at packageResolve (node:internal/modules/esm/resolve:768:81)\n    at moduleResolve (node:internal/modules/esm/resolve:859:18)\n    at defaultResolve (node:internal/modules/esm/resolve:991:11)\n    at #cachedDefaultResolve (node:internal/modules/esm/loader:713:20)\n    at #resolveAndMaybeBlockOnLoaderThread (node:internal/modules/esm/loader:730:38)\n    at ModuleLoader.resolveSync (node:internal/modules/esm/loader:759:52)\n    at #resolve (node:internal/modules/esm/loader:695:17)\n    at ModuleLoader.getOrCreateModuleJob (node:internal/modules/esm/loader:615:35)\n    at onImport.tracePromise.__proto__ (node:internal/modules/esm/loader:644:32)","msg":"url generation failed"}
{"level":40,"time":1779371035903,"pid":87216,"hostname":"Mac-mini-2.local","msgId":"3EB031F008C2BF41B9BDCD","trace":"Error [ERR_MODULE_NOT_FOUND]: Cannot find package 'link-preview-js' imported from /Users/ktoclaw/.hermes/hermes-agent/scripts/whatsapp-bridge/node_modules/@whiskeysockets/baileys/lib/Utils/link-preview.js\n    at Object.getPackageJSONURL (node:internal/modules/package_json_reader:301:9)\n    at packageResolve (node:internal/modules/esm/resolve:768:81)\n    at moduleResolve (node:internal/modules/esm/resolve:859:18)\n    at defaultResolve (node:internal/modules/esm/resolve:991:11)\n    at #cachedDefaultResolve (node:internal/modules/esm/loader:713:20)\n    at #resolveAndMaybeBlockOnLoaderThread (node:internal/modules/esm/loader:730:38)\n    at ModuleLoader.resolveSync (node:internal/modules/esm/loader:759:52)\n    at #resolve (node:internal/modules/esm/loader:695:17)\n    at ModuleLoader.getOrCreateModuleJob (node:internal/modules/esm/loader:615:35)\n    at onImport.tracePromise.__proto__ (node:internal/modules/esm/loader:644:32)","msg":"url generation failed"}
{"level":40,"time":1779371050218,"pid":87216,"hostname":"Mac-mini-2.local","msgId":"3EB0B9A4D6577CF1D139B0","trace":"Error [ERR_MODULE_NOT_FOUND]: Cannot find package 'link-preview-js' imported from /Users/ktoclaw/.hermes/hermes-agent/scripts/whatsapp-bridge/node_modules/@whiskeysockets/baileys/lib/Utils/link-preview.js\n    at Object.getPackageJSONURL (node:internal/modules/package_json_reader:301:9)\n    at packageResolve (node:internal/modules/esm/resolve:768:81)\n    at moduleResolve (node:internal/modules/esm/resolve:859:18)\n    at defaultResolve (node:internal/modules/esm/resolve:991:11)\n    at #cachedDefaultResolve (node:internal/modules/esm/loader:713:20)\n    at #resolveAndMaybeBlockOnLoaderThread (node:internal/modules/esm/loader:730:38)\n    at ModuleLoader.resolveSync (node:internal/modules/esm/loader:759:52)\n    at #resolve (node:internal/modules/esm/loader:695:17)\n    at ModuleLoader.getOrCreateModuleJob (node:internal/modules/esm/loader:615:35)\n    at onImport.tracePromise.__proto__ (node:internal/modules/esm/loader:644:32)","msg":"url generation failed"}
{"level":40,"time":1779371074499,"pid":87216,"hostname":"Mac-mini-2.local","msgId":"3EB02CEC4FA7D1D919DBDB","trace":"Error [ERR_MODULE_NOT_FOUND]: Cannot find package 'link-preview-js' imported from /Users/ktoclaw/.hermes/hermes-agent/scripts/whatsapp-bridge/node_modules/@whiskeysockets/baileys/lib/Utils/link-preview.js\n    at Object.getPackageJSONURL (node:internal/modules/package_json_reader:301:9)\n    at packageResolve (node:internal/modules/esm/resolve:768:81)\n    at moduleResolve (node:internal/modules/esm/resolve:859:18)\n    at defaultResolve (node:internal/modules/esm/resolve:991:11)\n    at #cachedDefaultResolve (node:internal/modules/esm/loader:713:20)\n    at #resolveAndMaybeBlockOnLoaderThread (node:internal/modules/esm/loader:730:38)\n    at ModuleLoader.resolveSync (node:internal/modules/esm/loader:759:52)\n    at #resolve (node:internal/modules/esm/loader:695:17)\n    at ModuleLoader.getOrCreateModuleJob (node:internal/modules/esm/loader:615:35)\n    at onImport.tracePromise.__proto__ (node:internal/modules/esm/loader:644:32)","msg":"url generation failed"}
Closing session: SessionEntry {
  _chains: {
    'BYdvTXFSyQUoh2MbX7XUrY/XTH+/RD8rjzJGBZsBimMg': { chainKey: [Object], chainType: 2, messageKeys: {} },
    Bagf3ygO3JldAiriY4GPtHhz6jp4wVqAUuBylCkOM04L: { chainKey: [Object], chainType: 2, messageKeys: {} },
    'BTi9XGYfCrP1Kd692W/2Fyq6rFIqkQr32TY4AMRv+blv': { chainKey: [Object], chainType: 2, messageKeys: {} },
    'BQ4EEam4vLOLd8BfrVZGW161gs+MeawptYFq8HsIj18r': { chainKey: [Object], chainType: 1, messageKeys: {} }
  },
  registrationId: 964615210,
  currentRatchet: {
    ephemeralKeyPair: {
      pubKey: <Buffer 05 0e 04 11 a9 b8 bc b3 8b 77 c0 5f ad 56 46 5b 5e b5 82 cf 8c 79 ac 29 b5 81 6a f0 7b 08 8f 5f 2b>,
      privKey: <Buffer e8 4e 84 8a 25 1f 70 4a d7 91 c2 7b 52 fb f9 93 6c c8 52 51 9e ce b9 24 39 a5 ab d9 59 7b a2 77>
    },
    lastRemoteEphemeralKey: <Buffer 05 38 bd 5c 66 1f 0a b3 f5 29 de bd d9 6f f6 17 2a ba ac 52 2a 91 0a f7 d9 36 38 00 c4 6f f9 b9 6f>,
    previousCounter: 0,
    rootKey: <Buffer 90 d2 6f 3c e7 f4 30 cc 83 2d fe a2 5e 56 8c c0 3f 35 66 ae f5 9b cd d5 36 17 17 86 05 ca 24 f1>
  },
  indexInfo: {
    baseKey: <Buffer 05 87 5a 32 d0 bc 5c 15 fe 1c e6 17 46 e7 38 c3 78 d8 a7 9f 30 58 e1 e5 2a 29 e6 44 5d 27 31 3d 71>,
    baseKeyType: 1,
    closed: -1,
    used: 1779369080913,
    created: 1779357602099,
    remoteIdentityKey: <Buffer 05 fe 47 cf 1f 55 8d 8f f8 be d8 26 a8 79 33 df 4b e1 a6 55 a1 32 72 49 79 02 d0 b9 aa 31 bc 16 45>
  }
}
Closing session: SessionEntry {
  _chains: {
    'BfT/bjgj0D3rfX5ReuEVP/y4oREdXa12sZuhVrWjmudx': { chainKey: [Object], chainType: 1, messageKeys: {} }
  },
  registrationId: 569403322,
  currentRatchet: {
    ephemeralKeyPair: {
      pubKey: <Buffer 05 f4 ff 6e 38 23 d0 3d eb 7d 7e 51 7a e1 15 3f fc b8 a1 11 1d 5d ad 76 b1 9b a1 56 b5 a3 9a e7 71>,
      privKey: <Buffer 80 ff 40 f2 24 fe a8 a8 3e 57 97 14 e9 9a e8 78 87 5b 26 a3 07 12 7b 69 d4 ef 5e d3 f1 1b b0 5f>
    },
    lastRemoteEphemeralKey: <Buffer 05 1b 20 7a e9 f0 d8 15 81 58 cf ee 36 81 b1 e0 19 48 17 f1 e0 c8 9d 51 45 98 3f b6 28 bc c0 29 45>,
    previousCounter: 0,
    rootKey: <Buffer fd 6a 2c fa bb 54 26 d7 fa dc a5 f3 66 f0 87 63 7f 44 01 f3 a7 40 12 ac ff c2 c8 f6 30 78 29 65>
  },
  indexInfo: {
    baseKey: <Buffer 05 bb 20 05 e5 91 31 a3 1a 34 a4 48 b7 a9 61 a8 4a 89 4d 0e 44 e8 27 ca 78 37 78 87 b9 38 c2 7e 2c>,
    baseKeyType: 1,
    closed: -1,
    used: 1779357602105,
    created: 1779357602105,
    remoteIdentityKey: <Buffer 05 80 f0 71 26 1a b2 e7 9a 91 38 3b cf b5 de 25 fe 0f 36 33 09 32 17 30 7e c3 f2 72 c9 1a 60 c6 1d>
  },
  pendingPreKey: {
    signedKeyId: 757560,
    baseKey: <Buffer 05 bb 20 05 e5 91 31 a3 1a 34 a4 48 b7 a9 61 a8 4a 89 4d 0e 44 e8 27 ca 78 37 78 87 b9 38 c2 7e 2c>,
    preKeyId: 12799391
  }
}
⚠️  Connection closed (reason: 428). Reconnecting in 3s...
✅ WhatsApp connected!
{"level":40,"time":1779378267838,"pid":87216,"hostname":"Mac-mini-2.local","msg":"Timeout in AwaitingInitialSync, forcing state to Online and flushing buffer"}
⚠️  Connection closed (reason: 428). Reconnecting in 3s...
✅ WhatsApp connected!
{"level":40,"time":1779379976298,"pid":87216,"hostname":"Mac-mini-2.local","msg":"Timeout in AwaitingInitialSync, forcing state to Online and flushing buffer"}
{"level":50,"time":1779391947837,"pid":87216,"hostname":"Mac-mini-2.local","fullErrorNode":{"tag":"stream:error","attrs":{"code":"503"}},"msg":"stream errored out"}
⚠️  Connection closed (reason: 503). Reconnecting in 3s...
✅ WhatsApp connected!
{"level":40,"time":1779391972966,"pid":87216,"hostname":"Mac-mini-2.local","msg":"Timeout in AwaitingInitialSync, forcing state to Online and flushing buffer"}
⚠️  Connection closed (reason: 428). Reconnecting in 3s...
✅ WhatsApp connected!
{"level":40,"time":1779397864856,"pid":87216,"hostname":"Mac-mini-2.local","msg":"Timeout in AwaitingInitialSync, forcing state to Online and flushing buffer"}
{"level":50,"time":1779399208384,"pid":87216,"hostname":"Mac-mini-2.local","fullErrorNode":{"tag":"stream:error","attrs":{"code":"503"}},"msg":"stream errored out"}
⚠️  Connection closed (reason: 503). Reconnecting in 3s...
✅ WhatsApp connected!
{"level":40,"time":1779399233485,"pid":87216,"hostname":"Mac-mini-2.local","msg":"Timeout in AwaitingInitialSync, forcing state to Online and flushing buffer"}
{"level":50,"time":1779399267755,"pid":87216,"hostname":"Mac-mini-2.local","fullErrorNode":{"tag":"stream:error","attrs":{"code":"503"}},"msg":"stream errored out"}
⚠️  Connection closed (reason: 503). Reconnecting in 3s...
✅ WhatsApp connected!
{"level":40,"time":1779399293055,"pid":87216,"hostname":"Mac-mini-2.local","msg":"Timeout in AwaitingInitialSync, forcing state to Online and flushing buffer"}
⚠️  Connection closed (reason: 428). Reconnecting in 3s...
✅ WhatsApp connected!
{"level":40,"time":1779405321358,"pid":87216,"hostname":"Mac-mini-2.local","msg":"Timeout in AwaitingInitialSync, forcing state to Online and flushing buffer"}
⚠️  Connection closed (reason: 428). Reconnecting in 3s...
✅ WhatsApp connected!
{"level":40,"time":1779406620319,"pid":87216,"hostname":"Mac-mini-2.local","msg":"Timeout in AwaitingInitialSync, forcing state to Online and flushing buffer"}
Closing session: SessionEntry {
  _chains: {
    'BS0HilNeSf+8OKStN/tw0jzAlb9oVLl66YvQw57QUWgU': { chainKey: [Object], chainType: 2, messageKeys: {} },
    BZMXMZD3kuDr9Pkfe0CsyIxVcAQUW4vGv14lo4nAiZwj: { chainKey: [Object], chainType: 1, messageKeys: {} }
  },
  registrationId: 964615210,
  currentRatchet: {
    ephemeralKeyPair: {
      pubKey: <Buffer 05 93 17 31 90 f7 92 e0 eb f4 f9 1f 7b 40 ac c8 8c 55 70 04 14 5b 8b c6 bf 5e 25 a3 89 c0 89 9c 23>,
      privKey: <Buffer 98 89 01 f1 c2 02 24 a1 fb f8 4e c5 a2 07 01 c3 8d 13 91 fe f9 bc 78 12 81 cd ff 4c 99 3e 24 79>
    },
    lastRemoteEphemeralKey: <Buffer 05 2d 07 8a 53 5e 49 ff bc 38 a4 ad 37 fb 70 d2 3c c0 95 bf 68 54 b9 7a e9 8b d0 c3 9e d0 51 68 14>,
    previousCounter: 0,
    rootKey: <Buffer 83 c0 11 8e 46 74 6d 03 e6 9f d9 2b e9 07 a1 8c 94 4c fb 58 97 63 5b d7 57 4b 7c b7 2b d5 89 a2>
  },
  indexInfo: {
    baseKey: <Buffer 05 f1 5f 43 be c9 0a c2 6d 62 d0 da fb d2 93 52 2d e0 9f a0 2b 05 b9 97 7e 5a 33 06 0e 1c d9 90 68>,
    baseKeyType: 1,
    closed: -1,
    used: 1779375684329,
    created: 1779371102458,
    remoteIdentityKey: <Buffer 05 fe 47 cf 1f 55 8d 8f f8 be d8 26 a8 79 33 df 4b e1 a6 55 a1 32 72 49 79 02 d0 b9 aa 31 bc 16 45>
  }
}
Closing session: SessionEntry {
  _chains: {
    'BaTSctmCO88gMUv+OA+JS/Z2yLd5R8Sa10/w1p/VG1ED': { chainKey: [Object], chainType: 1, messageKeys: {} }
  },
  registrationId: 569403322,
  currentRatchet: {
    ephemeralKeyPair: {
      pubKey: <Buffer 05 a4 d2 72 d9 82 3b cf 20 31 4b fe 38 0f 89 4b f6 76 c8 b7 79 47 c4 9a d7 4f f0 d6 9f d5 1b 51 03>,
      privKey: <Buffer 58 d4 64 93 c2 a0 89 21 b4 f8 d8 4a fb 9f db f3 82 b1 7d 72 c1 05 a2 1b fe 32 a4 47 19 9b 02 6b>
    },
    lastRemoteEphemeralKey: <Buffer 05 1b 20 7a e9 f0 d8 15 81 58 cf ee 36 81 b1 e0 19 48 17 f1 e0 c8 9d 51 45 98 3f b6 28 bc c0 29 45>,
    previousCounter: 0,
    rootKey: <Buffer 08 15 27 ff cc 24 c3 32 ae 87 34 79 e5 89 a3 77 2a f5 60 56 88 aa 57 48 78 52 62 b0 ee 3c 09 09>
  },
  indexInfo: {
    baseKey: <Buffer 05 b6 9d 40 37 e1 26 9a 08 82 0c 4b b8 ff a6 21 5f 27 78 d4 cb 58 93 0b ce b9 bc 12 9f d0 69 bd 47>,
    baseKeyType: 1,
    closed: -1,
    used: 1779371102477,
    created: 1779371102477,
    remoteIdentityKey: <Buffer 05 80 f0 71 26 1a b2 e7 9a 91 38 3b cf b5 de 25 fe 0f 36 33 09 32 17 30 7e c3 f2 72 c9 1a 60 c6 1d>
  },
  pendingPreKey: {
    signedKeyId: 757560,
    baseKey: <Buffer 05 b6 9d 40 37 e1 26 9a 08 82 0c 4b b8 ff a6 21 5f 27 78 d4 cb 58 93 0b ce b9 bc 12 9f d0 69 bd 47>,
    preKeyId: 12799478
  }
}
{"event":"ignored","reason":"allowlist_mismatch","chatId":"120363145668140275@g.us","senderId":"203668037099725@lid"}
{"level":40,"time":1779436368956,"pid":87216,"hostname":"Mac-mini-2.local","msgId":"3EB0CDEF7F8CB72E7AABC3","trace":"Error [ERR_MODULE_NOT_FOUND]: Cannot find package 'link-preview-js' imported from /Users/ktoclaw/.hermes/hermes-agent/scripts/whatsapp-bridge/node_modules/@whiskeysockets/baileys/lib/Utils/link-preview.js\n    at Object.getPackageJSONURL (node:internal/modules/package_json_reader:301:9)\n    at packageResolve (node:internal/modules/esm/resolve:768:81)\n    at moduleResolve (node:internal/modules/esm/resolve:859:18)\n    at defaultResolve (node:internal/modules/esm/resolve:991:11)\n    at #cachedDefaultResolve (node:internal/modules/esm/loader:713:20)\n    at #resolveAndMaybeBlockOnLoaderThread (node:internal/modules/esm/loader:730:38)\n    at ModuleLoader.resolveSync (node:internal/modules/esm/loader:759:52)\n    at #resolve (node:internal/modules/esm/loader:695:17)\n    at ModuleLoader.getOrCreateModuleJob (node:internal/modules/esm/loader:615:35)\n    at onImport.tracePromise.__proto__ (node:internal/modules/esm/loader:644:32)","msg":"url generation failed"}
{"level":40,"time":1779436382839,"pid":87216,"hostname":"Mac-mini-2.local","msgId":"3EB028E3488D6ECDE31FAA","trace":"Error [ERR_MODULE_NOT_FOUND]: Cannot find package 'link-preview-js' imported from /Users/ktoclaw/.hermes/hermes-agent/scripts/whatsapp-bridge/node_modules/@whiskeysockets/baileys/lib/Utils/link-preview.js\n    at Object.getPackageJSONURL (node:internal/modules/package_json_reader:301:9)\n    at packageResolve (node:internal/modules/esm/resolve:768:81)\n    at moduleResolve (node:internal/modules/esm/resolve:859:18)\n    at defaultResolve (node:internal/modules/esm/resolve:991:11)\n    at #cachedDefaultResolve (node:internal/modules/esm/loader:713:20)\n    at #resolveAndMaybeBlockOnLoaderThread (node:internal/modules/esm/loader:730:38)\n    at ModuleLoader.resolveSync (node:internal/modules/esm/loader:759:52)\n    at #resolve (node:internal/modules/esm/loader:695:17)\n    at ModuleLoader.getOrCreateModuleJob (node:internal/modules/esm/loader:615:35)\n    at onImport.tracePromise.__proto__ (node:internal/modules/esm/loader:644:32)","msg":"url generation failed"}
{"level":40,"time":1779436388278,"pid":87216,"hostname":"Mac-mini-2.local","msgId":"3EB0516392CC87056CCC41","trace":"Error [ERR_MODULE_NOT_FOUND]: Cannot find package 'link-preview-js' imported from /Users/ktoclaw/.hermes/hermes-agent/scripts/whatsapp-bridge/node_modules/@whiskeysockets/baileys/lib/Utils/link-preview.js\n    at Object.getPackageJSONURL (node:internal/modules/package_json_reader:301:9)\n    at packageResolve (node:internal/modules/esm/resolve:768:81)\n    at moduleResolve (node:internal/modules/esm/resolve:859:18)\n    at defaultResolve (node:internal/modules/esm/resolve:991:11)\n    at #cachedDefaultResolve (node:internal/modules/esm/loader:713:20)\n    at #resolveAndMaybeBlockOnLoaderThread (node:internal/modules/esm/loader:730:38)\n    at ModuleLoader.resolveSync (node:internal/modules/esm/loader:759:52)\n    at #resolve (node:internal/modules/esm/loader:695:17)\n    at ModuleLoader.getOrCreateModuleJob (node:internal/modules/esm/loader:615:35)\n    at onImport.tracePromise.__proto__ (node:internal/modules/esm/loader:644:32)","msg":"url generation failed"}
{"level":40,"time":1779436397637,"pid":87216,"hostname":"Mac-mini-2.local","msgId":"3EB07ECD856393B0D3195D","trace":"Error [ERR_MODULE_NOT_FOUND]: Cannot find package 'link-preview-js' imported from /Users/ktoclaw/.hermes/hermes-agent/scripts/whatsapp-bridge/node_modules/@whiskeysockets/baileys/lib/Utils/link-preview.js\n    at Object.getPackageJSONURL (node:internal/modules/package_json_reader:301:9)\n    at packageResolve (node:internal/modules/esm/resolve:768:81)\n    at moduleResolve (node:internal/modules/esm/resolve:859:18)\n    at defaultResolve (node:internal/modules/esm/resolve:991:11)\n    at #cachedDefaultResolve (node:internal/modules/esm/loader:713:20)\n    at #resolveAndMaybeBlockOnLoaderThread (node:internal/modules/esm/loader:730:38)\n    at ModuleLoader.resolveSync (node:internal/modules/esm/loader:759:52)\n    at #resolve (node:internal/modules/esm/loader:695:17)\n    at ModuleLoader.getOrCreateModuleJob (node:internal/modules/esm/loader:615:35)\n    at onImport.tracePromise.__proto__ (node:internal/modules/esm/loader:644:32)","msg":"url generation failed"}
{"level":40,"time":1779436406090,"pid":87216,"hostname":"Mac-mini-2.local","msgId":"3EB0789A95E48CC17CE8EA","trace":"Error [ERR_MODULE_NOT_FOUND]: Cannot find package 'link-preview-js' imported from /Users/ktoclaw/.hermes/hermes-agent/scripts/whatsapp-bridge/node_modules/@whiskeysockets/baileys/lib/Utils/link-preview.js\n    at Object.getPackageJSONURL (node:internal/modules/package_json_reader:301:9)\n    at packageResolve (node:internal/modules/esm/resolve:768:81)\n    at moduleResolve (node:internal/modules/esm/resolve:859:18)\n    at defaultResolve (node:internal/modules/esm/resolve:991:11)\n    at #cachedDefaultResolve (node:internal/modules/esm/loader:713:20)\n    at #resolveAndMaybeBlockOnLoaderThread (node:internal/modules/esm/loader:730:38)\n    at ModuleLoader.resolveSync (node:internal/modules/esm/loader:759:52)\n    at #resolve (node:internal/modules/esm/loader:695:17)\n    at ModuleLoader.getOrCreateModuleJob (node:internal/modules/esm/loader:615:35)\n    at onImport.tracePromise.__proto__ (node:internal/modules/esm/loader:644:32)","msg":"url generation failed"}
{"level":40,"time":1779436412134,"pid":87216,"hostname":"Mac-mini-2.local","msgId":"3EB0A1D3B138F95825F0CC","trace":"Error [ERR_MODULE_NOT_FOUND]: Cannot find package 'link-preview-js' imported from /Users/ktoclaw/.hermes/hermes-agent/scripts/whatsapp-bridge/node_modules/@whiskeysockets/baileys/lib/Utils/link-preview.js\n    at Object.getPackageJSONURL (node:internal/modules/package_json_reader:301:9)\n    at packageResolve (node:internal/modules/esm/resolve:768:81)\n    at moduleResolve (node:internal/modules/esm/resolve:859:18)\n    at defaultResolve (node:internal/modules/esm/resolve:991:11)\n    at #cachedDefaultResolve (node:internal/modules/esm/loader:713:20)\n    at #resolveAndMaybeBlockOnLoaderThread (node:internal/modules/esm/loader:730:38)\n    at ModuleLoader.resolveSync (node:internal/modules/esm/loader:759:52)\n    at #resolve (node:internal/modules/esm/loader:695:17)\n    at ModuleLoader.getOrCreateModuleJob (node:internal/modules/esm/loader:615:35)\n    at onImport.tracePromise.__proto__ (node:internal/modules/esm/loader:644:32)","msg":"url generation failed"}
{"level":40,"time":1779436420288,"pid":87216,"hostname":"Mac-mini-2.local","msgId":"3EB066614C9187BF4CB053","trace":"Error [ERR_MODULE_NOT_FOUND]: Cannot find package 'link-preview-js' imported from /Users/ktoclaw/.hermes/hermes-agent/scripts/whatsapp-bridge/node_modules/@whiskeysockets/baileys/lib/Utils/link-preview.js\n    at Object.getPackageJSONURL (node:internal/modules/package_json_reader:301:9)\n    at packageResolve (node:internal/modules/esm/resolve:768:81)\n    at moduleResolve (node:internal/modules/esm/resolve:859:18)\n    at defaultResolve (node:internal/modules/esm/resolve:991:11)\n    at #cachedDefaultResolve (node:internal/modules/esm/loader:713:20)\n    at #resolveAndMaybeBlockOnLoaderThread (node:internal/modules/esm/loader:730:38)\n    at ModuleLoader.resolveSync (node:internal/modules/esm/loader:759:52)\n    at #resolve (node:internal/modules/esm/loader:695:17)\n    at ModuleLoader.getOrCreateModuleJob (node:internal/modules/esm/loader:615:35)\n    at onImport.tracePromise.__proto__ (node:internal/modules/esm/loader:644:32)","msg":"url generation failed"}
{"level":40,"time":1779436425423,"pid":87216,"hostname":"Mac-mini-2.local","msgId":"3EB082B0F67357A29F42FC","trace":"Error [ERR_MODULE_NOT_FOUND]: Cannot find package 'link-preview-js' imported from /Users/ktoclaw/.hermes/hermes-agent/scripts/whatsapp-bridge/node_modules/@whiskeysockets/baileys/lib/Utils/link-preview.js\n    at Object.getPackageJSONURL (node:internal/modules/package_json_reader:301:9)\n    at packageResolve (node:internal/modules/esm/resolve:768:81)\n    at moduleResolve (node:internal/modules/esm/resolve:859:18)\n    at defaultResolve (node:internal/modules/esm/resolve:991:11)\n    at #cachedDefaultResolve (node:internal/modules/esm/loader:713:20)\n    at #resolveAndMaybeBlockOnLoaderThread (node:internal/modules/esm/loader:730:38)\n    at ModuleLoader.resolveSync (node:internal/modules/esm/loader:759:52)\n    at #resolve (node:internal/modules/esm/loader:695:17)\n    at ModuleLoader.getOrCreateModuleJob (node:internal/modules/esm/loader:615:35)\n    at onImport.tracePromise.__proto__ (node:internal/modules/esm/loader:644:32)","msg":"url generation failed"}
{"level":40,"time":1779436430261,"pid":87216,"hostname":"Mac-mini-2.local","msgId":"3EB064898E3E89DBD60D44","trace":"Error [ERR_MODULE_NOT_FOUND]: Cannot find package 'link-preview-js' imported from /Users/ktoclaw/.hermes/hermes-agent/scripts/whatsapp-bridge/node_modules/@whiskeysockets/baileys/lib/Utils/link-preview.js\n    at Object.getPackageJSONURL (node:internal/modules/package_json_reader:301:9)\n    at packageResolve (node:internal/modules/esm/resolve:768:81)\n    at moduleResolve (node:internal/modules/esm/resolve:859:18)\n    at defaultResolve (node:internal/modules/esm/resolve:991:11)\n    at #cachedDefaultResolve (node:internal/modules/esm/loader:713:20)\n    at #resolveAndMaybeBlockOnLoaderThread (node:internal/modules/esm/loader:730:38)\n    at ModuleLoader.resolveSync (node:internal/modules/esm/loader:759:52)\n    at #resolve (node:internal/modules/esm/loader:695:17)\n    at ModuleLoader.getOrCreateModuleJob (node:internal/modules/esm/loader:615:35)\n    at onImport.tracePromise.__proto__ (node:internal/modules/esm/loader:644:32)","msg":"url generation failed"}
{"level":40,"time":1779436442644,"pid":87216,"hostname":"Mac-mini-2.local","msgId":"3EB03C24E720711ADD0D2B","trace":"Error [ERR_MODULE_NOT_FOUND]: Cannot find package 'link-preview-js' imported from /Users/ktoclaw/.hermes/hermes-agent/scripts/whatsapp-bridge/node_modules/@whiskeysockets/baileys/lib/Utils/link-preview.js\n    at Object.getPackageJSONURL (node:internal/modules/package_json_reader:301:9)\n    at packageResolve (node:internal/modules/esm/resolve:768:81)\n    at moduleResolve (node:internal/modules/esm/resolve:859:18)\n    at defaultResolve (node:internal/modules/esm/resolve:991:11)\n    at #cachedDefaultResolve (node:internal/modules/esm/loader:713:20)\n    at #resolveAndMaybeBlockOnLoaderThread (node:internal/modules/esm/loader:730:38)\n    at ModuleLoader.resolveSync (node:internal/modules/esm/loader:759:52)\n    at #resolve (node:internal/modules/esm/loader:695:17)\n    at ModuleLoader.getOrCreateModuleJob (node:internal/modules/esm/loader:615:35)\n    at onImport.tracePromise.__proto__ (node:internal/modules/esm/loader:644:32)","msg":"url generation failed"}
Closing session: SessionEntry {
  _chains: {
    'BQ+MRx5EV7EC3ThjpbiEyk4YBqIsvhw08QubiYnaQh8n': { chainKey: [Object], chainType: 2, messageKeys: {} },
    'BVbKHz7lorG6+9P/8lFA2LAKFfcJtV/iantOt/FlfPtO': { chainKey: [Object], chainType: 2, messageKeys: {} },
    'BXGlzrHXgrcrieuFUtWLfOa294ruwBy17MR9+cyFWb1G': { chainKey: [Object], chainType: 2, messageKeys: {} },
    BXClnYcIWn0dLNiLYZAjqTrgbPjvEKNhtjQLwkshYiU4: { chainKey: [Object], chainType: 2, messageKeys: {} },
    'BX3L/eAQKKLjtaZCT2vsfAS3NFYdANxPG2oY27nKr6kR': { chainKey: [Object], chainType: 2, messageKeys: {} },
    'BU1Au2GRyORlrUJ+4KGksgDHxMR5jYT01qIWvh9wHShp': { chainKey: [Object], chainType: 2, messageKeys: {} },
    BatHhvH8r0l0HbS8o7ijUwiq3ryyvPmuXngjAs4c28NN: { chainKey: [Object], chainType: 2, messageKeys: {} },
    BfK0eaV4jS48iojRUlcZ3suiV9llM04FADC5DB3r0n0k: { chainKey: [Object], chainType: 2, messageKeys: {} },
    'BSDD/JR1Nl8Jmwi5GW1ePHIB9IJSl18qk20e65Fx9c0m': { chainKey: [Object], chainType: 1, messageKeys: {} }
  },
  registrationId: 964615210,
  currentRatchet: {
    ephemeralKeyPair: {
      pubKey: <Buffer 05 20 c3 fc 94 75 36 5f 09 9b 08 b9 19 6d 5e 3c 72 01 f4 82 52 97 5f 2a 93 6d 1e eb 91 71 f5 cd 26>,
      privKey: <Buffer 88 3d 0f 5e d6 03 bd 32 cb 15 ee 24 a8 81 c1 ac 97 49 00 b5 33 b2 c1 e5 93 49 de 28 f3 38 88 64>
    },
    lastRemoteEphemeralKey: <Buffer 05 f2 b4 79 a5 78 8d 2e 3c 8a 88 d1 52 57 19 de cb a2 57 d9 65 33 4e 05 00 30 b9 0c 1d eb d2 7d 24>,
    previousCounter: 0,
    rootKey: <Buffer 58 e7 71 f2 05 c7 47 c8 3c a1 0f 40 f7 02 1d 7b 91 97 60 93 78 d3 d9 1d 51 0a de c0 1e f6 29 b0>
  },
  indexInfo: {
    baseKey: <Buffer 05 d4 63 cc b4 73 eb 39 7a 56 32 7e 32 be af e5 66 a5 83 a1 37 e7 ae b8 e8 38 74 e2 ca 26 5b b6 42>,
    baseKeyType: 1,
    closed: -1,
    used: 1779442177619,
    created: 1779416692437,
    remoteIdentityKey: <Buffer 05 fe 47 cf 1f 55 8d 8f f8 be d8 26 a8 79 33 df 4b e1 a6 55 a1 32 72 49 79 02 d0 b9 aa 31 bc 16 45>
  }
}
Closing session: SessionEntry {
  _chains: {
    'BYgWe+4odg7Ddq9Gr0eUyJu94oXU0o2NSilta33u+zBb': { chainKey: [Object], chainType: 1, messageKeys: {} }
  },
  registrationId: 569403322,
  currentRatchet: {
    ephemeralKeyPair: {
      pubKey: <Buffer 05 88 16 7b ee 28 76 0e c3 76 af 46 af 47 94 c8 9b bd e2 85 d4 d2 8d 8d 4a 29 6d 6b 7d ee fb 30 5b>,
      privKey: <Buffer 20 b3 f4 03 56 ab 8c 20 5c 9c 25 57 5d a6 69 c3 8d a0 95 ca 5d 96 a2 05 a0 8e 10 47 ea 8e 83 68>
    },
    lastRemoteEphemeralKey: <Buffer 05 1b 20 7a e9 f0 d8 15 81 58 cf ee 36 81 b1 e0 19 48 17 f1 e0 c8 9d 51 45 98 3f b6 28 bc c0 29 45>,
    previousCounter: 0,
    rootKey: <Buffer 6b ce 0a 3f 0c b1 bc 85 22 95 54 24 57 00 fa 24 46 0d 60 73 2a a9 ff 5f e8 aa f2 af 5c 2f 7f 8d>
  },
  indexInfo: {
    baseKey: <Buffer 05 95 bb 85 19 98 3a 57 65 fd ab fb 80 ae f8 fb 4f 7d 1f 06 3b 9c 19 d6 1f 6f 3d 76 2a 5d 8c c4 33>,
    baseKeyType: 1,
    closed: -1,
    used: 1779416692442,
    created: 1779416692442,
    remoteIdentityKey: <Buffer 05 80 f0 71 26 1a b2 e7 9a 91 38 3b cf b5 de 25 fe 0f 36 33 09 32 17 30 7e c3 f2 72 c9 1a 60 c6 1d>
  },
  pendingPreKey: {
    signedKeyId: 757560,
    baseKey: <Buffer 05 95 bb 85 19 98 3a 57 65 fd ab fb 80 ae f8 fb 4f 7d 1f 06 3b 9c 19 d6 1f 6f 3d 76 2a 5d 8c c4 33>,
    preKeyId: 12799292
  }
}
Closing session: SessionEntry {
  _chains: {
    'BbrC7BVoiKVaRcln/riP/Aths0PYCk0gUSvkDpDniMt1': { chainKey: [Object], chainType: 1, messageKeys: {} }
  },
  registrationId: 964615210,
  currentRatchet: {
    ephemeralKeyPair: {
      pubKey: <Buffer 05 ba c2 ec 15 68 88 a5 5a 45 c9 67 fe b8 8f fc 0b 61 b3 43 d8 0a 4d 20 51 2b e4 0e 90 e7 88 cb 75>,
      privKey: <Buffer 80 ba 05 bd f2 f9 f8 6d 10 08 f3 f4 6a e7 be 17 8d 12 bf b1 1d fc d6 c7 d0 b9 3f 9e d6 92 8f 4e>
    },
    lastRemoteEphemeralKey: <Buffer 05 c2 be c7 d6 de a7 f0 eb 30 44 5f c3 78 1b 56 b3 1c 2f cf 81 0d 57 99 f7 25 ba db 9e 4e 33 48 4f>,
    previousCounter: 0,
    rootKey: <Buffer 9c 80 f8 a5 68 77 a4 21 bb 7b f1 90 3e e5 9f 14 7d 9c 23 05 50 f6 7b 70 00 69 fe 4d cb 8e 79 49>
  },
  indexInfo: {
    baseKey: <Buffer 05 08 d0 a3 c3 0a 2b a8 6d 26 3c cf 2e 17 5e be 6e 62 38 ad 20 05 2e 86 07 99 c0 c7 b6 2e 5d c8 17>,
    baseKeyType: 1,
    closed: -1,
    used: 1779444001975,
    created: 1779444001975,
    remoteIdentityKey: <Buffer 05 fe 47 cf 1f 55 8d 8f f8 be d8 26 a8 79 33 df 4b e1 a6 55 a1 32 72 49 79 02 d0 b9 aa 31 bc 16 45>
  },
  pendingPreKey: {
    signedKeyId: 11851721,
    baseKey: <Buffer 05 08 d0 a3 c3 0a 2b a8 6d 26 3c cf 2e 17 5e be 6e 62 38 ad 20 05 2e 86 07 99 c0 c7 b6 2e 5d c8 17>,
    preKeyId: 12397
  }
}
Closing session: SessionEntry {
  _chains: {
    'BYVpsLAGVxLN1e8bQ3L+0M+RO5gR2JbpK9mU5F/GkxYP': { chainKey: [Object], chainType: 1, messageKeys: {} }
  },
  registrationId: 569403322,
  currentRatchet: {
    ephemeralKeyPair: {
      pubKey: <Buffer 05 85 69 b0 b0 06 57 12 cd d5 ef 1b 43 72 fe d0 cf 91 3b 98 11 d8 96 e9 2b d9 94 e4 5f c6 93 16 0f>,
      privKey: <Buffer c8 cb 3d f5 3e 63 0b 85 4a 97 94 ff 0c 98 da dd d3 35 75 a7 fa c2 db f1 d4 78 85 60 3f f1 e0 7b>
    },
    lastRemoteEphemeralKey: <Buffer 05 1b 20 7a e9 f0 d8 15 81 58 cf ee 36 81 b1 e0 19 48 17 f1 e0 c8 9d 51 45 98 3f b6 28 bc c0 29 45>,
    previousCounter: 0,
    rootKey: <Buffer 03 5b f5 be 28 e5 bd ed f4 cc 4b de 9e 97 fd 4c 11 41 4d bc 63 50 08 07 4d c1 0c 60 5f 3f bf 77>
  },
  indexInfo: {
    baseKey: <Buffer 05 4c 43 24 66 2e b9 3b e1 3f 0f b4 6e f9 9b 6e 9d 63 da fd df 4f 25 c3 99 a2 6a a9 8f cd 0c f0 26>,
    baseKeyType: 1,
    closed: -1,
    used: 1779444001980,
    created: 1779444001980,
    remoteIdentityKey: <Buffer 05 80 f0 71 26 1a b2 e7 9a 91 38 3b cf b5 de 25 fe 0f 36 33 09 32 17 30 7e c3 f2 72 c9 1a 60 c6 1d>
  },
  pendingPreKey: {
    signedKeyId: 757560,
    baseKey: <Buffer 05 4c 43 24 66 2e b9 3b e1 3f 0f b4 6e f9 9b 6e 9d 63 da fd df 4f 25 c3 99 a2 6a a9 8f cd 0c f0 26>,
    preKeyId: 12799267
  }
}
Closing session: SessionEntry {
  _chains: {
    'BYpBMNPyDJfH+j5dDBSFEYaRV7hbzDXewooQe2qagJt/': { chainKey: [Object], chainType: 1, messageKeys: {} }
  },
  registrationId: 964615210,
  currentRatchet: {
    ephemeralKeyPair: {
      pubKey: <Buffer 05 8a 41 30 d3 f2 0c 97 c7 fa 3e 5d 0c 14 85 11 86 91 57 b8 5b cc 35 de c2 8a 10 7b 6a 9a 80 9b 7f>,
      privKey: <Buffer 18 fc da 81 55 9c 77 a8 5b 1d 9b 41 9d c1 72 f2 15 63 e8 e9 85 46 57 19 6c f2 1c 05 1a d3 8e 49>
    },
    lastRemoteEphemeralKey: <Buffer 05 c2 be c7 d6 de a7 f0 eb 30 44 5f c3 78 1b 56 b3 1c 2f cf 81 0d 57 99 f7 25 ba db 9e 4e 33 48 4f>,
    previousCounter: 0,
    rootKey: <Buffer 79 9f bb 68 3d 52 23 74 7b b1 ad 73 dd dd b1 22 e4 f8 55 49 cd 11 44 b4 fd 83 ff 97 aa 40 1b b5>
  },
  indexInfo: {
    baseKey: <Buffer 05 b3 38 8e 7c f3 08 49 cd 68 01 4a a7 14 c0 c7 3a e4 cc 69 17 29 88 12 8e 8c be 9e f2 a7 ba 58 21>,
    baseKeyType: 1,
    closed: -1,
    used: 1779450642122,
    created: 1779450642122,
    remoteIdentityKey: <Buffer 05 fe 47 cf 1f 55 8d 8f f8 be d8 26 a8 79 33 df 4b e1 a6 55 a1 32 72 49 79 02 d0 b9 aa 31 bc 16 45>
  },
  pendingPreKey: {
    signedKeyId: 11851721,
    baseKey: <Buffer 05 b3 38 8e 7c f3 08 49 cd 68 01 4a a7 14 c0 c7 3a e4 cc 69 17 29 88 12 8e 8c be 9e f2 a7 ba 58 21>,
    preKeyId: 12819
  }
}
Closing session: SessionEntry {
  _chains: {
    'Bc9IXMH933o0/9XP8cJKgSJVYtjpBE5hk2P0wjXFq2Mm': { chainKey: [Object], chainType: 1, messageKeys: {} }
  },
  registrationId: 569403322,
  currentRatchet: {
    ephemeralKeyPair: {
      pubKey: <Buffer 05 cf 48 5c c1 fd df 7a 34 ff d5 cf f1 c2 4a 81 22 55 62 d8 e9 04 4e 61 93 63 f4 c2 35 c5 ab 63 26>,
      privKey: <Buffer f0 10 39 f3 69 40 6f 0f 76 2c ff 02 eb d7 b4 92 90 4e ec ed 68 6f c5 b5 d0 d5 cb 5c d9 f0 f3 44>
    },
    lastRemoteEphemeralKey: <Buffer 05 1b 20 7a e9 f0 d8 15 81 58 cf ee 36 81 b1 e0 19 48 17 f1 e0 c8 9d 51 45 98 3f b6 28 bc c0 29 45>,
    previousCounter: 0,
    rootKey: <Buffer db d0 95 3f 44 58 3b 51 34 b0 2c bd 2b 1e 80 d9 ae d6 94 0e ac f9 90 89 d4 b5 93 1b be 8a 4d 89>
  },
  indexInfo: {
    baseKey: <Buffer 05 3f dc b6 35 4e 43 77 f5 cd 73 30 1c e7 e7 b2 e4 5d b9 88 25 f7 83 3a cf d9 33 f8 c8 27 23 00 14>,
    baseKeyType: 1,
    closed: -1,
    used: 1779450642125,
    created: 1779450642125,
    remoteIdentityKey: <Buffer 05 80 f0 71 26 1a b2 e7 9a 91 38 3b cf b5 de 25 fe 0f 36 33 09 32 17 30 7e c3 f2 72 c9 1a 60 c6 1d>
  },
  pendingPreKey: {
    signedKeyId: 757560,
    baseKey: <Buffer 05 3f dc b6 35 4e 43 77 f5 cd 73 30 1c e7 e7 b2 e4 5d b9 88 25 f7 83 3a cf d9 33 f8 c8 27 23 00 14>,
    preKeyId: 12799407
  }
}
Closing session: SessionEntry {
  _chains: {
    BXUhsca9EWJwdkiEmangQlXNwX0csIKQi2cJdY1cqP8s: { chainKey: [Object], chainType: 1, messageKeys: {} }
  },
  registrationId: 964615210,
  currentRatchet: {
    ephemeralKeyPair: {
      pubKey: <Buffer 05 75 21 b1 c6 bd 11 62 70 76 48 84 99 a9 e0 42 55 cd c1 7d 1c b0 82 90 8b 67 09 75 8d 5c a8 ff 2c>,
      privKey: <Buffer 40 90 ed 99 d4 23 fd 68 44 24 cd f0 88 a0 35 9e 3f 18 96 24 95 6d 6d 61 37 0e 80 ed 17 20 6c 7f>
    },
    lastRemoteEphemeralKey: <Buffer 05 c2 be c7 d6 de a7 f0 eb 30 44 5f c3 78 1b 56 b3 1c 2f cf 81 0d 57 99 f7 25 ba db 9e 4e 33 48 4f>,
    previousCounter: 0,
    rootKey: <Buffer 21 17 4c 7f 2f 6d ec ef a0 04 71 54 7e e5 9f d7 cf 83 7c 4f a3 ac 08 a8 5e e1 6d 30 c7 1c f6 62>
  },
  indexInfo: {
    baseKey: <Buffer 05 c3 cb c6 31 e6 84 88 fc 9d e6 49 6f 49 3b b3 1c 24 d6 95 85 29 b2 68 94 21 9e 25 d6 6a 00 75 30>,
    baseKeyType: 1,
    closed: -1,
    used: 1779452466325,
    created: 1779452466325,
    remoteIdentityKey: <Buffer 05 fe 47 cf 1f 55 8d 8f f8 be d8 26 a8 79 33 df 4b e1 a6 55 a1 32 72 49 79 02 d0 b9 aa 31 bc 16 45>
  },
  pendingPreKey: {
    signedKeyId: 11851721,
    baseKey: <Buffer 05 c3 cb c6 31 e6 84 88 fc 9d e6 49 6f 49 3b b3 1c 24 d6 95 85 29 b2 68 94 21 9e 25 d6 6a 00 75 30>,
    preKeyId: 12834
  }
}
Closing session: SessionEntry {
  _chains: {
    'BdFoWKjUtQ3d4MWm4jYqAKOQ+Z57Q0HxqkL6wPVrYaAz': { chainKey: [Object], chainType: 1, messageKeys: {} }
  },
  registrationId: 569403322,
  currentRatchet: {
    ephemeralKeyPair: {
      pubKey: <Buffer 05 d1 68 58 a8 d4 b5 0d dd e0 c5 a6 e2 36 2a 00 a3 90 f9 9e 7b 43 41 f1 aa 42 fa c0 f5 6b 61 a0 33>,
      privKey: <Buffer 20 4d 86 d9 9d 66 0e 62 3c 76 13 8a 2e 54 7d 28 ea 5c d3 a4 64 37 cf 14 b9 c1 ca 21 26 be 62 56>
    },
    lastRemoteEphemeralKey: <Buffer 05 1b 20 7a e9 f0 d8 15 81 58 cf ee 36 81 b1 e0 19 48 17 f1 e0 c8 9d 51 45 98 3f b6 28 bc c0 29 45>,
    previousCounter: 0,
    rootKey: <Buffer b8 3b a7 ae 8f 36 8d 56 6e e9 78 19 12 71 2e a2 d0 af f1 77 1d 51 40 ec ca 50 f2 57 0e 78 54 c3>
  },
  indexInfo: {
    baseKey: <Buffer 05 32 dc ec b7 9b 43 91 e2 bd f8 aa 79 bc 5d 76 ea da 4e d9 06 15 e3 34 26 9a d6 2d ef a4 dd 4c 53>,
    baseKeyType: 1,
    closed: -1,
    used: 1779452466329,
    created: 1779452466329,
    remoteIdentityKey: <Buffer 05 80 f0 71 26 1a b2 e7 9a 91 38 3b cf b5 de 25 fe 0f 36 33 09 32 17 30 7e c3 f2 72 c9 1a 60 c6 1d>
  },
  pendingPreKey: {
    signedKeyId: 757560,
    baseKey: <Buffer 05 32 dc ec b7 9b 43 91 e2 bd f8 aa 79 bc 5d 76 ea da 4e d9 06 15 e3 34 26 9a d6 2d ef a4 dd 4c 53>,
    preKeyId: 12799273
  }
}
⚠️  Connection closed (reason: 428). Reconnecting in 3s...
✅ WhatsApp connected!
{"level":40,"time":1779471280171,"pid":87216,"hostname":"Mac-mini-2.local","msg":"Timeout in AwaitingInitialSync, forcing state to Online and flushing buffer"}
{"level":50,"time":1779474210948,"pid":87216,"hostname":"Mac-mini-2.local","fullErrorNode":{"tag":"stream:error","attrs":{"code":"503"}},"msg":"stream errored out"}
⚠️  Connection closed (reason: 503). Reconnecting in 3s...
✅ WhatsApp connected!
{"level":40,"time":1779474235527,"pid":87216,"hostname":"Mac-mini-2.local","msg":"Timeout in AwaitingInitialSync, forcing state to Online and flushing buffer"}
{"level":50,"time":1779474484861,"pid":87216,"hostname":"Mac-mini-2.local","fullErrorNode":{"tag":"stream:error","attrs":{"code":"503"}},"msg":"stream errored out"}
⚠️  Connection closed (reason: 503). Reconnecting in 3s...
✅ WhatsApp connected!
{"level":40,"time":1779474510098,"pid":87216,"hostname":"Mac-mini-2.local","msg":"Timeout in AwaitingInitialSync, forcing state to Online and flushing buffer"}
⚠️  Connection closed (reason: 428). Reconnecting in 3s...
✅ WhatsApp connected!
{"level":40,"time":1779481583517,"pid":87216,"hostname":"Mac-mini-2.local","msg":"Timeout in AwaitingInitialSync, forcing state to Online and flushing buffer"}
⚠️  Connection closed (reason: 428). Reconnecting in 3s...
✅ WhatsApp connected!
{"level":40,"time":1779487857565,"pid":87216,"hostname":"Mac-mini-2.local","msg":"Timeout in AwaitingInitialSync, forcing state to Online and flushing buffer"}
{"event":"ignored","reason":"allowlist_mismatch","chatId":"60125226892-1567175357@g.us","senderId":"203521437778053@lid"}
{"event":"ignored","reason":"allowlist_mismatch","chatId":"60125226892-1567175357@g.us","senderId":"203521437778053@lid"}
{"event":"ignored","reason":"allowlist_mismatch","chatId":"60125226892-1567175357@g.us","senderId":"203521437778053@lid"}
{"event":"ignored","reason":"allowlist_mismatch","chatId":"60125226892-1567175357@g.us","senderId":"203521437778053@lid"}
Closing session: SessionEntry {
  _chains: {
    'BfLOrG3gtL9GEijt4u8cY+MPZ04TuUClCdQXM7xn15VN': { chainKey: [Object], chainType: 2, messageKeys: {} },
    'BceAQf52xQYysiPq9btnMrox0LKG+QTD9UgSz4vlnYdl': { chainKey: [Object], chainType: 1, messageKeys: {} }
  },
  registrationId: 964615210,
  currentRatchet: {
    ephemeralKeyPair: {
      pubKey: <Buffer 05 c7 80 41 fe 76 c5 06 32 b2 23 ea f5 bb 67 32 ba 31 d0 b2 86 f9 04 c3 f5 48 12 cf 8b e5 9d 87 65>,
      privKey: <Buffer 80 ec ef cb 7e e8 84 ed 90 5d bb 9c d2 48 88 8b 8f 9c 5b d6 35 ae c8 8d e0 75 01 13 27 85 e4 5f>
    },
    lastRemoteEphemeralKey: <Buffer 05 f2 ce ac 6d e0 b4 bf 46 12 28 ed e2 ef 1c 63 e3 0f 67 4e 13 b9 40 a5 09 d4 17 33 bc 67 d7 95 4d>,
    previousCounter: 0,
    rootKey: <Buffer 93 44 21 fb 70 8e 9a 9a 7f 11 a7 ce ac ee 7d ac aa a4 06 58 b4 e7 26 56 c8 ac 16 c2 ca 25 57 33>
  },
  indexInfo: {
    baseKey: <Buffer 05 ff bf 60 7b 9e 21 b2 05 57 e3 59 47 38 31 4b 51 b3 27 72 74 78 56 e5 ef 3a 30 6e 8a a3 79 de 65>,
    baseKeyType: 1,
    closed: -1,
    used: 1779501119077,
    created: 1779457502542,
    remoteIdentityKey: <Buffer 05 fe 47 cf 1f 55 8d 8f f8 be d8 26 a8 79 33 df 4b e1 a6 55 a1 32 72 49 79 02 d0 b9 aa 31 bc 16 45>
  }
}
Closing session: SessionEntry {
  _chains: {
    BYvdENQINFH6zECPTVXNLiYop5xT1bUFfsX6lndCFtZb: { chainKey: [Object], chainType: 1, messageKeys: {} }
  },
  registrationId: 569403322,
  currentRatchet: {
    ephemeralKeyPair: {
      pubKey: <Buffer 05 8b dd 10 d4 08 34 51 fa cc 40 8f 4d 55 cd 2e 26 28 a7 9c 53 d5 b5 05 7e c5 fa 96 77 42 16 d6 5b>,
      privKey: <Buffer f8 32 ad 04 ed f7 8f 6c 5c 24 2f 44 84 02 4f cd 12 3d e9 4f 22 4f cd 4e 1e 18 28 d5 2d 9b 95 77>
    },
    lastRemoteEphemeralKey: <Buffer 05 1b 20 7a e9 f0 d8 15 81 58 cf ee 36 81 b1 e0 19 48 17 f1 e0 c8 9d 51 45 98 3f b6 28 bc c0 29 45>,
    previousCounter: 0,
    rootKey: <Buffer c8 5d bf 61 f0 16 cb 10 7e 06 55 75 36 65 55 19 0f af 76 d4 e8 84 32 16 7c 3d 7b b6 6b b7 72 4a>
  },
  indexInfo: {
    baseKey: <Buffer 05 12 68 f3 a1 04 94 b0 4e f2 cf 75 2d 3b 03 0c 0f b7 30 4f c1 3b 4f 3c 75 50 9b db 62 c8 79 36 0c>,
    baseKeyType: 1,
    closed: -1,
    used: 1779457502547,
    created: 1779457502547,
    remoteIdentityKey: <Buffer 05 80 f0 71 26 1a b2 e7 9a 91 38 3b cf b5 de 25 fe 0f 36 33 09 32 17 30 7e c3 f2 72 c9 1a 60 c6 1d>
  },
  pendingPreKey: {
    signedKeyId: 757560,
    baseKey: <Buffer 05 12 68 f3 a1 04 94 b0 4e f2 cf 75 2d 3b 03 0c 0f b7 30 4f c1 3b 4f 3c 75 50 9b db 62 c8 79 36 0c>,
    preKeyId: 12799420
  }
}
{"event":"ignored","reason":"allowlist_mismatch","chatId":"60125226892-1567175357@g.us","senderId":"157801410248925@lid"}
{"event":"ignored","reason":"allowlist_mismatch","chatId":"60125226892-1567175357@g.us","senderId":"157801410248925@lid"}
{"event":"ignored","reason":"allowlist_mismatch","chatId":"60125226892-1567175357@g.us","senderId":"157801410248925@lid"}
{"event":"ignored","reason":"allowlist_mismatch","chatId":"60125226892-1567175357@g.us","senderId":"157801410248925@lid"}
{"event":"ignored","reason":"allowlist_mismatch","chatId":"60125226892-1567175357@g.us","senderId":"157801410248925@lid"}
{"event":"ignored","reason":"allowlist_mismatch","chatId":"60125226892-1567175357@g.us","senderId":"203521437778053@lid"}
{"level":50,"time":1779679937438,"pid":87216,"hostname":"Mac-mini-2.local","error":{},"msg":"transaction failed, rolling back"}
{"level":50,"time":1779679937440,"pid":87216,"hostname":"Mac-mini-2.local","key":{"remoteJid":"60125226892-1567175357@g.us","fromMe":false,"id":"3B9F6AFA9D295F0F5424","participant":"157801410248925:18@lid","participantAlt":"60143456946@s.whatsapp.net","addressingMode":"lid"},"err":{"type":"Error","message":"No session found to decrypt message","stack":"Error: No session found to decrypt message\n    at GroupCipher.decrypt (file:///Users/ktoclaw/.hermes/hermes-agent/scripts/whatsapp-bridge/node_modules/@whiskeysockets/baileys/lib/Signal/Group/group_cipher.js:35:19)\n    at async file:///Users/ktoclaw/.hermes/hermes-agent/scripts/whatsapp-bridge/node_modules/@whiskeysockets/baileys/lib/Utils/auth-utils.js:249:40"},"messageType":"skmsg","sender":"60125226892-1567175357@g.us","author":"157801410248925:18@lid","isSessionRecordError":false,"msg":"failed to decrypt message"}
{"event":"ignored","reason":"allowlist_mismatch","chatId":"60125226892-1567175357@g.us","senderId":"157801410248925@lid"}
{"event":"ignored","reason":"allowlist_mismatch","chatId":"60125226892-1567175357@g.us","senderId":"157801410248925@lid"}
{"event":"ignored","reason":"allowlist_mismatch","chatId":"60125226892-1567175357@g.us","senderId":"157801410248925@lid"}
{"event":"ignored","reason":"allowlist_mismatch","chatId":"60125226892-1567175357@g.us","senderId":"157801410248925@lid"}
{"event":"ignored","reason":"allowlist_mismatch","chatId":"60125226892-1567175357@g.us","senderId":"157801410248925@lid"}
{"event":"ignored","reason":"allowlist_mismatch","chatId":"60125226892-1567175357@g.us","senderId":"157801410248925@lid"}
{"event":"ignored","reason":"allowlist_mismatch","chatId":"60125226892-1567175357@g.us","senderId":"157801410248925@lid"}
{"event":"ignored","reason":"allowlist_mismatch","chatId":"60125226892-1567175357@g.us","senderId":"157801410248925@lid"}
{"event":"ignored","reason":"allowlist_mismatch","chatId":"60125226892-1567175357@g.us","senderId":"157801410248925@lid"}
{"event":"ignored","reason":"allowlist_mismatch","chatId":"120363145668140275@g.us","senderId":"255606590058731@lid"}
{"event":"ignored","reason":"allowlist_mismatch","chatId":"120363145668140275@g.us","senderId":"255606590058731@lid"}
Closing session: SessionEntry {
  _chains: {
    'BZtTL6Ydqse7VC+LdESMvX0bVCjP7+amckqsePhcgSkx': { chainKey: [Object], chainType: 2, messageKeys: {} },
    'BQnF2DoH9BxX0rLmKQKK6lTggbS1+HsA2t+ddiPFYlwU': { chainKey: [Object], chainType: 1, messageKeys: {} }
  },
  registrationId: 964615210,
  currentRatchet: {
    ephemeralKeyPair: {
      pubKey: <Buffer 05 09 c5 d8 3a 07 f4 1c 57 d2 b2 e6 29 02 8a ea 54 e0 81 b4 b5 f8 7b 00 da df 9d 76 23 c5 62 5c 14>,
      privKey: <Buffer 80 25 14 e8 37 83 3f e4 68 78 5a dd 79 32 6f 99 19 d2 20 21 93 2d 9e 5c 5c 42 84 9f cc 3d d4 75>
    },
    lastRemoteEphemeralKey: <Buffer 05 9b 53 2f a6 1d aa c7 bb 54 2f 8b 74 44 8c bd 7d 1b 54 28 cf ef e6 a6 72 4a ac 78 f8 5c 81 29 31>,
    previousCounter: 1,
    rootKey: <Buffer 2d 12 6d db 96 d7 ff 87 84 70 2a 2e d9 18 b2 56 d3 6a 52 d1 a2 2f a9 68 f4 bd 29 b7 90 ec 80 c0>
  },
  indexInfo: {
    baseKey: <Buffer 05 2b be 59 61 5b ee 74 53 89 cb f2 b6 ad d0 45 de 7b d2 0a b8 9e 4f 35 99 9f 66 9f 32 7a 04 f7 73>,
    baseKeyType: 1,
    closed: -1,
    used: 1779594146784,
    created: 1779519104458,
    remoteIdentityKey: <Buffer 05 fe 47 cf 1f 55 8d 8f f8 be d8 26 a8 79 33 df 4b e1 a6 55 a1 32 72 49 79 02 d0 b9 aa 31 bc 16 45>
  }
}
Closing session: SessionEntry {
  _chains: {
    'BXY/yHQauVB2WevY/6rTV6Y5efOY4+mY5c5SUOFh5Mwo': { chainKey: [Object], chainType: 1, messageKeys: {} }
  },
  registrationId: 569403322,
  currentRatchet: {
    ephemeralKeyPair: {
      pubKey: <Buffer 05 76 3f c8 74 1a b9 50 76 59 eb d8 ff aa d3 57 a6 39 79 f3 98 e3 e9 98 e5 ce 52 50 e1 61 e4 cc 28>,
      privKey: <Buffer a8 ff 7e bf 0c ca 62 af 44 1a 87 5b 2f 92 62 63 24 50 b2 9b e8 da e3 18 76 c0 74 be 0e e6 5e 68>
    },
    lastRemoteEphemeralKey: <Buffer 05 1b 20 7a e9 f0 d8 15 81 58 cf ee 36 81 b1 e0 19 48 17 f1 e0 c8 9d 51 45 98 3f b6 28 bc c0 29 45>,
    previousCounter: 0,
    rootKey: <Buffer 22 db 90 ae 6b 5d 9a 60 ce d6 45 5b 05 f7 fd b7 02 41 7d 28 a2 ca ec 9e ad e0 f0 36 b5 45 cd ff>
  },
  indexInfo: {
    baseKey: <Buffer 05 81 34 df ce e2 c6 a8 f2 3d 90 10 4e 4f d2 a8 ca 3b 5c c0 5c 8e 67 1a 7d a3 83 e5 b1 25 ca c8 79>,
    baseKeyType: 1,
    closed: -1,
    used: 1779519104465,
    created: 1779519104465,
    remoteIdentityKey: <Buffer 05 80 f0 71 26 1a b2 e7 9a 91 38 3b cf b5 de 25 fe 0f 36 33 09 32 17 30 7e c3 f2 72 c9 1a 60 c6 1d>
  },
  pendingPreKey: {
    signedKeyId: 757560,
    baseKey: <Buffer 05 81 34 df ce e2 c6 a8 f2 3d 90 10 4e 4f d2 a8 ca 3b 5c c0 5c 8e 67 1a 7d a3 83 e5 b1 25 ca c8 79>,
    preKeyId: 12799071
  }
}
Closing session: SessionEntry {
  _chains: {
    'Be/Q6kSt9D5TVJaljDneRo9FB20wStwneUzGHulLTHga': { chainKey: [Object], chainType: 1, messageKeys: {} }
  },
  registrationId: 964615210,
  currentRatchet: {
    ephemeralKeyPair: {
      pubKey: <Buffer 05 ef d0 ea 44 ad f4 3e 53 54 96 a5 8c 39 de 46 8f 45 07 6d 30 4a dc 27 79 4c c6 1e e9 4b 4c 78 1a>,
      privKey: <Buffer 80 eb 66 63 d6 53 4a a6 da f3 58 81 9a 9b b5 5c 2b 66 ef dd 9c 34 3c 98 b3 06 4f 71 f7 a3 c4 65>
    },
    lastRemoteEphemeralKey: <Buffer 05 c2 be c7 d6 de a7 f0 eb 30 44 5f c3 78 1b 56 b3 1c 2f cf 81 0d 57 99 f7 25 ba db 9e 4e 33 48 4f>,
    previousCounter: 0,
    rootKey: <Buffer af 60 15 3d 81 b5 11 71 64 c3 2d 66 f9 d8 a4 09 95 86 01 0d d0 e0 39 8c ad be 81 3d c8 8a b3 e9>
  },
  indexInfo: {
    baseKey: <Buffer 05 17 c3 70 79 2b a8 51 f1 b5 12 15 ba d7 d2 55 44 62 dc d6 5e 03 4e 8f 37 1f 48 c2 85 8d 93 25 09>,
    baseKeyType: 1,
    closed: -1,
    used: 1779691865904,
    created: 1779691865904,
    remoteIdentityKey: <Buffer 05 fe 47 cf 1f 55 8d 8f f8 be d8 26 a8 79 33 df 4b e1 a6 55 a1 32 72 49 79 02 d0 b9 aa 31 bc 16 45>
  },
  pendingPreKey: {
    signedKeyId: 11851721,
    baseKey: <Buffer 05 17 c3 70 79 2b a8 51 f1 b5 12 15 ba d7 d2 55 44 62 dc d6 5e 03 4e 8f 37 1f 48 c2 85 8d 93 25 09>,
    preKeyId: 12827
  }
}
Closing session: SessionEntry {
  _chains: {
    BZ3V9ir4EkxtiBzhzUay7Mn0EhQOY1HyOXCe5AOM85E9: { chainKey: [Object], chainType: 1, messageKeys: {} }
  },
  registrationId: 569403322,
  currentRatchet: {
    ephemeralKeyPair: {
      pubKey: <Buffer 05 9d d5 f6 2a f8 12 4c 6d 88 1c e1 cd 46 b2 ec c9 f4 12 14 0e 63 51 f2 39 70 9e e4 03 8c f3 91 3d>,
      privKey: <Buffer c0 ac 63 a4 c7 53 64 dc 46 63 50 3b 67 b9 8c a2 88 0b 0f 48 a3 7a 64 6d 1e 6e d5 02 88 30 12 6b>
    },
    lastRemoteEphemeralKey: <Buffer 05 1b 20 7a e9 f0 d8 15 81 58 cf ee 36 81 b1 e0 19 48 17 f1 e0 c8 9d 51 45 98 3f b6 28 bc c0 29 45>,
    previousCounter: 0,
    rootKey: <Buffer ad 78 10 ef 28 cc e9 93 4c 34 92 f5 50 3c fa 09 44 bf d9 8c e0 32 06 0d 28 62 72 36 16 89 0a 7b>
  },
  indexInfo: {
    baseKey: <Buffer 05 50 0b 3b bc 83 84 5d 57 a7 f7 1b 72 d4 88 a0 df 78 bc 47 ee 8a 2e 20 7a 39 24 c2 c3 b2 59 d4 26>,
    baseKeyType: 1,
    closed: -1,
    used: 1779691865910,
    created: 1779691865910,
    remoteIdentityKey: <Buffer 05 80 f0 71 26 1a b2 e7 9a 91 38 3b cf b5 de 25 fe 0f 36 33 09 32 17 30 7e c3 f2 72 c9 1a 60 c6 1d>
  },
  pendingPreKey: {
    signedKeyId: 757560,
    baseKey: <Buffer 05 50 0b 3b bc 83 84 5d 57 a7 f7 1b 72 d4 88 a0 df 78 bc 47 ee 8a 2e 20 7a 39 24 c2 c3 b2 59 d4 26>,
    preKeyId: 12799479
  }
}
{"event":"ignored","reason":"allowlist_mismatch","chatId":"60125226892-1567175357@g.us","senderId":"157801410248925@lid"}
{"event":"ignored","reason":"allowlist_mismatch","chatId":"60125226892-1567175357@g.us","senderId":"157801410248925@lid"}
{"event":"ignored","reason":"allowlist_mismatch","chatId":"120363145668140275@g.us","senderId":"255606590058731@lid"}
{"event":"ignored","reason":"allowlist_mismatch","chatId":"120363145668140275@g.us","senderId":"255606590058731@lid"}
{"event":"ignored","reason":"allowlist_mismatch","chatId":"120363145668140275@g.us","senderId":"255606590058731@lid"}
{"event":"ignored","reason":"allowlist_mismatch","chatId":"120363145668140275@g.us","senderId":"255606590058731@lid"}
{"event":"ignored","reason":"allowlist_mismatch","chatId":"120363145668140275@g.us","senderId":"255606590058731@lid"}
{"event":"ignored","reason":"allowlist_mismatch","chatId":"120363145668140275@g.us","senderId":"203668037099725@lid"}
{"event":"ignored","reason":"allowlist_mismatch","chatId":"60125226892-1567175357@g.us","senderId":"203521437778053@lid"}
{"event":"ignored","reason":"allowlist_mismatch","chatId":"60125226892-1567175357@g.us","senderId":"203521437778053@lid"}
Closing session: SessionEntry {
  _chains: {
    'BRKtmeglg+VW1s6ECjoVu+DbsyArJRkQLbQ2+Z8mTUk4': { chainKey: [Object], chainType: 1, messageKeys: {} }
  },
  registrationId: 964615210,
  currentRatchet: {
    ephemeralKeyPair: {
      pubKey: <Buffer 05 12 ad 99 e8 25 83 e5 56 d6 ce 84 0a 3a 15 bb e0 db b3 20 2b 25 19 10 2d b4 36 f9 9f 26 4d 49 38>,
      privKey: <Buffer a8 72 38 c3 28 ff 5f 09 92 81 2b 43 b1 16 6c 5b d5 f2 6c 42 d2 4b 8a a2 73 9c 8f fa 2e c9 9c 5a>
    },
    lastRemoteEphemeralKey: <Buffer 05 c2 be c7 d6 de a7 f0 eb 30 44 5f c3 78 1b 56 b3 1c 2f cf 81 0d 57 99 f7 25 ba db 9e 4e 33 48 4f>,
    previousCounter: 0,
    rootKey: <Buffer d4 49 f9 f4 37 c4 99 c9 b0 6a 52 60 2e 8f 7a a6 47 c2 99 1d 16 39 01 45 e1 3d 4e d3 fc ba 84 b9>
  },
  indexInfo: {
    baseKey: <Buffer 05 4c e5 bf 95 23 49 e8 fc 19 65 7a da 3f 94 78 2f fe eb 00 d6 bd 5a bf a3 b2 58 df 62 71 a2 26 68>,
    baseKeyType: 1,
    closed: -1,
    used: 1779693641893,
    created: 1779693641893,
    remoteIdentityKey: <Buffer 05 fe 47 cf 1f 55 8d 8f f8 be d8 26 a8 79 33 df 4b e1 a6 55 a1 32 72 49 79 02 d0 b9 aa 31 bc 16 45>
  },
  pendingPreKey: {
    signedKeyId: 11851721,
    baseKey: <Buffer 05 4c e5 bf 95 23 49 e8 fc 19 65 7a da 3f 94 78 2f fe eb 00 d6 bd 5a bf a3 b2 58 df 62 71 a2 26 68>,
    preKeyId: 12935
  }
}
Closing session: SessionEntry {
  _chains: {
    BaOdTPcuHrv3x0gSKwEF40GYAQNwl1Rb982jmMq9lsxj: { chainKey: [Object], chainType: 1, messageKeys: {} }
  },
  registrationId: 569403322,
  currentRatchet: {
    ephemeralKeyPair: {
      pubKey: <Buffer 05 a3 9d 4c f7 2e 1e bb f7 c7 48 12 2b 01 05 e3 41 98 01 03 70 97 54 5b f7 cd a3 98 ca bd 96 cc 63>,
      privKey: <Buffer d0 21 de 47 17 a6 7d 5a e5 84 91 73 5e 61 34 81 8d 85 ab 75 d7 f6 00 8f 5d f0 47 8e 8e a8 a1 70>
    },
    lastRemoteEphemeralKey: <Buffer 05 1b 20 7a e9 f0 d8 15 81 58 cf ee 36 81 b1 e0 19 48 17 f1 e0 c8 9d 51 45 98 3f b6 28 bc c0 29 45>,
    previousCounter: 0,
    rootKey: <Buffer 12 23 09 35 16 39 e5 92 b3 80 0e b0 8b 18 c5 8c e0 3c f4 52 e5 48 0c 9b 40 81 ca de 69 8b 01 9c>
  },
  indexInfo: {
    baseKey: <Buffer 05 0a 3c 92 f8 d1 9d fd 99 11 5d 32 f7 d5 4e 0f bc 15 65 ae 27 f9 50 4c 00 81 91 61 c6 0c 4b e4 1a>,
    baseKeyType: 1,
    closed: -1,
    used: 1779693641898,
    created: 1779693641898,
    remoteIdentityKey: <Buffer 05 80 f0 71 26 1a b2 e7 9a 91 38 3b cf b5 de 25 fe 0f 36 33 09 32 17 30 7e c3 f2 72 c9 1a 60 c6 1d>
  },
  pendingPreKey: {
    signedKeyId: 757560,
    baseKey: <Buffer 05 0a 3c 92 f8 d1 9d fd 99 11 5d 32 f7 d5 4e 0f bc 15 65 ae 27 f9 50 4c 00 81 91 61 c6 0c 4b e4 1a>,
    preKeyId: 12799054
  }
}
Closing session: SessionEntry {
  _chains: {
    'BRppk2B8J7152fvL0XVRMk6oqwn0BaP+j2I4p43MRwZI': { chainKey: [Object], chainType: 1, messageKeys: {} }
  },
  registrationId: 964615210,
  currentRatchet: {
    ephemeralKeyPair: {
      pubKey: <Buffer 05 1a 69 93 60 7c 27 bd 79 d9 fb cb d1 75 51 32 4e a8 ab 09 f4 05 a3 fe 8f 62 38 a7 8d cc 47 06 48>,
      privKey: <Buffer b8 6e 27 cd e5 37 b5 ca 89 b4 60 b3 9b 85 7e e4 4f dd 47 07 0b 51 8a 91 82 f9 c6 f4 0c 39 6b 49>
    },
    lastRemoteEphemeralKey: <Buffer 05 c2 be c7 d6 de a7 f0 eb 30 44 5f c3 78 1b 56 b3 1c 2f cf 81 0d 57 99 f7 25 ba db 9e 4e 33 48 4f>,
    previousCounter: 0,
    rootKey: <Buffer 3d fc d4 bc 17 20 f1 4a 47 ed 1e 81 5e 85 b8 b3 2d 2b 1f 78 10 39 13 38 08 c2 5a 70 70 bb 70 7d>
  },
  indexInfo: {
    baseKey: <Buffer 05 54 f6 09 b4 f8 10 5c 7d 5b 5d bd ff 4b f0 4b d9 c3 e5 73 36 cc 65 fa 59 55 f1 b7 77 85 ed 68 60>,
    baseKeyType: 1,
    closed: -1,
    used: 1779703201832,
    created: 1779703201832,
    remoteIdentityKey: <Buffer 05 fe 47 cf 1f 55 8d 8f f8 be d8 26 a8 79 33 df 4b e1 a6 55 a1 32 72 49 79 02 d0 b9 aa 31 bc 16 45>
  },
  pendingPreKey: {
    signedKeyId: 11851721,
    baseKey: <Buffer 05 54 f6 09 b4 f8 10 5c 7d 5b 5d bd ff 4b f0 4b d9 c3 e5 73 36 cc 65 fa 59 55 f1 b7 77 85 ed 68 60>,
    preKeyId: 12401
  }
}
Closing session: SessionEntry {
  _chains: {
    'BdUcKEh7WhE41IiBZenkTAHd/+HEzjRTJFtgQBiAA78Y': { chainKey: [Object], chainType: 1, messageKeys: {} }
  },
  registrationId: 569403322,
  currentRatchet: {
    ephemeralKeyPair: {
      pubKey: <Buffer 05 d5 1c 28 48 7b 5a 11 38 d4 88 81 65 e9 e4 4c 01 dd ff e1 c4 ce 34 53 24 5b 60 40 18 80 03 bf 18>,
      privKey: <Buffer a0 62 71 36 37 11 8c 71 f1 38 c1 b7 6d 36 75 fb a6 f4 97 66 c9 85 58 0d 1c 61 12 6c a2 2b 06 46>
    },
    lastRemoteEphemeralKey: <Buffer 05 1b 20 7a e9 f0 d8 15 81 58 cf ee 36 81 b1 e0 19 48 17 f1 e0 c8 9d 51 45 98 3f b6 28 bc c0 29 45>,
    previousCounter: 0,
    rootKey: <Buffer f3 be 2d 02 1b fa 8d 0f 3c ea 85 f7 3e c7 09 12 f4 1f 62 2d 0e fc 3d 7d 8e 86 42 29 7c 9d 2e 58>
  },
  indexInfo: {
    baseKey: <Buffer 05 39 f7 af 02 68 14 2c 61 04 57 75 fb 24 ed ea 50 45 58 f2 4d dc 59 37 83 a5 12 fb 16 84 6e 2d 29>,
    baseKeyType: 1,
    closed: -1,
    used: 1779703201836,
    created: 1779703201836,
    remoteIdentityKey: <Buffer 05 80 f0 71 26 1a b2 e7 9a 91 38 3b cf b5 de 25 fe 0f 36 33 09 32 17 30 7e c3 f2 72 c9 1a 60 c6 1d>
  },
  pendingPreKey: {
    signedKeyId: 757560,
    baseKey: <Buffer 05 39 f7 af 02 68 14 2c 61 04 57 75 fb 24 ed ea 50 45 58 f2 4d dc 59 37 83 a5 12 fb 16 84 6e 2d 29>,
    preKeyId: 12799110
  }
}
{"event":"ignored","reason":"allowlist_mismatch","chatId":"60125226892-1567175357@g.us","senderId":"203521437778053@lid"}
{"event":"ignored","reason":"allowlist_mismatch","chatId":"60125226892-1567175357@g.us","senderId":"203521437778053@lid"}
{"event":"ignored","reason":"allowlist_mismatch","chatId":"60125226892-1567175357@g.us","senderId":"203521437778053@lid"}
{"event":"ignored","reason":"allowlist_mismatch","chatId":"60125226892-1567175357@g.us","senderId":"203521437778053@lid"}
{"event":"ignored","reason":"allowlist_mismatch","chatId":"60125226892-1567175357@g.us","senderId":"157801410248925@lid"}
{"event":"ignored","reason":"allowlist_mismatch","chatId":"60125226892-1567175357@g.us","senderId":"203521437778053@lid"}
{"event":"ignored","reason":"allowlist_mismatch","chatId":"60125226892-1567175357@g.us","senderId":"157801410248925@lid"}
{"event":"ignored","reason":"allowlist_mismatch","chatId":"60125226892-1567175357@g.us","senderId":"203521437778053@lid"}
{"event":"ignored","reason":"allowlist_mismatch","chatId":"60125226892-1567175357@g.us","senderId":"157801410248925@lid"}
{"event":"ignored","reason":"allowlist_mismatch","chatId":"60125226892-1567175357@g.us","senderId":"157801410248925@lid"}
{"event":"ignored","reason":"allowlist_mismatch","chatId":"60125226892-1567175357@g.us","senderId":"203521437778053@lid"}
{"event":"ignored","reason":"allowlist_mismatch","chatId":"60125226892-1567175357@g.us","senderId":"157801410248925@lid"}
{"event":"ignored","reason":"allowlist_mismatch","chatId":"60125226892-1567175357@g.us","senderId":"203521437778053@lid"}
{"event":"ignored","reason":"allowlist_mismatch","chatId":"60125226892-1567175357@g.us","senderId":"203521437778053@lid"}
{"event":"ignored","reason":"allowlist_mismatch","chatId":"60125226892-1567175357@g.us","senderId":"203521437778053@lid"}
{"event":"ignored","reason":"allowlist_mismatch","chatId":"60125226892-1567175357@g.us","senderId":"203521437778053@lid"}
{"event":"ignored","reason":"allowlist_mismatch","chatId":"60125226892-1567175357@g.us","senderId":"203521437778053@lid"}
{"event":"ignored","reason":"allowlist_mismatch","chatId":"120363145668140275@g.us","senderId":"203668037099725@lid"}
{"level":40,"time":1779789196222,"pid":87216,"hostname":"Mac-mini-2.local","msgId":"3EB052BD7AB6866132896F","trace":"Error [ERR_MODULE_NOT_FOUND]: Cannot find package 'link-preview-js' imported from /Users/ktoclaw/.hermes/hermes-agent/scripts/whatsapp-bridge/node_modules/@whiskeysockets/baileys/lib/Utils/link-preview.js\n    at Object.getPackageJSONURL (node:internal/modules/package_json_reader:301:9)\n    at packageResolve (node:internal/modules/esm/resolve:768:81)\n    at moduleResolve (node:internal/modules/esm/resolve:859:18)\n    at defaultResolve (node:internal/modules/esm/resolve:991:11)\n    at #cachedDefaultResolve (node:internal/modules/esm/loader:713:20)\n    at #resolveAndMaybeBlockOnLoaderThread (node:internal/modules/esm/loader:730:38)\n    at ModuleLoader.resolveSync (node:internal/modules/esm/loader:759:52)\n    at #resolve (node:internal/modules/esm/loader:695:17)\n    at ModuleLoader.getOrCreateModuleJob (node:internal/modules/esm/loader:615:35)\n    at onImport.tracePromise.__proto__ (node:internal/modules/esm/loader:644:32)","msg":"url generation failed"}
{"level":40,"time":1779789199505,"pid":87216,"hostname":"Mac-mini-2.local","msgId":"3EB0382BCF0753ED67D09D","trace":"Error [ERR_MODULE_NOT_FOUND]: Cannot find package 'link-preview-js' imported from /Users/ktoclaw/.hermes/hermes-agent/scripts/whatsapp-bridge/node_modules/@whiskeysockets/baileys/lib/Utils/link-preview.js\n    at Object.getPackageJSONURL (node:internal/modules/package_json_reader:301:9)\n    at packageResolve (node:internal/modules/esm/resolve:768:81)\n    at moduleResolve (node:internal/modules/esm/resolve:859:18)\n    at defaultResolve (node:internal/modules/esm/resolve:991:11)\n    at #cachedDefaultResolve (node:internal/modules/esm/loader:713:20)\n    at #resolveAndMaybeBlockOnLoaderThread (node:internal/modules/esm/loader:730:38)\n    at ModuleLoader.resolveSync (node:internal/modules/esm/loader:759:52)\n    at #resolve (node:internal/modules/esm/loader:695:17)\n    at ModuleLoader.getOrCreateModuleJob (node:internal/modules/esm/loader:615:35)\n    at onImport.tracePromise.__proto__ (node:internal/modules/esm/loader:644:32)","msg":"url generation failed"}
{"level":40,"time":1779789205500,"pid":87216,"hostname":"Mac-mini-2.local","msgId":"3EB00801B4AD4DD95D7966","trace":"Error [ERR_MODULE_NOT_FOUND]: Cannot find package 'link-preview-js' imported from /Users/ktoclaw/.hermes/hermes-agent/scripts/whatsapp-bridge/node_modules/@whiskeysockets/baileys/lib/Utils/link-preview.js\n    at Object.getPackageJSONURL (node:internal/modules/package_json_reader:301:9)\n    at packageResolve (node:internal/modules/esm/resolve:768:81)\n    at moduleResolve (node:internal/modules/esm/resolve:859:18)\n    at defaultResolve (node:internal/modules/esm/resolve:991:11)\n    at #cachedDefaultResolve (node:internal/modules/esm/loader:713:20)\n    at #resolveAndMaybeBlockOnLoaderThread (node:internal/modules/esm/loader:730:38)\n    at ModuleLoader.resolveSync (node:internal/modules/esm/loader:759:52)\n    at #resolve (node:internal/modules/esm/loader:695:17)\n    at ModuleLoader.getOrCreateModuleJob (node:internal/modules/esm/loader:615:35)\n    at onImport.tracePromise.__proto__ (node:internal/modules/esm/loader:644:32)","msg":"url generation failed"}
{"level":40,"time":1779789207579,"pid":87216,"hostname":"Mac-mini-2.local","msgId":"3EB08115D16FCFFAD97E69","trace":"Error [ERR_MODULE_NOT_FOUND]: Cannot find package 'link-preview-js' imported from /Users/ktoclaw/.hermes/hermes-agent/scripts/whatsapp-bridge/node_modules/@whiskeysockets/baileys/lib/Utils/link-preview.js\n    at Object.getPackageJSONURL (node:internal/modules/package_json_reader:301:9)\n    at packageResolve (node:internal/modules/esm/resolve:768:81)\n    at moduleResolve (node:internal/modules/esm/resolve:859:18)\n    at defaultResolve (node:internal/modules/esm/resolve:991:11)\n    at #cachedDefaultResolve (node:internal/modules/esm/loader:713:20)\n    at #resolveAndMaybeBlockOnLoaderThread (node:internal/modules/esm/loader:730:38)\n    at ModuleLoader.resolveSync (node:internal/modules/esm/loader:759:52)\n    at #resolve (node:internal/modules/esm/loader:695:17)\n    at ModuleLoader.getOrCreateModuleJob (node:internal/modules/esm/loader:615:35)\n    at onImport.tracePromise.__proto__ (node:internal/modules/esm/loader:644:32)","msg":"url generation failed"}
{"level":40,"time":1779789212691,"pid":87216,"hostname":"Mac-mini-2.local","msgId":"3EB0BF9C96715DD30151BE","trace":"Error [ERR_MODULE_NOT_FOUND]: Cannot find package 'link-preview-js' imported from /Users/ktoclaw/.hermes/hermes-agent/scripts/whatsapp-bridge/node_modules/@whiskeysockets/baileys/lib/Utils/link-preview.js\n    at Object.getPackageJSONURL (node:internal/modules/package_json_reader:301:9)\n    at packageResolve (node:internal/modules/esm/resolve:768:81)\n    at moduleResolve (node:internal/modules/esm/resolve:859:18)\n    at defaultResolve (node:internal/modules/esm/resolve:991:11)\n    at #cachedDefaultResolve (node:internal/modules/esm/loader:713:20)\n    at #resolveAndMaybeBlockOnLoaderThread (node:internal/modules/esm/loader:730:38)\n    at ModuleLoader.resolveSync (node:internal/modules/esm/loader:759:52)\n    at #resolve (node:internal/modules/esm/loader:695:17)\n    at ModuleLoader.getOrCreateModuleJob (node:internal/modules/esm/loader:615:35)\n    at onImport.tracePromise.__proto__ (node:internal/modules/esm/loader:644:32)","msg":"url generation failed"}
{"level":40,"time":1779789217641,"pid":87216,"hostname":"Mac-mini-2.local","msgId":"3EB02A891047C910ADB33D","trace":"Error [ERR_MODULE_NOT_FOUND]: Cannot find package 'link-preview-js' imported from /Users/ktoclaw/.hermes/hermes-agent/scripts/whatsapp-bridge/node_modules/@whiskeysockets/baileys/lib/Utils/link-preview.js\n    at Object.getPackageJSONURL (node:internal/modules/package_json_reader:301:9)\n    at packageResolve (node:internal/modules/esm/resolve:768:81)\n    at moduleResolve (node:internal/modules/esm/resolve:859:18)\n    at defaultResolve (node:internal/modules/esm/resolve:991:11)\n    at #cachedDefaultResolve (node:internal/modules/esm/loader:713:20)\n    at #resolveAndMaybeBlockOnLoaderThread (node:internal/modules/esm/loader:730:38)\n    at ModuleLoader.resolveSync (node:internal/modules/esm/loader:759:52)\n    at #resolve (node:internal/modules/esm/loader:695:17)\n    at ModuleLoader.getOrCreateModuleJob (node:internal/modules/esm/loader:615:35)\n    at onImport.tracePromise.__proto__ (node:internal/modules/esm/loader:644:32)","msg":"url generation failed"}
{"level":40,"time":1779789222738,"pid":87216,"hostname":"Mac-mini-2.local","msgId":"3EB06245320303802A76EC","trace":"Error [ERR_MODULE_NOT_FOUND]: Cannot find package 'link-preview-js' imported from /Users/ktoclaw/.hermes/hermes-agent/scripts/whatsapp-bridge/node_modules/@whiskeysockets/baileys/lib/Utils/link-preview.js\n    at Object.getPackageJSONURL (node:internal/modules/package_json_reader:301:9)\n    at packageResolve (node:internal/modules/esm/resolve:768:81)\n    at moduleResolve (node:internal/modules/esm/resolve:859:18)\n    at defaultResolve (node:internal/modules/esm/resolve:991:11)\n    at #cachedDefaultResolve (node:internal/modules/esm/loader:713:20)\n    at #resolveAndMaybeBlockOnLoaderThread (node:internal/modules/esm/loader:730:38)\n    at ModuleLoader.resolveSync (node:internal/modules/esm/loader:759:52)\n    at #resolve (node:internal/modules/esm/loader:695:17)\n    at ModuleLoader.getOrCreateModuleJob (node:internal/modules/esm/loader:615:35)\n    at onImport.tracePromise.__proto__ (node:internal/modules/esm/loader:644:32)","msg":"url generation failed"}
{"level":40,"time":1779789238710,"pid":87216,"hostname":"Mac-mini-2.local","msgId":"3EB040486795AAF2363E15","trace":"Error [ERR_MODULE_NOT_FOUND]: Cannot find package 'link-preview-js' imported from /Users/ktoclaw/.hermes/hermes-agent/scripts/whatsapp-bridge/node_modules/@whiskeysockets/baileys/lib/Utils/link-preview.js\n    at Object.getPackageJSONURL (node:internal/modules/package_json_reader:301:9)\n    at packageResolve (node:internal/modules/esm/resolve:768:81)\n    at moduleResolve (node:internal/modules/esm/resolve:859:18)\n    at defaultResolve (node:internal/modules/esm/resolve:991:11)\n    at #cachedDefaultResolve (node:internal/modules/esm/loader:713:20)\n    at #resolveAndMaybeBlockOnLoaderThread (node:internal/modules/esm/loader:730:38)\n    at ModuleLoader.resolveSync (node:internal/modules/esm/loader:759:52)\n    at #resolve (node:internal/modules/esm/loader:695:17)\n    at ModuleLoader.getOrCreateModuleJob (node:internal/modules/esm/loader:615:35)\n    at onImport.tracePromise.__proto__ (node:internal/modules/esm/loader:644:32)","msg":"url generation failed"}
{"level":40,"time":1779789245985,"pid":87216,"hostname":"Mac-mini-2.local","msgId":"3EB08D03DFC34E688C89A7","trace":"Error [ERR_MODULE_NOT_FOUND]: Cannot find package 'link-preview-js' imported from /Users/ktoclaw/.hermes/hermes-agent/scripts/whatsapp-bridge/node_modules/@whiskeysockets/baileys/lib/Utils/link-preview.js\n    at Object.getPackageJSONURL (node:internal/modules/package_json_reader:301:9)\n    at packageResolve (node:internal/modules/esm/resolve:768:81)\n    at moduleResolve (node:internal/modules/esm/resolve:859:18)\n    at defaultResolve (node:internal/modules/esm/resolve:991:11)\n    at #cachedDefaultResolve (node:internal/modules/esm/loader:713:20)\n    at #resolveAndMaybeBlockOnLoaderThread (node:internal/modules/esm/loader:730:38)\n    at ModuleLoader.resolveSync (node:internal/modules/esm/loader:759:52)\n    at #resolve (node:internal/modules/esm/loader:695:17)\n    at ModuleLoader.getOrCreateModuleJob (node:internal/modules/esm/loader:615:35)\n    at onImport.tracePromise.__proto__ (node:internal/modules/esm/loader:644:32)","msg":"url generation failed"}
{"level":40,"time":1779789251685,"pid":87216,"hostname":"Mac-mini-2.local","msgId":"3EB069D1F663A987699AF8","trace":"Error [ERR_MODULE_NOT_FOUND]: Cannot find package 'link-preview-js' imported from /Users/ktoclaw/.hermes/hermes-agent/scripts/whatsapp-bridge/node_modules/@whiskeysockets/baileys/lib/Utils/link-preview.js\n    at Object.getPackageJSONURL (node:internal/modules/package_json_reader:301:9)\n    at packageResolve (node:internal/modules/esm/resolve:768:81)\n    at moduleResolve (node:internal/modules/esm/resolve:859:18)\n    at defaultResolve (node:internal/modules/esm/resolve:991:11)\n    at #cachedDefaultResolve (node:internal/modules/esm/loader:713:20)\n    at #resolveAndMaybeBlockOnLoaderThread (node:internal/modules/esm/loader:730:38)\n    at ModuleLoader.resolveSync (node:internal/modules/esm/loader:759:52)\n    at #resolve (node:internal/modules/esm/loader:695:17)\n    at ModuleLoader.getOrCreateModuleJob (node:internal/modules/esm/loader:615:35)\n    at onImport.tracePromise.__proto__ (node:internal/modules/esm/loader:644:32)","msg":"url generation failed"}
{"level":40,"time":1779789260001,"pid":87216,"hostname":"Mac-mini-2.local","msgId":"3EB0542FA3CA7891C79D9A","trace":"Error [ERR_MODULE_NOT_FOUND]: Cannot find package 'link-preview-js' imported from /Users/ktoclaw/.hermes/hermes-agent/scripts/whatsapp-bridge/node_modules/@whiskeysockets/baileys/lib/Utils/link-preview.js\n    at Object.getPackageJSONURL (node:internal/modules/package_json_reader:301:9)\n    at packageResolve (node:internal/modules/esm/resolve:768:81)\n    at moduleResolve (node:internal/modules/esm/resolve:859:18)\n    at defaultResolve (node:internal/modules/esm/resolve:991:11)\n    at #cachedDefaultResolve (node:internal/modules/esm/loader:713:20)\n    at #resolveAndMaybeBlockOnLoaderThread (node:internal/modules/esm/loader:730:38)\n    at ModuleLoader.resolveSync (node:internal/modules/esm/loader:759:52)\n    at #resolve (node:internal/modules/esm/loader:695:17)\n    at ModuleLoader.getOrCreateModuleJob (node:internal/modules/esm/loader:615:35)\n    at onImport.tracePromise.__proto__ (node:internal/modules/esm/loader:644:32)","msg":"url generation failed"}
Closing session: SessionEntry {
  _chains: {
    BUe5FOxkmIU6LaH0lcQ7xiGuPGYajMB3eopTeNRYqzA1: { chainKey: [Object], chainType: 2, messageKeys: {} },
    'BcLIrf6CTHgNsd80rx8o425Gm2oyARrVi/Ts4cylmF8v': { chainKey: [Object], chainType: 2, messageKeys: {} },
    Bd8dyJZJEPF4a1nzjBcVHTpfi7kvrWKg9mo01rBYcH0z: { chainKey: [Object], chainType: 2, messageKeys: {} },
    'BYe8sgiVvk5fzLcSpIEfctTSt/QmX9TJBh9pz5XE0u1t': { chainKey: [Object], chainType: 2, messageKeys: {} },
    'BRCVbpJCUIbSEbCvyKQUSlsW9S+T3Luw1G/hXgjuJRZ8': { chainKey: [Object], chainType: 2, messageKeys: {} },
    'BT8qXLzK8fddfLcsOSPrVCsRxuusZ+yxMlzYg+KUZ7wa': { chainKey: [Object], chainType: 2, messageKeys: {} },
    'BTPEg/baHWY9wzR7Y4ZVYAVagkIBfbArdNuwTVZH5V9z': { chainKey: [Object], chainType: 2, messageKeys: {} },
    'BdAi/eqavoIc0QYqgHsV6tOP2r2zWPLhAhBz0Xoc2HUA': { chainKey: [Object], chainType: 2, messageKeys: {} },
    'BUenHE/kBC7/pVCk223Ylwl3JcHmoTLYwdo+fIcjA5Q7': { chainKey: [Object], chainType: 2, messageKeys: {} },
    'BT4Q5pVu0IzUXuXbF9wNYqv0LffywS/8KBOPN7ClR9Eo': { chainKey: [Object], chainType: 2, messageKeys: {} },
    'BfwJdsOA0EgFcH/RvvNKb9BKEX0U8HSihSjuoT4xsj4G': { chainKey: [Object], chainType: 2, messageKeys: {} },
    'BaDmGOksdWJ2xneEvUFiK8/8ryghtYN5VqGz4A6O3L8i': { chainKey: [Object], chainType: 2, messageKeys: {} },
    'BW+Ro1aIiiLMcIPyeT2X62dAIUX2rbRmo0APvS1YYRBu': { chainKey: [Object], chainType: 2, messageKeys: {} },
    'BT1ZefIiALT/VygEh0Z92kJtwETWJfnZab3BVtvfs9Mw': { chainKey: [Object], chainType: 2, messageKeys: {} },
    'BZs43PPJq8CRC4DWt1IEfQzl/GEVsCtpWKPl9lFXCo13': { chainKey: [Object], chainType: 2, messageKeys: {} },
    'BY6Dsn8zHDWn1OoLCKgd60Sm2HokziG/0rc95UoEgDxZ': { chainKey: [Object], chainType: 2, messageKeys: {} },
    'BcvA7KyZcPcYc4+HU3JJAR217v6zP6lP7vyo+DdUxgAo': { chainKey: [Object], chainType: 2, messageKeys: {} },
    Bf9gTl6YiJyxudOCTlqZu5P4hjcnmRNE2aqH6lRkk5wm: { chainKey: [Object], chainType: 2, messageKeys: {} },
    'BZtsLDUl8w5V1GDuwf7K5W+YhfQqBgmePmuFyoI/+Xd3': { chainKey: [Object], chainType: 2, messageKeys: {} },
    'BZ/Es8cZyeUxtPT6eStapGBVbDTTxysC9srsK2wX6T4B': { chainKey: [Object], chainType: 2, messageKeys: {} },
    'BarZ+soGEtpSnZLWsv1MaQHVytBZiteh3mdI2Ur1ua9y': { chainKey: [Object], chainType: 2, messageKeys: {} },
    'BW9sP6UB+uoFiNxmzq4GfypUxtlwOjGF8imt0uyMy+Rn': { chainKey: [Object], chainType: 1, messageKeys: {} }
  },
  registrationId: 964615210,
  currentRatchet: {
    ephemeralKeyPair: {
      pubKey: <Buffer 05 6f 6c 3f a5 01 fa ea 05 88 dc 66 ce ae 06 7f 2a 54 c6 d9 70 3a 31 85 f2 29 ad d2 ec 8c cb e4 67>,
      privKey: <Buffer 28 19 f9 69 b6 5e 8c 4a af fb da 2b c4 d4 c9 ea 15 9c 54 fa ca 32 7d 3f 83 25 6e c3 71 8e 39 4d>
    },
    lastRemoteEphemeralKey: <Buffer 05 aa d9 fa ca 06 12 da 52 9d 92 d6 b2 fd 4c 69 01 d5 ca d0 59 8a d7 a1 de 67 48 d9 4a f5 b9 af 72>,
    previousCounter: 3,
    rootKey: <Buffer cf 1f bd c3 1d 9e c6 11 c3 43 d0 e8 5c 9b 98 82 5f ad f6 27 9a 8a 44 c8 04 df 38 db 67 45 2d 1c>
  },
  indexInfo: {
    baseKey: <Buffer 05 4a 2c 97 57 48 7b 2a a8 90 4a f8 34 73 e7 f7 91 a6 40 66 47 a6 cd ce 8f 28 83 a1 8a 4a 49 be 7e>,
    baseKeyType: 1,
    closed: -1,
    used: 1779757083212,
    created: 1779716701062,
    remoteIdentityKey: <Buffer 05 fe 47 cf 1f 55 8d 8f f8 be d8 26 a8 79 33 df 4b e1 a6 55 a1 32 72 49 79 02 d0 b9 aa 31 bc 16 45>
  }
}
Closing session: SessionEntry {
  _chains: {
    'BWdm+Zf06tQLqQPqXNi6Y67YzM3PQsN4r8pvy0yjO+4M': { chainKey: [Object], chainType: 1, messageKeys: {} }
  },
  registrationId: 569403322,
  currentRatchet: {
    ephemeralKeyPair: {
      pubKey: <Buffer 05 67 66 f9 97 f4 ea d4 0b a9 03 ea 5c d8 ba 63 ae d8 cc cd cf 42 c3 78 af ca 6f cb 4c a3 3b ee 0c>,
      privKey: <Buffer f0 d8 e7 78 6c 10 7c 71 9d d7 13 e9 08 27 fa 3b 0a 1a 53 44 99 ce 35 0b 65 25 3f 49 76 cf da 68>
    },
    lastRemoteEphemeralKey: <Buffer 05 1b 20 7a e9 f0 d8 15 81 58 cf ee 36 81 b1 e0 19 48 17 f1 e0 c8 9d 51 45 98 3f b6 28 bc c0 29 45>,
    previousCounter: 0,
    rootKey: <Buffer 08 76 ee b8 5a b4 38 c7 98 1c fc ed 39 aa ec 5b 38 4a 6f 93 95 41 34 a8 cd c4 3a 65 d4 64 73 56>
  },
  indexInfo: {
    baseKey: <Buffer 05 55 ef 8a 19 d9 d2 72 26 ea 3c c1 4c 7b ef dd 9c da 88 79 90 59 a9 42 09 22 1b 77 a7 2b 12 e6 45>,
    baseKeyType: 1,
    closed: -1,
    used: 1779716701071,
    created: 1779716701071,
    remoteIdentityKey: <Buffer 05 80 f0 71 26 1a b2 e7 9a 91 38 3b cf b5 de 25 fe 0f 36 33 09 32 17 30 7e c3 f2 72 c9 1a 60 c6 1d>
  },
  pendingPreKey: {
    signedKeyId: 757560,
    baseKey: <Buffer 05 55 ef 8a 19 d9 d2 72 26 ea 3c c1 4c 7b ef dd 9c da 88 79 90 59 a9 42 09 22 1b 77 a7 2b 12 e6 45>,
    preKeyId: 12799118
  }
}
Closing session: SessionEntry {
  _chains: {
    'BZRcvDD5xuSJQI9+r6ctYflz8aV7qKUBqsXOGxlC4Hos': { chainKey: [Object], chainType: 1, messageKeys: {} }
  },
  registrationId: 964615210,
  currentRatchet: {
    ephemeralKeyPair: {
      pubKey: <Buffer 05 94 5c bc 30 f9 c6 e4 89 40 8f 7e af a7 2d 61 f9 73 f1 a5 7b a8 a5 01 aa c5 ce 1b 19 42 e0 7a 2c>,
      privKey: <Buffer 50 b3 a0 95 86 cc 9e 70 e2 09 97 b9 63 3f 30 ea 83 e0 6c 71 b6 69 8b 34 15 a5 ee 13 c7 e5 af 43>
    },
    lastRemoteEphemeralKey: <Buffer 05 c2 be c7 d6 de a7 f0 eb 30 44 5f c3 78 1b 56 b3 1c 2f cf 81 0d 57 99 f7 25 ba db 9e 4e 33 48 4f>,
    previousCounter: 0,
    rootKey: <Buffer 63 40 f3 1a 0a 90 3b 73 8b 99 4e 2e 7f 73 3d 4e 0a 08 56 7f 69 6e 6c db 93 61 d4 1a 96 2e dc ed>
  },
  indexInfo: {
    baseKey: <Buffer 05 36 48 a6 c1 52 aa e0 31 c5 be 5f 15 6d 63 3a f2 68 71 6c 83 9a ef ed da 07 c1 b5 b5 0e c7 b9 3a>,
    baseKeyType: 1,
    closed: -1,
    used: 1779789601352,
    created: 1779789601352,
    remoteIdentityKey: <Buffer 05 fe 47 cf 1f 55 8d 8f f8 be d8 26 a8 79 33 df 4b e1 a6 55 a1 32 72 49 79 02 d0 b9 aa 31 bc 16 45>
  },
  pendingPreKey: {
    signedKeyId: 11851721,
    baseKey: <Buffer 05 36 48 a6 c1 52 aa e0 31 c5 be 5f 15 6d 63 3a f2 68 71 6c 83 9a ef ed da 07 c1 b5 b5 0e c7 b9 3a>,
    preKeyId: 12866
  }
}
Closing session: SessionEntry {
  _chains: {
    'Be2UOh8dXF/11HmvoayfiClRRUq2KT/1RcTaJFIZPZdS': { chainKey: [Object], chainType: 1, messageKeys: {} }
  },
  registrationId: 569403322,
  currentRatchet: {
    ephemeralKeyPair: {
      pubKey: <Buffer 05 ed 94 3a 1f 1d 5c 5f f5 d4 79 af a1 ac 9f 88 29 51 45 4a b6 29 3f f5 45 c4 da 24 52 19 3d 97 52>,
      privKey: <Buffer 28 b3 21 2b 48 43 c7 c7 55 8b eb 23 09 4b b6 86 7b 78 cf db 54 90 45 97 4c 30 82 73 d0 04 cf 5f>
    },
    lastRemoteEphemeralKey: <Buffer 05 1b 20 7a e9 f0 d8 15 81 58 cf ee 36 81 b1 e0 19 48 17 f1 e0 c8 9d 51 45 98 3f b6 28 bc c0 29 45>,
    previousCounter: 0,
    rootKey: <Buffer 54 c4 ca 44 4f 9e a0 14 1b 99 f1 69 bf ff ea 29 6b d1 fc 9f 1d e2 99 7d 70 0c 5f 42 d6 d4 1c b2>
  },
  indexInfo: {
    baseKey: <Buffer 05 43 88 02 0b 47 e4 73 3e 0c 85 d9 28 55 23 88 74 ff 5e 80 30 1d 2c 13 53 7a f2 a6 6d 4b a0 f1 46>,
    baseKeyType: 1,
    closed: -1,
    used: 1779789601356,
    created: 1779789601356,
    remoteIdentityKey: <Buffer 05 80 f0 71 26 1a b2 e7 9a 91 38 3b cf b5 de 25 fe 0f 36 33 09 32 17 30 7e c3 f2 72 c9 1a 60 c6 1d>
  },
  pendingPreKey: {
    signedKeyId: 757560,
    baseKey: <Buffer 05 43 88 02 0b 47 e4 73 3e 0c 85 d9 28 55 23 88 74 ff 5e 80 30 1d 2c 13 53 7a f2 a6 6d 4b a0 f1 46>,
    preKeyId: 12799286
  }
}
⚠️  Connection closed (reason: 428). Reconnecting in 3s...
✅ WhatsApp connected!
{"level":40,"time":1779810139771,"pid":87216,"hostname":"Mac-mini-2.local","msg":"Timeout in AwaitingInitialSync, forcing state to Online and flushing buffer"}
⚠️  Connection closed (reason: 428). Reconnecting in 3s...
✅ WhatsApp connected!
{"level":40,"time":1779814862236,"pid":87216,"hostname":"Mac-mini-2.local","msg":"Timeout in AwaitingInitialSync, forcing state to Online and flushing buffer"}
⚠️  Connection closed (reason: 428). Reconnecting in 3s...
✅ WhatsApp connected!
{"level":40,"time":1779819729538,"pid":87216,"hostname":"Mac-mini-2.local","msg":"Timeout in AwaitingInitialSync, forcing state to Online and flushing buffer"}
⚠️  Connection closed (reason: 428). Reconnecting in 3s...
✅ WhatsApp connected!
{"level":40,"time":1779822115774,"pid":87216,"hostname":"Mac-mini-2.local","msg":"Timeout in AwaitingInitialSync, forcing state to Online and flushing buffer"}
{"level":50,"time":1779830584114,"pid":87216,"hostname":"Mac-mini-2.local","fullErrorNode":{"tag":"stream:error","attrs":{"code":"503"}},"msg":"stream errored out"}
⚠️  Connection closed (reason: 503). Reconnecting in 3s...
✅ WhatsApp connected!
{"level":40,"time":1779830608792,"pid":87216,"hostname":"Mac-mini-2.local","msg":"Timeout in AwaitingInitialSync, forcing state to Online and flushing buffer"}
⚠️  Connection closed (reason: 428). Reconnecting in 3s...
✅ WhatsApp connected!
{"level":40,"time":1779845057593,"pid":87216,"hostname":"Mac-mini-2.local","msg":"Timeout in AwaitingInitialSync, forcing state to Online and flushing buffer"}
{"level":40,"time":1779847989276,"pid":87216,"hostname":"Mac-mini-2.local","msgId":"3EB0A73B4296BD53F36D01","trace":"Error [ERR_MODULE_NOT_FOUND]: Cannot find package 'link-preview-js' imported from /Users/ktoclaw/.hermes/hermes-agent/scripts/whatsapp-bridge/node_modules/@whiskeysockets/baileys/lib/Utils/link-preview.js\n    at Object.getPackageJSONURL (node:internal/modules/package_json_reader:301:9)\n    at packageResolve (node:internal/modules/esm/resolve:768:81)\n    at moduleResolve (node:internal/modules/esm/resolve:859:18)\n    at defaultResolve (node:internal/modules/esm/resolve:991:11)\n    at #cachedDefaultResolve (node:internal/modules/esm/loader:713:20)\n    at #resolveAndMaybeBlockOnLoaderThread (node:internal/modules/esm/loader:730:38)\n    at ModuleLoader.resolveSync (node:internal/modules/esm/loader:759:52)\n    at #resolve (node:internal/modules/esm/loader:695:17)\n    at ModuleLoader.getOrCreateModuleJob (node:internal/modules/esm/loader:615:35)\n    at onImport.tracePromise.__proto__ (node:internal/modules/esm/loader:644:32)","msg":"url generation failed"}
⚠️  Connection closed (reason: 428). Reconnecting in 3s...
✅ WhatsApp connected!
{"level":40,"time":1779850625312,"pid":87216,"hostname":"Mac-mini-2.local","msg":"Timeout in AwaitingInitialSync, forcing state to Online and flushing buffer"}
Closing session: SessionEntry {
  _chains: {
    'BViZFfqZ/wYlorsKMs+DTAvgZtFQWvFAfq5/zs+stslO': { chainKey: [Object], chainType: 2, messageKeys: {} },
    'BdWKiYzo+mFT88bz/m9Xu85bmCTt7qMnkWjDbFR0mQNO': { chainKey: [Object], chainType: 2, messageKeys: {} },
    BXAjwwFv1SE6W2U46hnsUkpZB2fKvXMLuVTSeZmeHZJi: { chainKey: [Object], chainType: 2, messageKeys: {} },
    'BekoeetJVnUz/MSmPYaZBIg3CatR+J5YUplxqiI9Ma53': { chainKey: [Object], chainType: 1, messageKeys: {} }
  },
  registrationId: 964615210,
  currentRatchet: {
    ephemeralKeyPair: {
      pubKey: <Buffer 05 e9 28 79 eb 49 56 75 33 fc c4 a6 3d 86 99 04 88 37 09 ab 51 f8 9e 58 52 99 71 aa 22 3d 31 ae 77>,
      privKey: <Buffer c0 d7 d5 e9 01 91 3c 31 86 72 bf 60 f4 62 fa 5e d9 6b 16 49 c4 7f a1 4a f3 d8 bc da b5 4c 1e 62>
    },
    lastRemoteEphemeralKey: <Buffer 05 70 23 c3 01 6f d5 21 3a 5b 65 38 ea 19 ec 52 4a 59 07 67 ca bd 73 0b b9 54 d2 79 99 9e 1d 92 62>,
    previousCounter: 3,
    rootKey: <Buffer 53 d4 e9 ba 8f 00 7c b9 6d 1b 32 dc 80 5a 81 10 d3 6a 21 7f 5e 69 13 dc 4c 6e f1 94 8a 45 02 92>
  },
  indexInfo: {
    baseKey: <Buffer 05 5b 2a 69 5a 7a a3 08 ec 6a ab ce 31 e4 cb 61 a4 1f 82 b4 37 cf 46 2f a1 1a fb 4a 3f b7 0f cf 05>,
    baseKeyType: 1,
    closed: -1,
    used: 1779847979519,
    created: 1779803101933,
    remoteIdentityKey: <Buffer 05 fe 47 cf 1f 55 8d 8f f8 be d8 26 a8 79 33 df 4b e1 a6 55 a1 32 72 49 79 02 d0 b9 aa 31 bc 16 45>
  }
}
Closing session: SessionEntry {
  _chains: {
    'BXq+rSi2w9VgBfDVGpW6MxjOI4Q4NQxcmRg01y9xwzJ3': { chainKey: [Object], chainType: 1, messageKeys: {} }
  },
  registrationId: 569403322,
  currentRatchet: {
    ephemeralKeyPair: {
      pubKey: <Buffer 05 7a be ad 28 b6 c3 d5 60 05 f0 d5 1a 95 ba 33 18 ce 23 84 38 35 0c 5c 99 18 34 d7 2f 71 c3 32 77>,
      privKey: <Buffer 10 89 cd 43 86 19 4d 43 e2 71 90 9a 3e e4 a3 7e d3 9d b1 8b fc 92 f6 10 9c 4a 44 52 61 04 e5 4c>
    },
    lastRemoteEphemeralKey: <Buffer 05 1b 20 7a e9 f0 d8 15 81 58 cf ee 36 81 b1 e0 19 48 17 f1 e0 c8 9d 51 45 98 3f b6 28 bc c0 29 45>,
    previousCounter: 0,
    rootKey: <Buffer 28 c8 8e ba 30 44 fa f0 5f f5 8c c7 37 c1 91 53 62 7a c6 e5 9c c1 10 41 a8 ce a7 a4 af d4 57 fa>
  },
  indexInfo: {
    baseKey: <Buffer 05 a2 5c fb 89 64 8c b7 78 97 c2 60 b2 64 4e d9 18 87 36 7e 85 c8 c2 72 8e 6b 12 7f 64 0c d5 49 37>,
    baseKeyType: 1,
    closed: -1,
    used: 1779803101938,
    created: 1779803101938,
    remoteIdentityKey: <Buffer 05 80 f0 71 26 1a b2 e7 9a 91 38 3b cf b5 de 25 fe 0f 36 33 09 32 17 30 7e c3 f2 72 c9 1a 60 c6 1d>
  },
  pendingPreKey: {
    signedKeyId: 757560,
    baseKey: <Buffer 05 a2 5c fb 89 64 8c b7 78 97 c2 60 b2 64 4e d9 18 87 36 7e 85 c8 c2 72 8e 6b 12 7f 64 0c d5 49 37>,
    preKeyId: 12799452
  }
}
{"level":40,"time":1779881250826,"pid":87216,"hostname":"Mac-mini-2.local","msgId":"3EB0B7B838D560052B9339","trace":"Error [ERR_MODULE_NOT_FOUND]: Cannot find package 'link-preview-js' imported from /Users/ktoclaw/.hermes/hermes-agent/scripts/whatsapp-bridge/node_modules/@whiskeysockets/baileys/lib/Utils/link-preview.js\n    at Object.getPackageJSONURL (node:internal/modules/package_json_reader:301:9)\n    at packageResolve (node:internal/modules/esm/resolve:768:81)\n    at moduleResolve (node:internal/modules/esm/resolve:859:18)\n    at defaultResolve (node:internal/modules/esm/resolve:991:11)\n    at #cachedDefaultResolve (node:internal/modules/esm/loader:713:20)\n    at #resolveAndMaybeBlockOnLoaderThread (node:internal/modules/esm/loader:730:38)\n    at ModuleLoader.resolveSync (node:internal/modules/esm/loader:759:52)\n    at #resolve (node:internal/modules/esm/loader:695:17)\n    at ModuleLoader.getOrCreateModuleJob (node:internal/modules/esm/loader:615:35)\n    at onImport.tracePromise.__proto__ (node:internal/modules/esm/loader:644:32)","msg":"url generation failed"}
{"level":40,"time":1779882263327,"pid":87216,"hostname":"Mac-mini-2.local","msgId":"3EB0C699C2CC90EF556FC5","trace":"Error [ERR_MODULE_NOT_FOUND]: Cannot find package 'link-preview-js' imported from /Users/ktoclaw/.hermes/hermes-agent/scripts/whatsapp-bridge/node_modules/@whiskeysockets/baileys/lib/Utils/link-preview.js\n    at Object.getPackageJSONURL (node:internal/modules/package_json_reader:301:9)\n    at packageResolve (node:internal/modules/esm/resolve:768:81)\n    at moduleResolve (node:internal/modules/esm/resolve:859:18)\n    at defaultResolve (node:internal/modules/esm/resolve:991:11)\n    at #cachedDefaultResolve (node:internal/modules/esm/loader:713:20)\n    at #resolveAndMaybeBlockOnLoaderThread (node:internal/modules/esm/loader:730:38)\n    at ModuleLoader.resolveSync (node:internal/modules/esm/loader:759:52)\n    at #resolve (node:internal/modules/esm/loader:695:17)\n    at ModuleLoader.getOrCreateModuleJob (node:internal/modules/esm/loader:615:35)\n    at onImport.tracePromise.__proto__ (node:internal/modules/esm/loader:644:32)","msg":"url generation failed"}
Closing session: SessionEntry {
  _chains: {
    'BXfnXvCADvXK82Y0t+rf2FTinqq+NOH/2QFZMtk4XOBo': { chainKey: [Object], chainType: 2, messageKeys: {} },
    'BcA+eHzcwyLI2Tpin0QGFpx6anEflNMWmI/+KbsVFSxn': { chainKey: [Object], chainType: 2, messageKeys: {} },
    'BSFHRIDmg5SHxq33lYx5uryKDrP+AWyPyLp0xYVTxdRT': { chainKey: [Object], chainType: 2, messageKeys: {} },
    'BT7L+r1S6zYhq0sgNz2yTVGk3Ln3BBz+bWyDwpxgl2sx': { chainKey: [Object], chainType: 2, messageKeys: {} },
    'BRYK9GiG07zMx/Jm7qCZqtylDr/+Zos3sGSUxwUxvbIf': { chainKey: [Object], chainType: 2, messageKeys: {} },
    'BbtE3dWAJ/LGInljW+pL+8+qqhkxH3cPW/AHuipRj24Z': { chainKey: [Object], chainType: 2, messageKeys: {} },
    'BSUGiJIzVBnd43h/wAGtfhxjn8Ppa8Y78/b4PrpIk2UU': { chainKey: [Object], chainType: 1, messageKeys: {} }
  },
  registrationId: 964615210,
  currentRatchet: {
    ephemeralKeyPair: {
      pubKey: <Buffer 05 25 06 88 92 33 54 19 dd e3 78 7f c0 01 ad 7e 1c 63 9f c3 e9 6b c6 3b f3 f6 f8 3e ba 48 93 65 14>,
      privKey: <Buffer f0 4e 88 31 a3 6b 89 3a ee ce e5 09 d3 e4 fc b9 2b da 3a 49 05 5a 2d 18 09 45 de d4 95 1f 82 44>
    },
    lastRemoteEphemeralKey: <Buffer 05 bb 44 dd d5 80 27 f2 c6 22 79 63 5b ea 4b fb cf aa aa 19 31 1f 77 0f 5b f0 07 ba 2a 51 8f 6e 19>,
    previousCounter: 0,
    rootKey: <Buffer 2c b9 94 67 83 9f 98 3d fc 6d a7 ba e0 f9 f2 f3 c5 52 cd ae a7 17 1f bd 34 18 8c 7e 7f 94 4c 2b>
  },
  indexInfo: {
    baseKey: <Buffer 05 83 9c 9d 47 7e 8a a1 f0 81 18 d0 5a b2 cd 31 ba 7a 90 93 1b 32 ed aa 94 d8 46 db 9b 10 37 4b 24>,
    baseKeyType: 1,
    closed: -1,
    used: 1779882254162,
    created: 1779876001572,
    remoteIdentityKey: <Buffer 05 fe 47 cf 1f 55 8d 8f f8 be d8 26 a8 79 33 df 4b e1 a6 55 a1 32 72 49 79 02 d0 b9 aa 31 bc 16 45>
  }
}
Closing session: SessionEntry {
  _chains: {
    'BQIuc2s+CfhIzotCYqblODzaUsxxnw7GJ00LEP4AQlUc': { chainKey: [Object], chainType: 1, messageKeys: {} }
  },
  registrationId: 569403322,
  currentRatchet: {
    ephemeralKeyPair: {
      pubKey: <Buffer 05 02 2e 73 6b 3e 09 f8 48 ce 8b 42 62 a6 e5 38 3c da 52 cc 71 9f 0e c6 27 4d 0b 10 fe 00 42 55 1c>,
      privKey: <Buffer 78 c7 fa 84 c0 6a 4f 0b 45 16 2a b0 b1 2b 3d 75 17 96 00 44 36 1f d1 7f 2c 04 9e 2b 3e c0 98 74>
    },
    lastRemoteEphemeralKey: <Buffer 05 05 aa bf 87 4d 6b 14 85 de 22 ae 5e a2 00 1c e4 91 2d c6 54 48 a6 9c e3 60 5f 42 9a de e8 a4 6b>,
    previousCounter: 0,
    rootKey: <Buffer 24 ab 4a 7b b8 eb 3b 0d a9 28 b4 af 58 54 cb c0 4e f7 16 dd ba 38 97 0f 6a aa b0 b5 c6 0b 41 58>
  },
  indexInfo: {
    baseKey: <Buffer 05 4a 49 a7 89 b4 dc 14 6e d4 1e 01 4d 99 cd ef e0 22 68 c6 92 95 fa ee 33 d3 a1 b0 cc 50 c4 73 3e>,
    baseKeyType: 1,
    closed: -1,
    used: 1779876001577,
    created: 1779876001577,
    remoteIdentityKey: <Buffer 05 80 f0 71 26 1a b2 e7 9a 91 38 3b cf b5 de 25 fe 0f 36 33 09 32 17 30 7e c3 f2 72 c9 1a 60 c6 1d>
  },
  pendingPreKey: {
    signedKeyId: 757561,
    baseKey: <Buffer 05 4a 49 a7 89 b4 dc 14 6e d4 1e 01 4d 99 cd ef e0 22 68 c6 92 95 fa ee 33 d3 a1 b0 cc 50 c4 73 3e>,
    preKeyId: 12799416
  }
}
⚠️  Connection closed (reason: 428). Reconnecting in 3s...
✅ WhatsApp connected!
{"level":40,"time":1779902195299,"pid":87216,"hostname":"Mac-mini-2.local","msg":"Timeout in AwaitingInitialSync, forcing state to Online and flushing buffer"}
⚠️  Connection closed (reason: 428). Reconnecting in 3s...
✅ WhatsApp connected!
{"level":40,"time":1779908604143,"pid":87216,"hostname":"Mac-mini-2.local","msg":"Timeout in AwaitingInitialSync, forcing state to Online and flushing buffer"}
{"level":50,"time":1779913246558,"pid":87216,"hostname":"Mac-mini-2.local","fullErrorNode":{"tag":"stream:error","attrs":{"code":"503"}},"msg":"stream errored out"}
⚠️  Connection closed (reason: 503). Reconnecting in 3s...
✅ WhatsApp connected!
{"level":40,"time":1779913271246,"pid":87216,"hostname":"Mac-mini-2.local","msg":"Timeout in AwaitingInitialSync, forcing state to Online and flushing buffer"}
{"level":50,"time":1779913697254,"pid":87216,"hostname":"Mac-mini-2.local","fullErrorNode":{"tag":"stream:error","attrs":{"code":"503"}},"msg":"stream errored out"}
⚠️  Connection closed (reason: 503). Reconnecting in 3s...
✅ WhatsApp connected!
{"level":40,"time":1779913722253,"pid":87216,"hostname":"Mac-mini-2.local","msg":"Timeout in AwaitingInitialSync, forcing state to Online and flushing buffer"}
{"level":50,"time":1779918573710,"pid":87216,"hostname":"Mac-mini-2.local","fullErrorNode":{"tag":"stream:error","attrs":{"code":"503"}},"msg":"stream errored out"}
⚠️  Connection closed (reason: 503). Reconnecting in 3s...
✅ WhatsApp connected!
{"level":40,"time":1779918598217,"pid":87216,"hostname":"Mac-mini-2.local","msg":"Timeout in AwaitingInitialSync, forcing state to Online and flushing buffer"}
⚠️  Connection closed (reason: 428). Reconnecting in 3s...
✅ WhatsApp connected!
{"level":40,"time":1779923832516,"pid":87216,"hostname":"Mac-mini-2.local","msg":"Timeout in AwaitingInitialSync, forcing state to Online and flushing buffer"}
{"event":"ignored","reason":"allowlist_mismatch","chatId":"120363145668140275@g.us","senderId":"255606590058731@lid"}
{"event":"ignored","reason":"allowlist_mismatch","chatId":"120363145668140275@g.us","senderId":"255606590058731@lid"}
Closing session: SessionEntry {
  _chains: {
    BQuszJyiog8MkEPpnDwkGa9CRaIytgQ7vqBkSiLFcVNJ: { chainKey: [Object], chainType: 1, messageKeys: {} }
  },
  registrationId: 964615210,
  currentRatchet: {
    ephemeralKeyPair: {
      pubKey: <Buffer 05 0b ac cc 9c a2 a2 0f 0c 90 43 e9 9c 3c 24 19 af 42 45 a2 32 b6 04 3b be a0 64 4a 22 c5 71 53 49>,
      privKey: <Buffer 88 db c4 ff 7b 8a ad 21 b4 11 d8 75 d3 9d da 2e 14 c4 46 55 cf 8e 35 52 d0 6c df 0f bd 92 3b 66>
    },
    lastRemoteEphemeralKey: <Buffer 05 c2 be c7 d6 de a7 f0 eb 30 44 5f c3 78 1b 56 b3 1c 2f cf 81 0d 57 99 f7 25 ba db 9e 4e 33 48 4f>,
    previousCounter: 0,
    rootKey: <Buffer aa f8 9b 93 84 cf 09 39 f2 06 2d c3 ac ec 47 89 9c 5c 31 48 00 71 a4 bf af e1 51 14 54 81 0b d7>
  },
  indexInfo: {
    baseKey: <Buffer 05 f9 48 82 56 8d f9 bf 2a 86 6a 3e d5 b0 ee 5f a1 01 bf 44 6b b5 df 16 57 42 47 26 8d e6 ae 84 7e>,
    baseKeyType: 1,
    closed: -1,
    used: 1779889501369,
    created: 1779889501369,
    remoteIdentityKey: <Buffer 05 fe 47 cf 1f 55 8d 8f f8 be d8 26 a8 79 33 df 4b e1 a6 55 a1 32 72 49 79 02 d0 b9 aa 31 bc 16 45>
  },
  pendingPreKey: {
    signedKeyId: 11851721,
    baseKey: <Buffer 05 f9 48 82 56 8d f9 bf 2a 86 6a 3e d5 b0 ee 5f a1 01 bf 44 6b b5 df 16 57 42 47 26 8d e6 ae 84 7e>,
    preKeyId: 12936
  }
}
Closing session: SessionEntry {
  _chains: {
    'BZErKVzu8/6Yuu9+kmhZb7FM3Bdb9z68pk7A5kw2fRRa': { chainKey: [Object], chainType: 1, messageKeys: {} }
  },
  registrationId: 569403322,
  currentRatchet: {
    ephemeralKeyPair: {
      pubKey: <Buffer 05 91 2b 29 5c ee f3 fe 98 ba ef 7e 92 68 59 6f b1 4c dc 17 5b f7 3e bc a6 4e c0 e6 4c 36 7d 14 5a>,
      privKey: <Buffer 78 4d 7e 51 97 62 39 cc 61 ee 83 21 a3 7a ef a8 cd 8d e9 04 f1 6a b4 ab 2b e5 f3 2d 6f 53 14 45>
    },
    lastRemoteEphemeralKey: <Buffer 05 05 aa bf 87 4d 6b 14 85 de 22 ae 5e a2 00 1c e4 91 2d c6 54 48 a6 9c e3 60 5f 42 9a de e8 a4 6b>,
    previousCounter: 0,
    rootKey: <Buffer 1d 7d 4e f5 c4 1b cc cc fd 66 68 31 7b c0 ea d9 13 d3 36 97 c8 f5 28 9e 66 91 b5 9a d9 0b da 02>
  },
  indexInfo: {
    baseKey: <Buffer 05 e5 8e 2d d5 e3 28 41 7f 8b 35 c0 e3 9f 35 c6 22 47 e7 52 3f f6 8f e8 f7 55 9f 2e a5 81 3f e8 7e>,
    baseKeyType: 1,
    closed: -1,
    used: 1779889501374,
    created: 1779889501374,
    remoteIdentityKey: <Buffer 05 80 f0 71 26 1a b2 e7 9a 91 38 3b cf b5 de 25 fe 0f 36 33 09 32 17 30 7e c3 f2 72 c9 1a 60 c6 1d>
  },
  pendingPreKey: {
    signedKeyId: 757561,
    baseKey: <Buffer 05 e5 8e 2d d5 e3 28 41 7f 8b 35 c0 e3 9f 35 c6 22 47 e7 52 3f f6 8f e8 f7 55 9f 2e a5 81 3f e8 7e>,
    preKeyId: 12799153
  }
}
Closing session: SessionEntry {
  _chains: {
    'BXOJR1F1RAkBFtZL4g7zQws5z0xI0vE6qly/2suyvgEC': { chainKey: [Object], chainType: 1, messageKeys: {} }
  },
  registrationId: 964615210,
  currentRatchet: {
    ephemeralKeyPair: {
      pubKey: <Buffer 05 73 89 47 51 75 44 09 01 16 d6 4b e2 0e f3 43 0b 39 cf 4c 48 d2 f1 3a aa 5c bf da cb b2 be 01 02>,
      privKey: <Buffer 80 b9 dc 4a 5f d2 2b d6 6a 7f e1 bf 8a 3e 41 f6 9a e2 13 00 b1 23 dc c9 6d c7 8f 36 2b 60 57 46>
    },
    lastRemoteEphemeralKey: <Buffer 05 c2 be c7 d6 de a7 f0 eb 30 44 5f c3 78 1b 56 b3 1c 2f cf 81 0d 57 99 f7 25 ba db 9e 4e 33 48 4f>,
    previousCounter: 0,
    rootKey: <Buffer 6e 51 54 94 6a ab 6e 4f 9e e1 78 cd 9f 48 0c c7 93 15 fb c5 70 71 d2 69 52 4b 8f 5f 1e be 9f bf>
  },
  indexInfo: {
    baseKey: <Buffer 05 63 04 cf ca f5 1a 0e 5c b2 21 99 11 53 79 07 17 0b 5b 54 5f 07 9e 7b 9f ff 34 ce d5 38 7f 0e 6a>,
    baseKeyType: 1,
    closed: -1,
    used: 1779962401792,
    created: 1779962401792,
    remoteIdentityKey: <Buffer 05 fe 47 cf 1f 55 8d 8f f8 be d8 26 a8 79 33 df 4b e1 a6 55 a1 32 72 49 79 02 d0 b9 aa 31 bc 16 45>
  },
  pendingPreKey: {
    signedKeyId: 11851721,
    baseKey: <Buffer 05 63 04 cf ca f5 1a 0e 5c b2 21 99 11 53 79 07 17 0b 5b 54 5f 07 9e 7b 9f ff 34 ce d5 38 7f 0e 6a>,
    preKeyId: 12967
  }
}
Closing session: SessionEntry {
  _chains: {
    'BePo3t8ylt9Q9RopefIGAju4B+Agm4RMWaxY9fEsDzgb': { chainKey: [Object], chainType: 1, messageKeys: {} }
  },
  registrationId: 569403322,
  currentRatchet: {
    ephemeralKeyPair: {
      pubKey: <Buffer 05 e3 e8 de df 32 96 df 50 f5 1a 29 79 f2 06 02 3b b8 07 e0 20 9b 84 4c 59 ac 58 f5 f1 2c 0f 38 1b>,
      privKey: <Buffer f0 89 aa b5 c8 3a e5 cd 7d 90 7b 4e 90 d5 7b c2 e6 1d da 70 83 7c bc 75 b2 9d 3c c1 18 59 1b 78>
    },
    lastRemoteEphemeralKey: <Buffer 05 05 aa bf 87 4d 6b 14 85 de 22 ae 5e a2 00 1c e4 91 2d c6 54 48 a6 9c e3 60 5f 42 9a de e8 a4 6b>,
    previousCounter: 0,
    rootKey: <Buffer 08 55 10 3e 73 36 90 72 fc 48 5d 44 5f a4 f6 56 b1 55 d4 b2 a3 7f c1 91 a1 bc a5 3e ba 0c 9f 05>
  },
  indexInfo: {
    baseKey: <Buffer 05 ea 77 ae 6f 09 bd 48 5b 03 23 f0 ef 15 9b b3 82 b1 df 8b a3 19 0b cf d6 a1 e6 b6 5d 77 ac 86 33>,
    baseKeyType: 1,
    closed: -1,
    used: 1779962401797,
    created: 1779962401797,
    remoteIdentityKey: <Buffer 05 80 f0 71 26 1a b2 e7 9a 91 38 3b cf b5 de 25 fe 0f 36 33 09 32 17 30 7e c3 f2 72 c9 1a 60 c6 1d>
  },
  pendingPreKey: {
    signedKeyId: 757561,
    baseKey: <Buffer 05 ea 77 ae 6f 09 bd 48 5b 03 23 f0 ef 15 9b b3 82 b1 df 8b a3 19 0b cf d6 a1 e6 b6 5d 77 ac 86 33>,
    preKeyId: 12799158
  }
}
⚠️  Connection closed (reason: 428). Reconnecting in 3s...
✅ WhatsApp connected!
{"level":40,"time":1779989291773,"pid":87216,"hostname":"Mac-mini-2.local","msg":"Timeout in AwaitingInitialSync, forcing state to Online and flushing buffer"}
⚠️  Connection closed (reason: 428). Reconnecting in 3s...
✅ WhatsApp connected!
{"level":40,"time":1779996818573,"pid":87216,"hostname":"Mac-mini-2.local","msg":"Timeout in AwaitingInitialSync, forcing state to Online and flushing buffer"}
⚠️  Connection closed (reason: 428). Reconnecting in 3s...
✅ WhatsApp connected!
{"level":40,"time":1780003991566,"pid":87216,"hostname":"Mac-mini-2.local","msg":"Timeout in AwaitingInitialSync, forcing state to Online and flushing buffer"}
{"level":50,"time":1780005155925,"pid":87216,"hostname":"Mac-mini-2.local","fullErrorNode":{"tag":"stream:error","attrs":{"code":"503"}},"msg":"stream errored out"}
⚠️  Connection closed (reason: 503). Reconnecting in 3s...
✅ WhatsApp connected!
{"level":40,"time":1780005180834,"pid":87216,"hostname":"Mac-mini-2.local","msg":"Timeout in AwaitingInitialSync, forcing state to Online and flushing buffer"}
Closing session: SessionEntry {
  _chains: {
    'Bbj/XB5oP0IR/JGflMY6T4fII2m9wGhEDCM/t4kkIrNW': { chainKey: [Object], chainType: 2, messageKeys: {} },
    'BfJ0OU6Cr52eTP/epDYw71TsW5NjgniIibMqXTOjBgpW': { chainKey: [Object], chainType: 1, messageKeys: {} }
  },
  registrationId: 964615210,
  currentRatchet: {
    ephemeralKeyPair: {
      pubKey: <Buffer 05 f2 74 39 4e 82 af 9d 9e 4c ff de a4 36 30 ef 54 ec 5b 93 63 82 78 88 89 b3 2a 5d 33 a3 06 0a 56>,
      privKey: <Buffer 38 60 39 07 93 b0 f0 22 a3 1f c8 7e 31 d9 99 56 1d f7 eb b7 c0 08 f1 0f d7 aa 0c 03 e3 2c 43 68>
    },
    lastRemoteEphemeralKey: <Buffer 05 b8 ff 5c 1e 68 3f 42 11 fc 91 9f 94 c6 3a 4f 87 c8 23 69 bd c0 68 44 0c 23 3f b7 89 24 22 b3 56>,
    previousCounter: 0,
    rootKey: <Buffer 24 ba 55 61 5b 81 dc 13 06 d2 f9 11 8e a2 10 17 b0 0b 6d 40 0b 1b 05 d8 70 dd 7c 8f 56 5b c0 22>
  },
  indexInfo: {
    baseKey: <Buffer 05 90 b4 9e ce c2 77 87 50 48 de 2a ad 58 21 6d 9b 60 f7 63 9f 86 8b 6c 14 6a 61 bc f0 48 0c f4 42>,
    baseKeyType: 1,
    closed: -1,
    used: 1779976643910,
    created: 1779975901425,
    remoteIdentityKey: <Buffer 05 fe 47 cf 1f 55 8d 8f f8 be d8 26 a8 79 33 df 4b e1 a6 55 a1 32 72 49 79 02 d0 b9 aa 31 bc 16 45>
  }
}
Closing session: SessionEntry {
  _chains: {
    'BQ91MQ1/pjcolh4/7jUURTIPU6TU4vjqCMrwyGB3DQlE': { chainKey: [Object], chainType: 1, messageKeys: {} }
  },
  registrationId: 569403322,
  currentRatchet: {
    ephemeralKeyPair: {
      pubKey: <Buffer 05 0f 75 31 0d 7f a6 37 28 96 1e 3f ee 35 14 45 32 0f 53 a4 d4 e2 f8 ea 08 ca f0 c8 60 77 0d 09 44>,
      privKey: <Buffer 68 58 a1 f2 56 81 47 94 78 f8 01 d0 a7 6f 30 fe 05 e0 28 0d 6f eb cd d4 58 91 ce 32 f3 2e d2 59>
    },
    lastRemoteEphemeralKey: <Buffer 05 05 aa bf 87 4d 6b 14 85 de 22 ae 5e a2 00 1c e4 91 2d c6 54 48 a6 9c e3 60 5f 42 9a de e8 a4 6b>,
    previousCounter: 0,
    rootKey: <Buffer 28 9b b1 ff 72 1c 15 3d ef bc dd d5 c6 3e a0 94 1c 6c dd 1f 32 b7 8b 7e 66 76 f0 c0 41 98 16 b9>
  },
  indexInfo: {
    baseKey: <Buffer 05 a0 8b 06 6c 9d f6 e6 7b 5d 40 71 b6 b2 3c b1 5a e3 b0 d7 43 10 ef 48 a2 42 38 e9 ba a0 1c d8 7a>,
    baseKeyType: 1,
    closed: -1,
    used: 1779975901430,
    created: 1779975901430,
    remoteIdentityKey: <Buffer 05 80 f0 71 26 1a b2 e7 9a 91 38 3b cf b5 de 25 fe 0f 36 33 09 32 17 30 7e c3 f2 72 c9 1a 60 c6 1d>
  },
  pendingPreKey: {
    signedKeyId: 757561,
    baseKey: <Buffer 05 a0 8b 06 6c 9d f6 e6 7b 5d 40 71 b6 b2 3c b1 5a e3 b0 d7 43 10 ef 48 a2 42 38 e9 ba a0 1c d8 7a>,
    preKeyId: 12799133
  }
}
{"event":"ignored","reason":"allowlist_mismatch","chatId":"120363145668140275@g.us","senderId":"203668037099725@lid"}
{"event":"ignored","reason":"allowlist_mismatch","chatId":"120363145668140275@g.us","senderId":"203668037099725@lid"}
{"event":"ignored","reason":"allowlist_mismatch","chatId":"120363145668140275@g.us","senderId":"203668037099725@lid"}
{"event":"ignored","reason":"allowlist_mismatch","chatId":"120363145668140275@g.us","senderId":"203668037099725@lid"}
{"event":"ignored","reason":"allowlist_mismatch","chatId":"120363145668140275@g.us","senderId":"255606590058731@lid"}
Closing session: SessionEntry {
  _chains: {
    Be720AIjUx52K9qBEMEZWYLUnQDzfuGgQtHFt2yODzI2: { chainKey: [Object], chainType: 2, messageKeys: {} },
    'BVrwT4uF9dmf+vy4fVvEcZce7AASk6+d+DSIogceyKJH': { chainKey: [Object], chainType: 2, messageKeys: {} },
    'BSJw1ol9U/SHmPYVLNi2Vt0gkDu/mPgsjcWOzunobYMM': { chainKey: [Object], chainType: 1, messageKeys: {} }
  },
  registrationId: 964615210,
  currentRatchet: {
    ephemeralKeyPair: {
      pubKey: <Buffer 05 22 70 d6 89 7d 53 f4 87 98 f6 15 2c d8 b6 56 dd 20 90 3b bf 98 f8 2c 8d c5 8e ce e9 e8 6d 83 0c>,
      privKey: <Buffer a8 11 50 8c 79 ca fd 96 df 58 2e d7 ce 6d 84 bf 10 4f ba 9a 9e bd a8 59 6d 60 77 86 88 cd ff 58>
    },
    lastRemoteEphemeralKey: <Buffer 05 5a f0 4f 8b 85 f5 d9 9f fa fc b8 7d 5b c4 71 97 1e ec 00 12 93 af 9d f8 34 88 a2 07 1e c8 a2 47>,
    previousCounter: 9,
    rootKey: <Buffer 36 d1 0f e1 45 84 d5 92 b7 0a 06 87 d7 d5 ca b6 b4 a0 6e 49 74 51 62 f8 41 84 26 94 41 29 55 a6>
  },
  indexInfo: {
    baseKey: <Buffer 05 56 99 a4 7f 5d 6c ab 27 e4 14 f3 dd 70 3c c5 22 77 c5 3b 7e 69 87 43 01 97 6a b6 e0 a4 2a 66 42>,
    baseKeyType: 1,
    closed: -1,
    used: 1780058525367,
    created: 1780048801510,
    remoteIdentityKey: <Buffer 05 fe 47 cf 1f 55 8d 8f f8 be d8 26 a8 79 33 df 4b e1 a6 55 a1 32 72 49 79 02 d0 b9 aa 31 bc 16 45>
  }
}
Closing session: SessionEntry {
  _chains: {
    'BX28et/UoRyYQbIetchmr4g3B++EE7Kc/bQI0kg8/w5l': { chainKey: [Object], chainType: 1, messageKeys: {} }
  },
  registrationId: 569403322,
  currentRatchet: {
    ephemeralKeyPair: {
      pubKey: <Buffer 05 7d bc 7a df d4 a1 1c 98 41 b2 1e b5 c8 66 af 88 37 07 ef 84 13 b2 9c fd b4 08 d2 48 3c ff 0e 65>,
      privKey: <Buffer 20 b6 c7 33 e8 28 6e a7 6d 9f df be c4 b8 1b 78 d8 61 56 96 da c5 b0 e6 d8 e5 8c 25 ae ec 21 77>
    },
    lastRemoteEphemeralKey: <Buffer 05 05 aa bf 87 4d 6b 14 85 de 22 ae 5e a2 00 1c e4 91 2d c6 54 48 a6 9c e3 60 5f 42 9a de e8 a4 6b>,
    previousCounter: 0,
    rootKey: <Buffer a4 e2 7b d8 de e5 5b a5 aa 6a d8 a0 7b 48 cd d5 f7 f8 56 a8 b3 83 03 11 eb 83 40 74 2f b0 4b 9b>
  },
  indexInfo: {
    baseKey: <Buffer 05 2b 2f b9 26 31 69 6a f5 24 20 50 95 ae 00 4d cc a8 42 aa 6c b5 27 08 28 ff ac 24 12 61 04 07 1c>,
    baseKeyType: 1,
    closed: -1,
    used: 1780048801514,
    created: 1780048801514,
    remoteIdentityKey: <Buffer 05 80 f0 71 26 1a b2 e7 9a 91 38 3b cf b5 de 25 fe 0f 36 33 09 32 17 30 7e c3 f2 72 c9 1a 60 c6 1d>
  },
  pendingPreKey: {
    signedKeyId: 757561,
    baseKey: <Buffer 05 2b 2f b9 26 31 69 6a f5 24 20 50 95 ae 00 4d cc a8 42 aa 6c b5 27 08 28 ff ac 24 12 61 04 07 1c>,
    preKeyId: 12799173
  }
}
⚠️  Connection closed (reason: 428). Reconnecting in 3s...
✅ WhatsApp connected!
{"level":40,"time":1780071398166,"pid":87216,"hostname":"Mac-mini-2.local","msg":"Timeout in AwaitingInitialSync, forcing state to Online and flushing buffer"}
⚠️  Connection closed (reason: 428). Reconnecting in 3s...
✅ WhatsApp connected!
{"level":40,"time":1780073017455,"pid":87216,"hostname":"Mac-mini-2.local","msg":"Timeout in AwaitingInitialSync, forcing state to Online and flushing buffer"}
⚠️  Connection closed (reason: 428). Reconnecting in 3s...
✅ WhatsApp connected!
{"level":40,"time":1780077311002,"pid":87216,"hostname":"Mac-mini-2.local","msg":"Timeout in AwaitingInitialSync, forcing state to Online and flushing buffer"}
⚠️  Connection closed (reason: 428). Reconnecting in 3s...
✅ WhatsApp connected!
{"level":40,"time":1780078623052,"pid":87216,"hostname":"Mac-mini-2.local","msg":"Timeout in AwaitingInitialSync, forcing state to Online and flushing buffer"}
⚠️  Connection closed (reason: 428). Reconnecting in 3s...
✅ WhatsApp connected!
{"level":40,"time":1780080087470,"pid":87216,"hostname":"Mac-mini-2.local","msg":"Timeout in AwaitingInitialSync, forcing state to Online and flushing buffer"}
⚠️  Connection closed (reason: 428). Reconnecting in 3s...
✅ WhatsApp connected!
{"level":40,"time":1780088586498,"pid":87216,"hostname":"Mac-mini-2.local","msg":"Timeout in AwaitingInitialSync, forcing state to Online and flushing buffer"}
⚠️  Connection closed (reason: 428). Reconnecting in 3s...
✅ WhatsApp connected!
{"level":40,"time":1780089710534,"pid":87216,"hostname":"Mac-mini-2.local","msg":"Timeout in AwaitingInitialSync, forcing state to Online and flushing buffer"}
⚠️  Connection closed (reason: 428). Reconnecting in 3s...
✅ WhatsApp connected!
{"level":40,"time":1780094576024,"pid":87216,"hostname":"Mac-mini-2.local","msg":"Timeout in AwaitingInitialSync, forcing state to Online and flushing buffer"}
⚠️  Connection closed (reason: 428). Reconnecting in 3s...
✅ WhatsApp connected!
{"level":40,"time":1780100044940,"pid":87216,"hostname":"Mac-mini-2.local","msg":"Timeout in AwaitingInitialSync, forcing state to Online and flushing buffer"}
{"level":40,"time":1780144259652,"pid":87216,"hostname":"Mac-mini-2.local","msgId":"3EB002033142E198824D68","trace":"Error [ERR_MODULE_NOT_FOUND]: Cannot find package 'link-preview-js' imported from /Users/ktoclaw/.hermes/hermes-agent/scripts/whatsapp-bridge/node_modules/@whiskeysockets/baileys/lib/Utils/link-preview.js\n    at Object.getPackageJSONURL (node:internal/modules/package_json_reader:301:9)\n    at packageResolve (node:internal/modules/esm/resolve:768:81)\n    at moduleResolve (node:internal/modules/esm/resolve:859:18)\n    at defaultResolve (node:internal/modules/esm/resolve:991:11)\n    at #cachedDefaultResolve (node:internal/modules/esm/loader:713:20)\n    at #resolveAndMaybeBlockOnLoaderThread (node:internal/modules/esm/loader:730:38)\n    at ModuleLoader.resolveSync (node:internal/modules/esm/loader:759:52)\n    at #resolve (node:internal/modules/esm/loader:695:17)\n    at ModuleLoader.getOrCreateModuleJob (node:internal/modules/esm/loader:615:35)\n    at onImport.tracePromise.__proto__ (node:internal/modules/esm/loader:644:32)","msg":"url generation failed"}
{"level":40,"time":1780144860808,"pid":87216,"hostname":"Mac-mini-2.local","msgId":"3EB09AA63904AF62FB9C74","trace":"Error [ERR_MODULE_NOT_FOUND]: Cannot find package 'link-preview-js' imported from /Users/ktoclaw/.hermes/hermes-agent/scripts/whatsapp-bridge/node_modules/@whiskeysockets/baileys/lib/Utils/link-preview.js\n    at Object.getPackageJSONURL (node:internal/modules/package_json_reader:301:9)\n    at packageResolve (node:internal/modules/esm/resolve:768:81)\n    at moduleResolve (node:internal/modules/esm/resolve:859:18)\n    at defaultResolve (node:internal/modules/esm/resolve:991:11)\n    at #cachedDefaultResolve (node:internal/modules/esm/loader:713:20)\n    at #resolveAndMaybeBlockOnLoaderThread (node:internal/modules/esm/loader:730:38)\n    at ModuleLoader.resolveSync (node:internal/modules/esm/loader:759:52)\n    at #resolve (node:internal/modules/esm/loader:695:17)\n    at ModuleLoader.getOrCreateModuleJob (node:internal/modules/esm/loader:615:35)\n    at onImport.tracePromise.__proto__ (node:internal/modules/esm/loader:644:32)","msg":"url generation failed"}
{"level":40,"time":1780144869858,"pid":87216,"hostname":"Mac-mini-2.local","msgId":"3EB08FBC4812EFCF2B74CB","trace":"Error [ERR_MODULE_NOT_FOUND]: Cannot find package 'link-preview-js' imported from /Users/ktoclaw/.hermes/hermes-agent/scripts/whatsapp-bridge/node_modules/@whiskeysockets/baileys/lib/Utils/link-preview.js\n    at Object.getPackageJSONURL (node:internal/modules/package_json_reader:301:9)\n    at packageResolve (node:internal/modules/esm/resolve:768:81)\n    at moduleResolve (node:internal/modules/esm/resolve:859:18)\n    at defaultResolve (node:internal/modules/esm/resolve:991:11)\n    at #cachedDefaultResolve (node:internal/modules/esm/loader:713:20)\n    at #resolveAndMaybeBlockOnLoaderThread (node:internal/modules/esm/loader:730:38)\n    at ModuleLoader.resolveSync (node:internal/modules/esm/loader:759:52)\n    at #resolve (node:internal/modules/esm/loader:695:17)\n    at ModuleLoader.getOrCreateModuleJob (node:internal/modules/esm/loader:615:35)\n    at onImport.tracePromise.__proto__ (node:internal/modules/esm/loader:644:32)","msg":"url generation failed"}
{"level":40,"time":1780144875463,"pid":87216,"hostname":"Mac-mini-2.local","msgId":"3EB0F0C110A23109485DB1","trace":"Error [ERR_MODULE_NOT_FOUND]: Cannot find package 'link-preview-js' imported from /Users/ktoclaw/.hermes/hermes-agent/scripts/whatsapp-bridge/node_modules/@whiskeysockets/baileys/lib/Utils/link-preview.js\n    at Object.getPackageJSONURL (node:internal/modules/package_json_reader:301:9)\n    at packageResolve (node:internal/modules/esm/resolve:768:81)\n    at moduleResolve (node:internal/modules/esm/resolve:859:18)\n    at defaultResolve (node:internal/modules/esm/resolve:991:11)\n    at #cachedDefaultResolve (node:internal/modules/esm/loader:713:20)\n    at #resolveAndMaybeBlockOnLoaderThread (node:internal/modules/esm/loader:730:38)\n    at ModuleLoader.resolveSync (node:internal/modules/esm/loader:759:52)\n    at #resolve (node:internal/modules/esm/loader:695:17)\n    at ModuleLoader.getOrCreateModuleJob (node:internal/modules/esm/loader:615:35)\n    at onImport.tracePromise.__proto__ (node:internal/modules/esm/loader:644:32)","msg":"url generation failed"}
{"level":40,"time":1780144875593,"pid":87216,"hostname":"Mac-mini-2.local","msgId":"3EB0C16BFB084FD552C954","trace":"Error [ERR_MODULE_NOT_FOUND]: Cannot find package 'link-preview-js' imported from /Users/ktoclaw/.hermes/hermes-agent/scripts/whatsapp-bridge/node_modules/@whiskeysockets/baileys/lib/Utils/link-preview.js\n    at Object.getPackageJSONURL (node:internal/modules/package_json_reader:301:9)\n    at packageResolve (node:internal/modules/esm/resolve:768:81)\n    at moduleResolve (node:internal/modules/esm/resolve:859:18)\n    at defaultResolve (node:internal/modules/esm/resolve:991:11)\n    at #cachedDefaultResolve (node:internal/modules/esm/loader:713:20)\n    at #resolveAndMaybeBlockOnLoaderThread (node:internal/modules/esm/loader:730:38)\n    at ModuleLoader.resolveSync (node:internal/modules/esm/loader:759:52)\n    at #resolve (node:internal/modules/esm/loader:695:17)\n    at ModuleLoader.getOrCreateModuleJob (node:internal/modules/esm/loader:615:35)\n    at onImport.tracePromise.__proto__ (node:internal/modules/esm/loader:644:32)","msg":"url generation failed"}
{"level":40,"time":1780144901228,"pid":87216,"hostname":"Mac-mini-2.local","msgId":"3EB05E9BA8A96E5A6E0F19","trace":"Error [ERR_MODULE_NOT_FOUND]: Cannot find package 'link-preview-js' imported from /Users/ktoclaw/.hermes/hermes-agent/scripts/whatsapp-bridge/node_modules/@whiskeysockets/baileys/lib/Utils/link-preview.js\n    at Object.getPackageJSONURL (node:internal/modules/package_json_reader:301:9)\n    at packageResolve (node:internal/modules/esm/resolve:768:81)\n    at moduleResolve (node:internal/modules/esm/resolve:859:18)\n    at defaultResolve (node:internal/modules/esm/resolve:991:11)\n    at #cachedDefaultResolve (node:internal/modules/esm/loader:713:20)\n    at #resolveAndMaybeBlockOnLoaderThread (node:internal/modules/esm/loader:730:38)\n    at ModuleLoader.resolveSync (node:internal/modules/esm/loader:759:52)\n    at #resolve (node:internal/modules/esm/loader:695:17)\n    at ModuleLoader.getOrCreateModuleJob (node:internal/modules/esm/loader:615:35)\n    at onImport.tracePromise.__proto__ (node:internal/modules/esm/loader:644:32)","msg":"url generation failed"}
{"level":40,"time":1780144904853,"pid":87216,"hostname":"Mac-mini-2.local","msgId":"3EB09132C2C8FDAEA4B75A","trace":"Error [ERR_MODULE_NOT_FOUND]: Cannot find package 'link-preview-js' imported from /Users/ktoclaw/.hermes/hermes-agent/scripts/whatsapp-bridge/node_modules/@whiskeysockets/baileys/lib/Utils/link-preview.js\n    at Object.getPackageJSONURL (node:internal/modules/package_json_reader:301:9)\n    at packageResolve (node:internal/modules/esm/resolve:768:81)\n    at moduleResolve (node:internal/modules/esm/resolve:859:18)\n    at defaultResolve (node:internal/modules/esm/resolve:991:11)\n    at #cachedDefaultResolve (node:internal/modules/esm/loader:713:20)\n    at #resolveAndMaybeBlockOnLoaderThread (node:internal/modules/esm/loader:730:38)\n    at ModuleLoader.resolveSync (node:internal/modules/esm/loader:759:52)\n    at #resolve (node:internal/modules/esm/loader:695:17)\n    at ModuleLoader.getOrCreateModuleJob (node:internal/modules/esm/loader:615:35)\n    at onImport.tracePromise.__proto__ (node:internal/modules/esm/loader:644:32)","msg":"url generation failed"}
{"level":40,"time":1780144911793,"pid":87216,"hostname":"Mac-mini-2.local","msgId":"3EB0385548D3C254E1AF26","trace":"Error [ERR_MODULE_NOT_FOUND]: Cannot find package 'link-preview-js' imported from /Users/ktoclaw/.hermes/hermes-agent/scripts/whatsapp-bridge/node_modules/@whiskeysockets/baileys/lib/Utils/link-preview.js\n    at Object.getPackageJSONURL (node:internal/modules/package_json_reader:301:9)\n    at packageResolve (node:internal/modules/esm/resolve:768:81)\n    at moduleResolve (node:internal/modules/esm/resolve:859:18)\n    at defaultResolve (node:internal/modules/esm/resolve:991:11)\n    at #cachedDefaultResolve (node:internal/modules/esm/loader:713:20)\n    at #resolveAndMaybeBlockOnLoaderThread (node:internal/modules/esm/loader:730:38)\n    at ModuleLoader.resolveSync (node:internal/modules/esm/loader:759:52)\n    at #resolve (node:internal/modules/esm/loader:695:17)\n    at ModuleLoader.getOrCreateModuleJob (node:internal/modules/esm/loader:615:35)\n    at onImport.tracePromise.__proto__ (node:internal/modules/esm/loader:644:32)","msg":"url generation failed"}
{"level":40,"time":1780144913611,"pid":87216,"hostname":"Mac-mini-2.local","msgId":"3EB00029DA3095E95604B5","trace":"Error [ERR_MODULE_NOT_FOUND]: Cannot find package 'link-preview-js' imported from /Users/ktoclaw/.hermes/hermes-agent/scripts/whatsapp-bridge/node_modules/@whiskeysockets/baileys/lib/Utils/link-preview.js\n    at Object.getPackageJSONURL (node:internal/modules/package_json_reader:301:9)\n    at packageResolve (node:internal/modules/esm/resolve:768:81)\n    at moduleResolve (node:internal/modules/esm/resolve:859:18)\n    at defaultResolve (node:internal/modules/esm/resolve:991:11)\n    at #cachedDefaultResolve (node:internal/modules/esm/loader:713:20)\n    at #resolveAndMaybeBlockOnLoaderThread (node:internal/modules/esm/loader:730:38)\n    at ModuleLoader.resolveSync (node:internal/modules/esm/loader:759:52)\n    at #resolve (node:internal/modules/esm/loader:695:17)\n    at ModuleLoader.getOrCreateModuleJob (node:internal/modules/esm/loader:615:35)\n    at onImport.tracePromise.__proto__ (node:internal/modules/esm/loader:644:32)","msg":"url generation failed"}
{"level":40,"time":1780144921164,"pid":87216,"hostname":"Mac-mini-2.local","msgId":"3EB0877FED660F3CE5508E","trace":"Error [ERR_MODULE_NOT_FOUND]: Cannot find package 'link-preview-js' imported from /Users/ktoclaw/.hermes/hermes-agent/scripts/whatsapp-bridge/node_modules/@whiskeysockets/baileys/lib/Utils/link-preview.js\n    at Object.getPackageJSONURL (node:internal/modules/package_json_reader:301:9)\n    at packageResolve (node:internal/modules/esm/resolve:768:81)\n    at moduleResolve (node:internal/modules/esm/resolve:859:18)\n    at defaultResolve (node:internal/modules/esm/resolve:991:11)\n    at #cachedDefaultResolve (node:internal/modules/esm/loader:713:20)\n    at #resolveAndMaybeBlockOnLoaderThread (node:internal/modules/esm/loader:730:38)\n    at ModuleLoader.resolveSync (node:internal/modules/esm/loader:759:52)\n    at #resolve (node:internal/modules/esm/loader:695:17)\n    at ModuleLoader.getOrCreateModuleJob (node:internal/modules/esm/loader:615:35)\n    at onImport.tracePromise.__proto__ (node:internal/modules/esm/loader:644:32)","msg":"url generation failed"}
{"level":40,"time":1780144925106,"pid":87216,"hostname":"Mac-mini-2.local","msgId":"3EB0871641089747F57BDE","trace":"Error [ERR_MODULE_NOT_FOUND]: Cannot find package 'link-preview-js' imported from /Users/ktoclaw/.hermes/hermes-agent/scripts/whatsapp-bridge/node_modules/@whiskeysockets/baileys/lib/Utils/link-preview.js\n    at Object.getPackageJSONURL (node:internal/modules/package_json_reader:301:9)\n    at packageResolve (node:internal/modules/esm/resolve:768:81)\n    at moduleResolve (node:internal/modules/esm/resolve:859:18)\n    at defaultResolve (node:internal/modules/esm/resolve:991:11)\n    at #cachedDefaultResolve (node:internal/modules/esm/loader:713:20)\n    at #resolveAndMaybeBlockOnLoaderThread (node:internal/modules/esm/loader:730:38)\n    at ModuleLoader.resolveSync (node:internal/modules/esm/loader:759:52)\n    at #resolve (node:internal/modules/esm/loader:695:17)\n    at ModuleLoader.getOrCreateModuleJob (node:internal/modules/esm/loader:615:35)\n    at onImport.tracePromise.__proto__ (node:internal/modules/esm/loader:644:32)","msg":"url generation failed"}
{"level":40,"time":1780144935065,"pid":87216,"hostname":"Mac-mini-2.local","msgId":"3EB0109231E2EFA550F507","trace":"Error [ERR_MODULE_NOT_FOUND]: Cannot find package 'link-preview-js' imported from /Users/ktoclaw/.hermes/hermes-agent/scripts/whatsapp-bridge/node_modules/@whiskeysockets/baileys/lib/Utils/link-preview.js\n    at Object.getPackageJSONURL (node:internal/modules/package_json_reader:301:9)\n    at packageResolve (node:internal/modules/esm/resolve:768:81)\n    at moduleResolve (node:internal/modules/esm/resolve:859:18)\n    at defaultResolve (node:internal/modules/esm/resolve:991:11)\n    at #cachedDefaultResolve (node:internal/modules/esm/loader:713:20)\n    at #resolveAndMaybeBlockOnLoaderThread (node:internal/modules/esm/loader:730:38)\n    at ModuleLoader.resolveSync (node:internal/modules/esm/loader:759:52)\n    at #resolve (node:internal/modules/esm/loader:695:17)\n    at ModuleLoader.getOrCreateModuleJob (node:internal/modules/esm/loader:615:35)\n    at onImport.tracePromise.__proto__ (node:internal/modules/esm/loader:644:32)","msg":"url generation failed"}
⚠️  Connection closed (reason: 428). Reconnecting in 3s...
✅ WhatsApp connected!
{"level":40,"time":1780190019314,"pid":87216,"hostname":"Mac-mini-2.local","msg":"Timeout in AwaitingInitialSync, forcing state to Online and flushing buffer"}
{"level":40,"time":1780271344268,"pid":87216,"hostname":"Mac-mini-2.local","msgId":"3EB0FF7637BE32918D4061","trace":"Error [ERR_MODULE_NOT_FOUND]: Cannot find package 'link-preview-js' imported from /Users/ktoclaw/.hermes/hermes-agent/scripts/whatsapp-bridge/node_modules/@whiskeysockets/baileys/lib/Utils/link-preview.js\n    at Object.getPackageJSONURL (node:internal/modules/package_json_reader:301:9)\n    at packageResolve (node:internal/modules/esm/resolve:768:81)\n    at moduleResolve (node:internal/modules/esm/resolve:859:18)\n    at defaultResolve (node:internal/modules/esm/resolve:991:11)\n    at #cachedDefaultResolve (node:internal/modules/esm/loader:713:20)\n    at #resolveAndMaybeBlockOnLoaderThread (node:internal/modules/esm/loader:730:38)\n    at ModuleLoader.resolveSync (node:internal/modules/esm/loader:759:52)\n    at #resolve (node:internal/modules/esm/loader:695:17)\n    at ModuleLoader.getOrCreateModuleJob (node:internal/modules/esm/loader:615:35)\n    at onImport.tracePromise.__proto__ (node:internal/modules/esm/loader:644:32)","msg":"url generation failed"}
{"level":40,"time":1780271353271,"pid":87216,"hostname":"Mac-mini-2.local","msgId":"3EB0BD25D7BE0BCE40A005","trace":"Error [ERR_MODULE_NOT_FOUND]: Cannot find package 'link-preview-js' imported from /Users/ktoclaw/.hermes/hermes-agent/scripts/whatsapp-bridge/node_modules/@whiskeysockets/baileys/lib/Utils/link-preview.js\n    at Object.getPackageJSONURL (node:internal/modules/package_json_reader:301:9)\n    at packageResolve (node:internal/modules/esm/resolve:768:81)\n    at moduleResolve (node:internal/modules/esm/resolve:859:18)\n    at defaultResolve (node:internal/modules/esm/resolve:991:11)\n    at #cachedDefaultResolve (node:internal/modules/esm/loader:713:20)\n    at #resolveAndMaybeBlockOnLoaderThread (node:internal/modules/esm/loader:730:38)\n    at ModuleLoader.resolveSync (node:internal/modules/esm/loader:759:52)\n    at #resolve (node:internal/modules/esm/loader:695:17)\n    at ModuleLoader.getOrCreateModuleJob (node:internal/modules/esm/loader:615:35)\n    at onImport.tracePromise.__proto__ (node:internal/modules/esm/loader:644:32)","msg":"url generation failed"}
{"level":40,"time":1780271366545,"pid":87216,"hostname":"Mac-mini-2.local","msgId":"3EB072BE1C671BBE80DE6E","trace":"Error [ERR_MODULE_NOT_FOUND]: Cannot find package 'link-preview-js' imported from /Users/ktoclaw/.hermes/hermes-agent/scripts/whatsapp-bridge/node_modules/@whiskeysockets/baileys/lib/Utils/link-preview.js\n    at Object.getPackageJSONURL (node:internal/modules/package_json_reader:301:9)\n    at packageResolve (node:internal/modules/esm/resolve:768:81)\n    at moduleResolve (node:internal/modules/esm/resolve:859:18)\n    at defaultResolve (node:internal/modules/esm/resolve:991:11)\n    at #cachedDefaultResolve (node:internal/modules/esm/loader:713:20)\n    at #resolveAndMaybeBlockOnLoaderThread (node:internal/modules/esm/loader:730:38)\n    at ModuleLoader.resolveSync (node:internal/modules/esm/loader:759:52)\n    at #resolve (node:internal/modules/esm/loader:695:17)\n    at ModuleLoader.getOrCreateModuleJob (node:internal/modules/esm/loader:615:35)\n    at onImport.tracePromise.__proto__ (node:internal/modules/esm/loader:644:32)","msg":"url generation failed"}
{"level":40,"time":1780271370773,"pid":87216,"hostname":"Mac-mini-2.local","msgId":"3EB07B4517AF15940BEF85","trace":"Error [ERR_MODULE_NOT_FOUND]: Cannot find package 'link-preview-js' imported from /Users/ktoclaw/.hermes/hermes-agent/scripts/whatsapp-bridge/node_modules/@whiskeysockets/baileys/lib/Utils/link-preview.js\n    at Object.getPackageJSONURL (node:internal/modules/package_json_reader:301:9)\n    at packageResolve (node:internal/modules/esm/resolve:768:81)\n    at moduleResolve (node:internal/modules/esm/resolve:859:18)\n    at defaultResolve (node:internal/modules/esm/resolve:991:11)\n    at #cachedDefaultResolve (node:internal/modules/esm/loader:713:20)\n    at #resolveAndMaybeBlockOnLoaderThread (node:internal/modules/esm/loader:730:38)\n    at ModuleLoader.resolveSync (node:internal/modules/esm/loader:759:52)\n    at #resolve (node:internal/modules/esm/loader:695:17)\n    at ModuleLoader.getOrCreateModuleJob (node:internal/modules/esm/loader:615:35)\n    at onImport.tracePromise.__proto__ (node:internal/modules/esm/loader:644:32)","msg":"url generation failed"}
{"level":40,"time":1780271459276,"pid":87216,"hostname":"Mac-mini-2.local","msgId":"3EB022E67BCAB37F8996B1","trace":"Error [ERR_MODULE_NOT_FOUND]: Cannot find package 'link-preview-js' imported from /Users/ktoclaw/.hermes/hermes-agent/scripts/whatsapp-bridge/node_modules/@whiskeysockets/baileys/lib/Utils/link-preview.js\n    at Object.getPackageJSONURL (node:internal/modules/package_json_reader:301:9)\n    at packageResolve (node:internal/modules/esm/resolve:768:81)\n    at moduleResolve (node:internal/modules/esm/resolve:859:18)\n    at defaultResolve (node:internal/modules/esm/resolve:991:11)\n    at #cachedDefaultResolve (node:internal/modules/esm/loader:713:20)\n    at #resolveAndMaybeBlockOnLoaderThread (node:internal/modules/esm/loader:730:38)\n    at ModuleLoader.resolveSync (node:internal/modules/esm/loader:759:52)\n    at #resolve (node:internal/modules/esm/loader:695:17)\n    at ModuleLoader.getOrCreateModuleJob (node:internal/modules/esm/loader:615:35)\n    at onImport.tracePromise.__proto__ (node:internal/modules/esm/loader:644:32)","msg":"url generation failed"}
{"level":40,"time":1780271466535,"pid":87216,"hostname":"Mac-mini-2.local","msgId":"3EB05B77E2D22C5CB01BE0","trace":"Error [ERR_MODULE_NOT_FOUND]: Cannot find package 'link-preview-js' imported from /Users/ktoclaw/.hermes/hermes-agent/scripts/whatsapp-bridge/node_modules/@whiskeysockets/baileys/lib/Utils/link-preview.js\n    at Object.getPackageJSONURL (node:internal/modules/package_json_reader:301:9)\n    at packageResolve (node:internal/modules/esm/resolve:768:81)\n    at moduleResolve (node:internal/modules/esm/resolve:859:18)\n    at defaultResolve (node:internal/modules/esm/resolve:991:11)\n    at #cachedDefaultResolve (node:internal/modules/esm/loader:713:20)\n    at #resolveAndMaybeBlockOnLoaderThread (node:internal/modules/esm/loader:730:38)\n    at ModuleLoader.resolveSync (node:internal/modules/esm/loader:759:52)\n    at #resolve (node:internal/modules/esm/loader:695:17)\n    at ModuleLoader.getOrCreateModuleJob (node:internal/modules/esm/loader:615:35)\n    at onImport.tracePromise.__proto__ (node:internal/modules/esm/loader:644:32)","msg":"url generation failed"}
{"level":40,"time":1780271480114,"pid":87216,"hostname":"Mac-mini-2.local","msgId":"3EB075229977EB49A5FE1C","trace":"Error [ERR_MODULE_NOT_FOUND]: Cannot find package 'link-preview-js' imported from /Users/ktoclaw/.hermes/hermes-agent/scripts/whatsapp-bridge/node_modules/@whiskeysockets/baileys/lib/Utils/link-preview.js\n    at Object.getPackageJSONURL (node:internal/modules/package_json_reader:301:9)\n    at packageResolve (node:internal/modules/esm/resolve:768:81)\n    at moduleResolve (node:internal/modules/esm/resolve:859:18)\n    at defaultResolve (node:internal/modules/esm/resolve:991:11)\n    at #cachedDefaultResolve (node:internal/modules/esm/loader:713:20)\n    at #resolveAndMaybeBlockOnLoaderThread (node:internal/modules/esm/loader:730:38)\n    at ModuleLoader.resolveSync (node:internal/modules/esm/loader:759:52)\n    at #resolve (node:internal/modules/esm/loader:695:17)\n    at ModuleLoader.getOrCreateModuleJob (node:internal/modules/esm/loader:615:35)\n    at onImport.tracePromise.__proto__ (node:internal/modules/esm/loader:644:32)","msg":"url generation failed"}
{"level":40,"time":1780271493399,"pid":87216,"hostname":"Mac-mini-2.local","msgId":"3EB07FD438EF9F4D7F4E92","trace":"Error [ERR_MODULE_NOT_FOUND]: Cannot find package 'link-preview-js' imported from /Users/ktoclaw/.hermes/hermes-agent/scripts/whatsapp-bridge/node_modules/@whiskeysockets/baileys/lib/Utils/link-preview.js\n    at Object.getPackageJSONURL (node:internal/modules/package_json_reader:301:9)\n    at packageResolve (node:internal/modules/esm/resolve:768:81)\n    at moduleResolve (node:internal/modules/esm/resolve:859:18)\n    at defaultResolve (node:internal/modules/esm/resolve:991:11)\n    at #cachedDefaultResolve (node:internal/modules/esm/loader:713:20)\n    at #resolveAndMaybeBlockOnLoaderThread (node:internal/modules/esm/loader:730:38)\n    at ModuleLoader.resolveSync (node:internal/modules/esm/loader:759:52)\n    at #resolve (node:internal/modules/esm/loader:695:17)\n    at ModuleLoader.getOrCreateModuleJob (node:internal/modules/esm/loader:615:35)\n    at onImport.tracePromise.__proto__ (node:internal/modules/esm/loader:644:32)","msg":"url generation failed"}
{"level":40,"time":1780271498030,"pid":87216,"hostname":"Mac-mini-2.local","msgId":"3EB015C8E33B3F2CC256A6","trace":"Error [ERR_MODULE_NOT_FOUND]: Cannot find package 'link-preview-js' imported from /Users/ktoclaw/.hermes/hermes-agent/scripts/whatsapp-bridge/node_modules/@whiskeysockets/baileys/lib/Utils/link-preview.js\n    at Object.getPackageJSONURL (node:internal/modules/package_json_reader:301:9)\n    at packageResolve (node:internal/modules/esm/resolve:768:81)\n    at moduleResolve (node:internal/modules/esm/resolve:859:18)\n    at defaultResolve (node:internal/modules/esm/resolve:991:11)\n    at #cachedDefaultResolve (node:internal/modules/esm/loader:713:20)\n    at #resolveAndMaybeBlockOnLoaderThread (node:internal/modules/esm/loader:730:38)\n    at ModuleLoader.resolveSync (node:internal/modules/esm/loader:759:52)\n    at #resolve (node:internal/modules/esm/loader:695:17)\n    at ModuleLoader.getOrCreateModuleJob (node:internal/modules/esm/loader:615:35)\n    at onImport.tracePromise.__proto__ (node:internal/modules/esm/loader:644:32)","msg":"url generation failed"}
{"level":40,"time":1780271503173,"pid":87216,"hostname":"Mac-mini-2.local","msgId":"3EB041CF211EBBF9F2FF49","trace":"Error [ERR_MODULE_NOT_FOUND]: Cannot find package 'link-preview-js' imported from /Users/ktoclaw/.hermes/hermes-agent/scripts/whatsapp-bridge/node_modules/@whiskeysockets/baileys/lib/Utils/link-preview.js\n    at Object.getPackageJSONURL (node:internal/modules/package_json_reader:301:9)\n    at packageResolve (node:internal/modules/esm/resolve:768:81)\n    at moduleResolve (node:internal/modules/esm/resolve:859:18)\n    at defaultResolve (node:internal/modules/esm/resolve:991:11)\n    at #cachedDefaultResolve (node:internal/modules/esm/loader:713:20)\n    at #resolveAndMaybeBlockOnLoaderThread (node:internal/modules/esm/loader:730:38)\n    at ModuleLoader.resolveSync (node:internal/modules/esm/loader:759:52)\n    at #resolve (node:internal/modules/esm/loader:695:17)\n    at ModuleLoader.getOrCreateModuleJob (node:internal/modules/esm/loader:615:35)\n    at onImport.tracePromise.__proto__ (node:internal/modules/esm/loader:644:32)","msg":"url generation failed"}
{"level":40,"time":1780271508012,"pid":87216,"hostname":"Mac-mini-2.local","msgId":"3EB0628D4A45ADAD073403","trace":"Error [ERR_MODULE_NOT_FOUND]: Cannot find package 'link-preview-js' imported from /Users/ktoclaw/.hermes/hermes-agent/scripts/whatsapp-bridge/node_modules/@whiskeysockets/baileys/lib/Utils/link-preview.js\n    at Object.getPackageJSONURL (node:internal/modules/package_json_reader:301:9)\n    at packageResolve (node:internal/modules/esm/resolve:768:81)\n    at moduleResolve (node:internal/modules/esm/resolve:859:18)\n    at defaultResolve (node:internal/modules/esm/resolve:991:11)\n    at #cachedDefaultResolve (node:internal/modules/esm/loader:713:20)\n    at #resolveAndMaybeBlockOnLoaderThread (node:internal/modules/esm/loader:730:38)\n    at ModuleLoader.resolveSync (node:internal/modules/esm/loader:759:52)\n    at #resolve (node:internal/modules/esm/loader:695:17)\n    at ModuleLoader.getOrCreateModuleJob (node:internal/modules/esm/loader:615:35)\n    at onImport.tracePromise.__proto__ (node:internal/modules/esm/loader:644:32)","msg":"url generation failed"}
{"level":40,"time":1780271513144,"pid":87216,"hostname":"Mac-mini-2.local","msgId":"3EB020532FB4C673081B43","trace":"Error [ERR_MODULE_NOT_FOUND]: Cannot find package 'link-preview-js' imported from /Users/ktoclaw/.hermes/hermes-agent/scripts/whatsapp-bridge/node_modules/@whiskeysockets/baileys/lib/Utils/link-preview.js\n    at Object.getPackageJSONURL (node:internal/modules/package_json_reader:301:9)\n    at packageResolve (node:internal/modules/esm/resolve:768:81)\n    at moduleResolve (node:internal/modules/esm/resolve:859:18)\n    at defaultResolve (node:internal/modules/esm/resolve:991:11)\n    at #cachedDefaultResolve (node:internal/modules/esm/loader:713:20)\n    at #resolveAndMaybeBlockOnLoaderThread (node:internal/modules/esm/loader:730:38)\n    at ModuleLoader.resolveSync (node:internal/modules/esm/loader:759:52)\n    at #resolve (node:internal/modules/esm/loader:695:17)\n    at ModuleLoader.getOrCreateModuleJob (node:internal/modules/esm/loader:615:35)\n    at onImport.tracePromise.__proto__ (node:internal/modules/esm/loader:644:32)","msg":"url generation failed"}
{"level":40,"time":1780271518884,"pid":87216,"hostname":"Mac-mini-2.local","msgId":"3EB0583B980277998E4881","trace":"Error [ERR_MODULE_NOT_FOUND]: Cannot find package 'link-preview-js' imported from /Users/ktoclaw/.hermes/hermes-agent/scripts/whatsapp-bridge/node_modules/@whiskeysockets/baileys/lib/Utils/link-preview.js\n    at Object.getPackageJSONURL (node:internal/modules/package_json_reader:301:9)\n    at packageResolve (node:internal/modules/esm/resolve:768:81)\n    at moduleResolve (node:internal/modules/esm/resolve:859:18)\n    at defaultResolve (node:internal/modules/esm/resolve:991:11)\n    at #cachedDefaultResolve (node:internal/modules/esm/loader:713:20)\n    at #resolveAndMaybeBlockOnLoaderThread (node:internal/modules/esm/loader:730:38)\n    at ModuleLoader.resolveSync (node:internal/modules/esm/loader:759:52)\n    at #resolve (node:internal/modules/esm/loader:695:17)\n    at ModuleLoader.getOrCreateModuleJob (node:internal/modules/esm/loader:615:35)\n    at onImport.tracePromise.__proto__ (node:internal/modules/esm/loader:644:32)","msg":"url generation failed"}
{"level":40,"time":1780271523414,"pid":87216,"hostname":"Mac-mini-2.local","msgId":"3EB07A795C86969A279370","trace":"Error [ERR_MODULE_NOT_FOUND]: Cannot find package 'link-preview-js' imported from /Users/ktoclaw/.hermes/hermes-agent/scripts/whatsapp-bridge/node_modules/@whiskeysockets/baileys/lib/Utils/link-preview.js\n    at Object.getPackageJSONURL (node:internal/modules/package_json_reader:301:9)\n    at packageResolve (node:internal/modules/esm/resolve:768:81)\n    at moduleResolve (node:internal/modules/esm/resolve:859:18)\n    at defaultResolve (node:internal/modules/esm/resolve:991:11)\n    at #cachedDefaultResolve (node:internal/modules/esm/loader:713:20)\n    at #resolveAndMaybeBlockOnLoaderThread (node:internal/modules/esm/loader:730:38)\n    at ModuleLoader.resolveSync (node:internal/modules/esm/loader:759:52)\n    at #resolve (node:internal/modules/esm/loader:695:17)\n    at ModuleLoader.getOrCreateModuleJob (node:internal/modules/esm/loader:615:35)\n    at onImport.tracePromise.__proto__ (node:internal/modules/esm/loader:644:32)","msg":"url generation failed"}
{"level":40,"time":1780271526736,"pid":87216,"hostname":"Mac-mini-2.local","msgId":"3EB007CE1CD0E3108D12C5","trace":"Error [ERR_MODULE_NOT_FOUND]: Cannot find package 'link-preview-js' imported from /Users/ktoclaw/.hermes/hermes-agent/scripts/whatsapp-bridge/node_modules/@whiskeysockets/baileys/lib/Utils/link-preview.js\n    at Object.getPackageJSONURL (node:internal/modules/package_json_reader:301:9)\n    at packageResolve (node:internal/modules/esm/resolve:768:81)\n    at moduleResolve (node:internal/modules/esm/resolve:859:18)\n    at defaultResolve (node:internal/modules/esm/resolve:991:11)\n    at #cachedDefaultResolve (node:internal/modules/esm/loader:713:20)\n    at #resolveAndMaybeBlockOnLoaderThread (node:internal/modules/esm/loader:730:38)\n    at ModuleLoader.resolveSync (node:internal/modules/esm/loader:759:52)\n    at #resolve (node:internal/modules/esm/loader:695:17)\n    at ModuleLoader.getOrCreateModuleJob (node:internal/modules/esm/loader:615:35)\n    at onImport.tracePromise.__proto__ (node:internal/modules/esm/loader:644:32)","msg":"url generation failed"}
{"level":40,"time":1780271534891,"pid":87216,"hostname":"Mac-mini-2.local","msgId":"3EB06AAFA8951A0C987EB4","trace":"Error [ERR_MODULE_NOT_FOUND]: Cannot find package 'link-preview-js' imported from /Users/ktoclaw/.hermes/hermes-agent/scripts/whatsapp-bridge/node_modules/@whiskeysockets/baileys/lib/Utils/link-preview.js\n    at Object.getPackageJSONURL (node:internal/modules/package_json_reader:301:9)\n    at packageResolve (node:internal/modules/esm/resolve:768:81)\n    at moduleResolve (node:internal/modules/esm/resolve:859:18)\n    at defaultResolve (node:internal/modules/esm/resolve:991:11)\n    at #cachedDefaultResolve (node:internal/modules/esm/loader:713:20)\n    at #resolveAndMaybeBlockOnLoaderThread (node:internal/modules/esm/loader:730:38)\n    at ModuleLoader.resolveSync (node:internal/modules/esm/loader:759:52)\n    at #resolve (node:internal/modules/esm/loader:695:17)\n    at ModuleLoader.getOrCreateModuleJob (node:internal/modules/esm/loader:615:35)\n    at onImport.tracePromise.__proto__ (node:internal/modules/esm/loader:644:32)","msg":"url generation failed"}
{"level":40,"time":1780271539123,"pid":87216,"hostname":"Mac-mini-2.local","msgId":"3EB01D43F6DFEA9DE3A654","trace":"Error [ERR_MODULE_NOT_FOUND]: Cannot find package 'link-preview-js' imported from /Users/ktoclaw/.hermes/hermes-agent/scripts/whatsapp-bridge/node_modules/@whiskeysockets/baileys/lib/Utils/link-preview.js\n    at Object.getPackageJSONURL (node:internal/modules/package_json_reader:301:9)\n    at packageResolve (node:internal/modules/esm/resolve:768:81)\n    at moduleResolve (node:internal/modules/esm/resolve:859:18)\n    at defaultResolve (node:internal/modules/esm/resolve:991:11)\n    at #cachedDefaultResolve (node:internal/modules/esm/loader:713:20)\n    at #resolveAndMaybeBlockOnLoaderThread (node:internal/modules/esm/loader:730:38)\n    at ModuleLoader.resolveSync (node:internal/modules/esm/loader:759:52)\n    at #resolve (node:internal/modules/esm/loader:695:17)\n    at ModuleLoader.getOrCreateModuleJob (node:internal/modules/esm/loader:615:35)\n    at onImport.tracePromise.__proto__ (node:internal/modules/esm/loader:644:32)","msg":"url generation failed"}
{"level":40,"time":1780271547574,"pid":87216,"hostname":"Mac-mini-2.local","msgId":"3EB0B08BC5C6F46564E0F8","trace":"Error [ERR_MODULE_NOT_FOUND]: Cannot find package 'link-preview-js' imported from /Users/ktoclaw/.hermes/hermes-agent/scripts/whatsapp-bridge/node_modules/@whiskeysockets/baileys/lib/Utils/link-preview.js\n    at Object.getPackageJSONURL (node:internal/modules/package_json_reader:301:9)\n    at packageResolve (node:internal/modules/esm/resolve:768:81)\n    at moduleResolve (node:internal/modules/esm/resolve:859:18)\n    at defaultResolve (node:internal/modules/esm/resolve:991:11)\n    at #cachedDefaultResolve (node:internal/modules/esm/loader:713:20)\n    at #resolveAndMaybeBlockOnLoaderThread (node:internal/modules/esm/loader:730:38)\n    at ModuleLoader.resolveSync (node:internal/modules/esm/loader:759:52)\n    at #resolve (node:internal/modules/esm/loader:695:17)\n    at ModuleLoader.getOrCreateModuleJob (node:internal/modules/esm/loader:615:35)\n    at onImport.tracePromise.__proto__ (node:internal/modules/esm/loader:644:32)","msg":"url generation failed"}
{"level":40,"time":1780271555723,"pid":87216,"hostname":"Mac-mini-2.local","msgId":"3EB06803278FF0BE1908C0","trace":"Error [ERR_MODULE_NOT_FOUND]: Cannot find package 'link-preview-js' imported from /Users/ktoclaw/.hermes/hermes-agent/scripts/whatsapp-bridge/node_modules/@whiskeysockets/baileys/lib/Utils/link-preview.js\n    at Object.getPackageJSONURL (node:internal/modules/package_json_reader:301:9)\n    at packageResolve (node:internal/modules/esm/resolve:768:81)\n    at moduleResolve (node:internal/modules/esm/resolve:859:18)\n    at defaultResolve (node:internal/modules/esm/resolve:991:11)\n    at #cachedDefaultResolve (node:internal/modules/esm/loader:713:20)\n    at #resolveAndMaybeBlockOnLoaderThread (node:internal/modules/esm/loader:730:38)\n    at ModuleLoader.resolveSync (node:internal/modules/esm/loader:759:52)\n    at #resolve (node:internal/modules/esm/loader:695:17)\n    at ModuleLoader.getOrCreateModuleJob (node:internal/modules/esm/loader:615:35)\n    at onImport.tracePromise.__proto__ (node:internal/modules/esm/loader:644:32)","msg":"url generation failed"}
{"level":40,"time":1780271563266,"pid":87216,"hostname":"Mac-mini-2.local","msgId":"3EB0F5159ACC61CD2E9B2F","trace":"Error [ERR_MODULE_NOT_FOUND]: Cannot find package 'link-preview-js' imported from /Users/ktoclaw/.hermes/hermes-agent/scripts/whatsapp-bridge/node_modules/@whiskeysockets/baileys/lib/Utils/link-preview.js\n    at Object.getPackageJSONURL (node:internal/modules/package_json_reader:301:9)\n    at packageResolve (node:internal/modules/esm/resolve:768:81)\n    at moduleResolve (node:internal/modules/esm/resolve:859:18)\n    at defaultResolve (node:internal/modules/esm/resolve:991:11)\n    at #cachedDefaultResolve (node:internal/modules/esm/loader:713:20)\n    at #resolveAndMaybeBlockOnLoaderThread (node:internal/modules/esm/loader:730:38)\n    at ModuleLoader.resolveSync (node:internal/modules/esm/loader:759:52)\n    at #resolve (node:internal/modules/esm/loader:695:17)\n    at ModuleLoader.getOrCreateModuleJob (node:internal/modules/esm/loader:615:35)\n    at onImport.tracePromise.__proto__ (node:internal/modules/esm/loader:644:32)","msg":"url generation failed"}
{"level":40,"time":1780271569605,"pid":87216,"hostname":"Mac-mini-2.local","msgId":"3EB069633B4657AA549339","trace":"Error [ERR_MODULE_NOT_FOUND]: Cannot find package 'link-preview-js' imported from /Users/ktoclaw/.hermes/hermes-agent/scripts/whatsapp-bridge/node_modules/@whiskeysockets/baileys/lib/Utils/link-preview.js\n    at Object.getPackageJSONURL (node:internal/modules/package_json_reader:301:9)\n    at packageResolve (node:internal/modules/esm/resolve:768:81)\n    at moduleResolve (node:internal/modules/esm/resolve:859:18)\n    at defaultResolve (node:internal/modules/esm/resolve:991:11)\n    at #cachedDefaultResolve (node:internal/modules/esm/loader:713:20)\n    at #resolveAndMaybeBlockOnLoaderThread (node:internal/modules/esm/loader:730:38)\n    at ModuleLoader.resolveSync (node:internal/modules/esm/loader:759:52)\n    at #resolve (node:internal/modules/esm/loader:695:17)\n    at ModuleLoader.getOrCreateModuleJob (node:internal/modules/esm/loader:615:35)\n    at onImport.tracePromise.__proto__ (node:internal/modules/esm/loader:644:32)","msg":"url generation failed"}
{"level":40,"time":1780271574137,"pid":87216,"hostname":"Mac-mini-2.local","msgId":"3EB0FC79F54C0136F2E9BE","trace":"Error [ERR_MODULE_NOT_FOUND]: Cannot find package 'link-preview-js' imported from /Users/ktoclaw/.hermes/hermes-agent/scripts/whatsapp-bridge/node_modules/@whiskeysockets/baileys/lib/Utils/link-preview.js\n    at Object.getPackageJSONURL (node:internal/modules/package_json_reader:301:9)\n    at packageResolve (node:internal/modules/esm/resolve:768:81)\n    at moduleResolve (node:internal/modules/esm/resolve:859:18)\n    at defaultResolve (node:internal/modules/esm/resolve:991:11)\n    at #cachedDefaultResolve (node:internal/modules/esm/loader:713:20)\n    at #resolveAndMaybeBlockOnLoaderThread (node:internal/modules/esm/loader:730:38)\n    at ModuleLoader.resolveSync (node:internal/modules/esm/loader:759:52)\n    at #resolve (node:internal/modules/esm/loader:695:17)\n    at ModuleLoader.getOrCreateModuleJob (node:internal/modules/esm/loader:615:35)\n    at onImport.tracePromise.__proto__ (node:internal/modules/esm/loader:644:32)","msg":"url generation failed"}
{"level":40,"time":1780271577786,"pid":87216,"hostname":"Mac-mini-2.local","msgId":"3EB0929C0059C4D5300532","trace":"Error [ERR_MODULE_NOT_FOUND]: Cannot find package 'link-preview-js' imported from /Users/ktoclaw/.hermes/hermes-agent/scripts/whatsapp-bridge/node_modules/@whiskeysockets/baileys/lib/Utils/link-preview.js\n    at Object.getPackageJSONURL (node:internal/modules/package_json_reader:301:9)\n    at packageResolve (node:internal/modules/esm/resolve:768:81)\n    at moduleResolve (node:internal/modules/esm/resolve:859:18)\n    at defaultResolve (node:internal/modules/esm/resolve:991:11)\n    at #cachedDefaultResolve (node:internal/modules/esm/loader:713:20)\n    at #resolveAndMaybeBlockOnLoaderThread (node:internal/modules/esm/loader:730:38)\n    at ModuleLoader.resolveSync (node:internal/modules/esm/loader:759:52)\n    at #resolve (node:internal/modules/esm/loader:695:17)\n    at ModuleLoader.getOrCreateModuleJob (node:internal/modules/esm/loader:615:35)\n    at onImport.tracePromise.__proto__ (node:internal/modules/esm/loader:644:32)","msg":"url generation failed"}
{"level":40,"time":1780271583222,"pid":87216,"hostname":"Mac-mini-2.local","msgId":"3EB059BBC4606D4314F482","trace":"Error [ERR_MODULE_NOT_FOUND]: Cannot find package 'link-preview-js' imported from /Users/ktoclaw/.hermes/hermes-agent/scripts/whatsapp-bridge/node_modules/@whiskeysockets/baileys/lib/Utils/link-preview.js\n    at Object.getPackageJSONURL (node:internal/modules/package_json_reader:301:9)\n    at packageResolve (node:internal/modules/esm/resolve:768:81)\n    at moduleResolve (node:internal/modules/esm/resolve:859:18)\n    at defaultResolve (node:internal/modules/esm/resolve:991:11)\n    at #cachedDefaultResolve (node:internal/modules/esm/loader:713:20)\n    at #resolveAndMaybeBlockOnLoaderThread (node:internal/modules/esm/loader:730:38)\n    at ModuleLoader.resolveSync (node:internal/modules/esm/loader:759:52)\n    at #resolve (node:internal/modules/esm/loader:695:17)\n    at ModuleLoader.getOrCreateModuleJob (node:internal/modules/esm/loader:615:35)\n    at onImport.tracePromise.__proto__ (node:internal/modules/esm/loader:644:32)","msg":"url generation failed"}
{"level":40,"time":1780271587759,"pid":87216,"hostname":"Mac-mini-2.local","msgId":"3EB02EB327CF25E0BEB6F7","trace":"Error [ERR_MODULE_NOT_FOUND]: Cannot find package 'link-preview-js' imported from /Users/ktoclaw/.hermes/hermes-agent/scripts/whatsapp-bridge/node_modules/@whiskeysockets/baileys/lib/Utils/link-preview.js\n    at Object.getPackageJSONURL (node:internal/modules/package_json_reader:301:9)\n    at packageResolve (node:internal/modules/esm/resolve:768:81)\n    at moduleResolve (node:internal/modules/esm/resolve:859:18)\n    at defaultResolve (node:internal/modules/esm/resolve:991:11)\n    at #cachedDefaultResolve (node:internal/modules/esm/loader:713:20)\n    at #resolveAndMaybeBlockOnLoaderThread (node:internal/modules/esm/loader:730:38)\n    at ModuleLoader.resolveSync (node:internal/modules/esm/loader:759:52)\n    at #resolve (node:internal/modules/esm/loader:695:17)\n    at ModuleLoader.getOrCreateModuleJob (node:internal/modules/esm/loader:615:35)\n    at onImport.tracePromise.__proto__ (node:internal/modules/esm/loader:644:32)","msg":"url generation failed"}
{"level":40,"time":1780271593496,"pid":87216,"hostname":"Mac-mini-2.local","msgId":"3EB03B03CAC770ED49A9E8","trace":"Error [ERR_MODULE_NOT_FOUND]: Cannot find package 'link-preview-js' imported from /Users/ktoclaw/.hermes/hermes-agent/scripts/whatsapp-bridge/node_modules/@whiskeysockets/baileys/lib/Utils/link-preview.js\n    at Object.getPackageJSONURL (node:internal/modules/package_json_reader:301:9)\n    at packageResolve (node:internal/modules/esm/resolve:768:81)\n    at moduleResolve (node:internal/modules/esm/resolve:859:18)\n    at defaultResolve (node:internal/modules/esm/resolve:991:11)\n    at #cachedDefaultResolve (node:internal/modules/esm/loader:713:20)\n    at #resolveAndMaybeBlockOnLoaderThread (node:internal/modules/esm/loader:730:38)\n    at ModuleLoader.resolveSync (node:internal/modules/esm/loader:759:52)\n    at #resolve (node:internal/modules/esm/loader:695:17)\n    at ModuleLoader.getOrCreateModuleJob (node:internal/modules/esm/loader:615:35)\n    at onImport.tracePromise.__proto__ (node:internal/modules/esm/loader:644:32)","msg":"url generation failed"}
{"level":40,"time":1780271599237,"pid":87216,"hostname":"Mac-mini-2.local","msgId":"3EB057516726245F2676AB","trace":"Error [ERR_MODULE_NOT_FOUND]: Cannot find package 'link-preview-js' imported from /Users/ktoclaw/.hermes/hermes-agent/scripts/whatsapp-bridge/node_modules/@whiskeysockets/baileys/lib/Utils/link-preview.js\n    at Object.getPackageJSONURL (node:internal/modules/package_json_reader:301:9)\n    at packageResolve (node:internal/modules/esm/resolve:768:81)\n    at moduleResolve (node:internal/modules/esm/resolve:859:18)\n    at defaultResolve (node:internal/modules/esm/resolve:991:11)\n    at #cachedDefaultResolve (node:internal/modules/esm/loader:713:20)\n    at #resolveAndMaybeBlockOnLoaderThread (node:internal/modules/esm/loader:730:38)\n    at ModuleLoader.resolveSync (node:internal/modules/esm/loader:759:52)\n    at #resolve (node:internal/modules/esm/loader:695:17)\n    at ModuleLoader.getOrCreateModuleJob (node:internal/modules/esm/loader:615:35)\n    at onImport.tracePromise.__proto__ (node:internal/modules/esm/loader:644:32)","msg":"url generation failed"}
{"level":40,"time":1780272692680,"pid":87216,"hostname":"Mac-mini-2.local","msgId":"3EB0DF679A2410DBE640A8","trace":"Error [ERR_MODULE_NOT_FOUND]: Cannot find package 'link-preview-js' imported from /Users/ktoclaw/.hermes/hermes-agent/scripts/whatsapp-bridge/node_modules/@whiskeysockets/baileys/lib/Utils/link-preview.js\n    at Object.getPackageJSONURL (node:internal/modules/package_json_reader:301:9)\n    at packageResolve (node:internal/modules/esm/resolve:768:81)\n    at moduleResolve (node:internal/modules/esm/resolve:859:18)\n    at defaultResolve (node:internal/modules/esm/resolve:991:11)\n    at #cachedDefaultResolve (node:internal/modules/esm/loader:713:20)\n    at #resolveAndMaybeBlockOnLoaderThread (node:internal/modules/esm/loader:730:38)\n    at ModuleLoader.resolveSync (node:internal/modules/esm/loader:759:52)\n    at #resolve (node:internal/modules/esm/loader:695:17)\n    at ModuleLoader.getOrCreateModuleJob (node:internal/modules/esm/loader:615:35)\n    at onImport.tracePromise.__proto__ (node:internal/modules/esm/loader:644:32)","msg":"url generation failed"}
{"level":40,"time":1780272704114,"pid":87216,"hostname":"Mac-mini-2.local","msgId":"3EB0659033782186334884","trace":"Error [ERR_MODULE_NOT_FOUND]: Cannot find package 'link-preview-js' imported from /Users/ktoclaw/.hermes/hermes-agent/scripts/whatsapp-bridge/node_modules/@whiskeysockets/baileys/lib/Utils/link-preview.js\n    at Object.getPackageJSONURL (node:internal/modules/package_json_reader:301:9)\n    at packageResolve (node:internal/modules/esm/resolve:768:81)\n    at moduleResolve (node:internal/modules/esm/resolve:859:18)\n    at defaultResolve (node:internal/modules/esm/resolve:991:11)\n    at #cachedDefaultResolve (node:internal/modules/esm/loader:713:20)\n    at #resolveAndMaybeBlockOnLoaderThread (node:internal/modules/esm/loader:730:38)\n    at ModuleLoader.resolveSync (node:internal/modules/esm/loader:759:52)\n    at #resolve (node:internal/modules/esm/loader:695:17)\n    at ModuleLoader.getOrCreateModuleJob (node:internal/modules/esm/loader:615:35)\n    at onImport.tracePromise.__proto__ (node:internal/modules/esm/loader:644:32)","msg":"url generation failed"}
{"level":40,"time":1780272723430,"pid":87216,"hostname":"Mac-mini-2.local","msgId":"3EB030E399B64E2DCBF2AF","trace":"Error [ERR_MODULE_NOT_FOUND]: Cannot find package 'link-preview-js' imported from /Users/ktoclaw/.hermes/hermes-agent/scripts/whatsapp-bridge/node_modules/@whiskeysockets/baileys/lib/Utils/link-preview.js\n    at Object.getPackageJSONURL (node:internal/modules/package_json_reader:301:9)\n    at packageResolve (node:internal/modules/esm/resolve:768:81)\n    at moduleResolve (node:internal/modules/esm/resolve:859:18)\n    at defaultResolve (node:internal/modules/esm/resolve:991:11)\n    at #cachedDefaultResolve (node:internal/modules/esm/loader:713:20)\n    at #resolveAndMaybeBlockOnLoaderThread (node:internal/modules/esm/loader:730:38)\n    at ModuleLoader.resolveSync (node:internal/modules/esm/loader:759:52)\n    at #resolve (node:internal/modules/esm/loader:695:17)\n    at ModuleLoader.getOrCreateModuleJob (node:internal/modules/esm/loader:615:35)\n    at onImport.tracePromise.__proto__ (node:internal/modules/esm/loader:644:32)","msg":"url generation failed"}
{"level":40,"time":1780272730371,"pid":87216,"hostname":"Mac-mini-2.local","msgId":"3EB01AF801E216103EB572","trace":"Error [ERR_MODULE_NOT_FOUND]: Cannot find package 'link-preview-js' imported from /Users/ktoclaw/.hermes/hermes-agent/scripts/whatsapp-bridge/node_modules/@whiskeysockets/baileys/lib/Utils/link-preview.js\n    at Object.getPackageJSONURL (node:internal/modules/package_json_reader:301:9)\n    at packageResolve (node:internal/modules/esm/resolve:768:81)\n    at moduleResolve (node:internal/modules/esm/resolve:859:18)\n    at defaultResolve (node:internal/modules/esm/resolve:991:11)\n    at #cachedDefaultResolve (node:internal/modules/esm/loader:713:20)\n    at #resolveAndMaybeBlockOnLoaderThread (node:internal/modules/esm/loader:730:38)\n    at ModuleLoader.resolveSync (node:internal/modules/esm/loader:759:52)\n    at #resolve (node:internal/modules/esm/loader:695:17)\n    at ModuleLoader.getOrCreateModuleJob (node:internal/modules/esm/loader:615:35)\n    at onImport.tracePromise.__proto__ (node:internal/modules/esm/loader:644:32)","msg":"url generation failed"}
{"level":40,"time":1780272733709,"pid":87216,"hostname":"Mac-mini-2.local","msgId":"3EB069002F71CB8D50BA78","trace":"Error [ERR_MODULE_NOT_FOUND]: Cannot find package 'link-preview-js' imported from /Users/ktoclaw/.hermes/hermes-agent/scripts/whatsapp-bridge/node_modules/@whiskeysockets/baileys/lib/Utils/link-preview.js\n    at Object.getPackageJSONURL (node:internal/modules/package_json_reader:301:9)\n    at packageResolve (node:internal/modules/esm/resolve:768:81)\n    at moduleResolve (node:internal/modules/esm/resolve:859:18)\n    at defaultResolve (node:internal/modules/esm/resolve:991:11)\n    at #cachedDefaultResolve (node:internal/modules/esm/loader:713:20)\n    at #resolveAndMaybeBlockOnLoaderThread (node:internal/modules/esm/loader:730:38)\n    at ModuleLoader.resolveSync (node:internal/modules/esm/loader:759:52)\n    at #resolve (node:internal/modules/esm/loader:695:17)\n    at ModuleLoader.getOrCreateModuleJob (node:internal/modules/esm/loader:615:35)\n    at onImport.tracePromise.__proto__ (node:internal/modules/esm/loader:644:32)","msg":"url generation failed"}
{"level":40,"time":1780272737641,"pid":87216,"hostname":"Mac-mini-2.local","msgId":"3EB0FA0C2DBA084973FCAB","trace":"Error [ERR_MODULE_NOT_FOUND]: Cannot find package 'link-preview-js' imported from /Users/ktoclaw/.hermes/hermes-agent/scripts/whatsapp-bridge/node_modules/@whiskeysockets/baileys/lib/Utils/link-preview.js\n    at Object.getPackageJSONURL (node:internal/modules/package_json_reader:301:9)\n    at packageResolve (node:internal/modules/esm/resolve:768:81)\n    at moduleResolve (node:internal/modules/esm/resolve:859:18)\n    at defaultResolve (node:internal/modules/esm/resolve:991:11)\n    at #cachedDefaultResolve (node:internal/modules/esm/loader:713:20)\n    at #resolveAndMaybeBlockOnLoaderThread (node:internal/modules/esm/loader:730:38)\n    at ModuleLoader.resolveSync (node:internal/modules/esm/loader:759:52)\n    at #resolve (node:internal/modules/esm/loader:695:17)\n    at ModuleLoader.getOrCreateModuleJob (node:internal/modules/esm/loader:615:35)\n    at onImport.tracePromise.__proto__ (node:internal/modules/esm/loader:644:32)","msg":"url generation failed"}
{"level":40,"time":1780272771735,"pid":87216,"hostname":"Mac-mini-2.local","msgId":"3EB017B40337EAAF9FAA1E","trace":"Error [ERR_MODULE_NOT_FOUND]: Cannot find package 'link-preview-js' imported from /Users/ktoclaw/.hermes/hermes-agent/scripts/whatsapp-bridge/node_modules/@whiskeysockets/baileys/lib/Utils/link-preview.js\n    at Object.getPackageJSONURL (node:internal/modules/package_json_reader:301:9)\n    at packageResolve (node:internal/modules/esm/resolve:768:81)\n    at moduleResolve (node:internal/modules/esm/resolve:859:18)\n    at defaultResolve (node:internal/modules/esm/resolve:991:11)\n    at #cachedDefaultResolve (node:internal/modules/esm/loader:713:20)\n    at #resolveAndMaybeBlockOnLoaderThread (node:internal/modules/esm/loader:730:38)\n    at ModuleLoader.resolveSync (node:internal/modules/esm/loader:759:52)\n    at #resolve (node:internal/modules/esm/loader:695:17)\n    at ModuleLoader.getOrCreateModuleJob (node:internal/modules/esm/loader:615:35)\n    at onImport.tracePromise.__proto__ (node:internal/modules/esm/loader:644:32)","msg":"url generation failed"}
{"level":40,"time":1780272781092,"pid":87216,"hostname":"Mac-mini-2.local","msgId":"3EB02BD42094659A74D728","trace":"Error [ERR_MODULE_NOT_FOUND]: Cannot find package 'link-preview-js' imported from /Users/ktoclaw/.hermes/hermes-agent/scripts/whatsapp-bridge/node_modules/@whiskeysockets/baileys/lib/Utils/link-preview.js\n    at Object.getPackageJSONURL (node:internal/modules/package_json_reader:301:9)\n    at packageResolve (node:internal/modules/esm/resolve:768:81)\n    at moduleResolve (node:internal/modules/esm/resolve:859:18)\n    at defaultResolve (node:internal/modules/esm/resolve:991:11)\n    at #cachedDefaultResolve (node:internal/modules/esm/loader:713:20)\n    at #resolveAndMaybeBlockOnLoaderThread (node:internal/modules/esm/loader:730:38)\n    at ModuleLoader.resolveSync (node:internal/modules/esm/loader:759:52)\n    at #resolve (node:internal/modules/esm/loader:695:17)\n    at ModuleLoader.getOrCreateModuleJob (node:internal/modules/esm/loader:615:35)\n    at onImport.tracePromise.__proto__ (node:internal/modules/esm/loader:644:32)","msg":"url generation failed"}
{"level":40,"time":1780272784124,"pid":87216,"hostname":"Mac-mini-2.local","msgId":"3EB06D01240DFAF4EFC9F3","trace":"Error [ERR_MODULE_NOT_FOUND]: Cannot find package 'link-preview-js' imported from /Users/ktoclaw/.hermes/hermes-agent/scripts/whatsapp-bridge/node_modules/@whiskeysockets/baileys/lib/Utils/link-preview.js\n    at Object.getPackageJSONURL (node:internal/modules/package_json_reader:301:9)\n    at packageResolve (node:internal/modules/esm/resolve:768:81)\n    at moduleResolve (node:internal/modules/esm/resolve:859:18)\n    at defaultResolve (node:internal/modules/esm/resolve:991:11)\n    at #cachedDefaultResolve (node:internal/modules/esm/loader:713:20)\n    at #resolveAndMaybeBlockOnLoaderThread (node:internal/modules/esm/loader:730:38)\n    at ModuleLoader.resolveSync (node:internal/modules/esm/loader:759:52)\n    at #resolve (node:internal/modules/esm/loader:695:17)\n    at ModuleLoader.getOrCreateModuleJob (node:internal/modules/esm/loader:615:35)\n    at onImport.tracePromise.__proto__ (node:internal/modules/esm/loader:644:32)","msg":"url generation failed"}
{"level":40,"time":1780272800125,"pid":87216,"hostname":"Mac-mini-2.local","msgId":"3EB013F28B999884E894A6","trace":"Error [ERR_MODULE_NOT_FOUND]: Cannot find package 'link-preview-js' imported from /Users/ktoclaw/.hermes/hermes-agent/scripts/whatsapp-bridge/node_modules/@whiskeysockets/baileys/lib/Utils/link-preview.js\n    at Object.getPackageJSONURL (node:internal/modules/package_json_reader:301:9)\n    at packageResolve (node:internal/modules/esm/resolve:768:81)\n    at moduleResolve (node:internal/modules/esm/resolve:859:18)\n    at defaultResolve (node:internal/modules/esm/resolve:991:11)\n    at #cachedDefaultResolve (node:internal/modules/esm/loader:713:20)\n    at #resolveAndMaybeBlockOnLoaderThread (node:internal/modules/esm/loader:730:38)\n    at ModuleLoader.resolveSync (node:internal/modules/esm/loader:759:52)\n    at #resolve (node:internal/modules/esm/loader:695:17)\n    at ModuleLoader.getOrCreateModuleJob (node:internal/modules/esm/loader:615:35)\n    at onImport.tracePromise.__proto__ (node:internal/modules/esm/loader:644:32)","msg":"url generation failed"}
{"level":40,"time":1780272810712,"pid":87216,"hostname":"Mac-mini-2.local","msgId":"3EB091011D79559E735C9F","trace":"Error [ERR_MODULE_NOT_FOUND]: Cannot find package 'link-preview-js' imported from /Users/ktoclaw/.hermes/hermes-agent/scripts/whatsapp-bridge/node_modules/@whiskeysockets/baileys/lib/Utils/link-preview.js\n    at Object.getPackageJSONURL (node:internal/modules/package_json_reader:301:9)\n    at packageResolve (node:internal/modules/esm/resolve:768:81)\n    at moduleResolve (node:internal/modules/esm/resolve:859:18)\n    at defaultResolve (node:internal/modules/esm/resolve:991:11)\n    at #cachedDefaultResolve (node:internal/modules/esm/loader:713:20)\n    at #resolveAndMaybeBlockOnLoaderThread (node:internal/modules/esm/loader:730:38)\n    at ModuleLoader.resolveSync (node:internal/modules/esm/loader:759:52)\n    at #resolve (node:internal/modules/esm/loader:695:17)\n    at ModuleLoader.getOrCreateModuleJob (node:internal/modules/esm/loader:615:35)\n    at onImport.tracePromise.__proto__ (node:internal/modules/esm/loader:644:32)","msg":"url generation failed"}
{"level":40,"time":1780272822177,"pid":87216,"hostname":"Mac-mini-2.local","msgId":"3EB003307354E9A7063A0F","trace":"Error [ERR_MODULE_NOT_FOUND]: Cannot find package 'link-preview-js' imported from /Users/ktoclaw/.hermes/hermes-agent/scripts/whatsapp-bridge/node_modules/@whiskeysockets/baileys/lib/Utils/link-preview.js\n    at Object.getPackageJSONURL (node:internal/modules/package_json_reader:301:9)\n    at packageResolve (node:internal/modules/esm/resolve:768:81)\n    at moduleResolve (node:internal/modules/esm/resolve:859:18)\n    at defaultResolve (node:internal/modules/esm/resolve:991:11)\n    at #cachedDefaultResolve (node:internal/modules/esm/loader:713:20)\n    at #resolveAndMaybeBlockOnLoaderThread (node:internal/modules/esm/loader:730:38)\n    at ModuleLoader.resolveSync (node:internal/modules/esm/loader:759:52)\n    at #resolve (node:internal/modules/esm/loader:695:17)\n    at ModuleLoader.getOrCreateModuleJob (node:internal/modules/esm/loader:615:35)\n    at onImport.tracePromise.__proto__ (node:internal/modules/esm/loader:644:32)","msg":"url generation failed"}
{"level":40,"time":1780272827924,"pid":87216,"hostname":"Mac-mini-2.local","msgId":"3EB0ACDA27BFE18F73F4AF","trace":"Error [ERR_MODULE_NOT_FOUND]: Cannot find package 'link-preview-js' imported from /Users/ktoclaw/.hermes/hermes-agent/scripts/whatsapp-bridge/node_modules/@whiskeysockets/baileys/lib/Utils/link-preview.js\n    at Object.getPackageJSONURL (node:internal/modules/package_json_reader:301:9)\n    at packageResolve (node:internal/modules/esm/resolve:768:81)\n    at moduleResolve (node:internal/modules/esm/resolve:859:18)\n    at defaultResolve (node:internal/modules/esm/resolve:991:11)\n    at #cachedDefaultResolve (node:internal/modules/esm/loader:713:20)\n    at #resolveAndMaybeBlockOnLoaderThread (node:internal/modules/esm/loader:730:38)\n    at ModuleLoader.resolveSync (node:internal/modules/esm/loader:759:52)\n    at #resolve (node:internal/modules/esm/loader:695:17)\n    at ModuleLoader.getOrCreateModuleJob (node:internal/modules/esm/loader:615:35)\n    at onImport.tracePromise.__proto__ (node:internal/modules/esm/loader:644:32)","msg":"url generation failed"}
Closing session: SessionEntry {
  _chains: {
    'BfBXFjfc5szDtnnFycmobqz3vR/G4V49JpPzlsaQCHAw': { chainKey: [Object], chainType: 2, messageKeys: {} },
    'BSfHDfoNboqzBADxEd5vhf4Yn5AH4E/wspMoMIc3HjAD': { chainKey: [Object], chainType: 2, messageKeys: {} },
    'BYmXgzNRHR/E+iZnpOXbTkbjznShRHemsoT3tOWORWhw': { chainKey: [Object], chainType: 2, messageKeys: {} },
    'BYpR7I+uwUmxcrQ/jUiwyekn+GkGaXh7LW+SRslym7MC': { chainKey: [Object], chainType: 2, messageKeys: {} },
    'BTFNpRO4bCBts7rx2VN7n4Sy6k36DM4v5x2mUV5/hu4S': { chainKey: [Object], chainType: 2, messageKeys: {} },
    'BZHqHDVS+VQ5+KA3FKLzCMHd85uzg+RaB10m27+QJR5r': { chainKey: [Object], chainType: 2, messageKeys: {} },
    'BRGOcQ4BPg5n7+VBtyQvxhkUg4lXTXx+Bm98q+qWHxAS': { chainKey: [Object], chainType: 1, messageKeys: {} }
  },
  registrationId: 964615210,
  currentRatchet: {
    ephemeralKeyPair: {
      pubKey: <Buffer 05 11 8e 71 0e 01 3e 0e 67 ef e5 41 b7 24 2f c6 19 14 83 89 57 4d 7c 7e 06 6f 7c ab ea 96 1f 10 12>,
      privKey: <Buffer 90 b2 f2 12 ef 0c af e7 de 05 e7 2b 78 23 a8 02 34 1a 5e 08 6b 9b 8d 93 a5 3b 2b bd 7f 60 8b 57>
    },
    lastRemoteEphemeralKey: <Buffer 05 91 ea 1c 35 52 f9 54 39 f8 a0 37 14 a2 f3 08 c1 dd f3 9b b3 83 e4 5a 07 5d 26 db bf 90 25 1e 6b>,
    previousCounter: 28,
    rootKey: <Buffer f7 37 c8 bf f8 33 d0 af e8 7a 21 64 ba e9 ab 58 ba 67 65 49 33 21 52 6c f3 48 4b 6a e7 ff 04 45>
  },
  indexInfo: {
    baseKey: <Buffer 05 4b be a3 11 e5 58 4d 5f 74 e8 e6 88 60 89 6d 1d 6c 2e 4c e1 a2 01 0a ed c5 fb 16 50 ff be e0 0d>,
    baseKeyType: 1,
    closed: -1,
    used: 1780272683461,
    created: 1780062301776,
    remoteIdentityKey: <Buffer 05 fe 47 cf 1f 55 8d 8f f8 be d8 26 a8 79 33 df 4b e1 a6 55 a1 32 72 49 79 02 d0 b9 aa 31 bc 16 45>
  }
}
Closing session: SessionEntry {
  _chains: {
    'BSW4MXwVCqIzDkCvYMn5EgUUnVRw5l/7EDsikCYIrJga': { chainKey: [Object], chainType: 1, messageKeys: {} }
  },
  registrationId: 569403322,
  currentRatchet: {
    ephemeralKeyPair: {
      pubKey: <Buffer 05 25 b8 31 7c 15 0a a2 33 0e 40 af 60 c9 f9 12 05 14 9d 54 70 e6 5f fb 10 3b 22 90 26 08 ac 98 1a>,
      privKey: <Buffer 30 4e d9 45 0d 61 e8 4b 6f 82 9e b3 e2 3f 82 c2 b6 4e b2 0c 2e 9c 83 cd 5f 42 55 99 90 0f b7 63>
    },
    lastRemoteEphemeralKey: <Buffer 05 05 aa bf 87 4d 6b 14 85 de 22 ae 5e a2 00 1c e4 91 2d c6 54 48 a6 9c e3 60 5f 42 9a de e8 a4 6b>,
    previousCounter: 0,
    rootKey: <Buffer 41 8d 92 46 9b 7a 1f 49 d5 e9 43 63 ab 2a 5c e5 61 66 7f 54 fa 65 c6 a7 9b 12 2c 39 bf d9 21 4c>
  },
  indexInfo: {
    baseKey: <Buffer 05 52 3b 1c 0f 1d ce 7e 71 ed cf 73 28 f7 ed d3 4b 48 46 41 86 3f 1c f9 f4 7c f6 c8 be 76 45 30 74>,
    baseKeyType: 1,
    closed: -1,
    used: 1780062301780,
    created: 1780062301780,
    remoteIdentityKey: <Buffer 05 80 f0 71 26 1a b2 e7 9a 91 38 3b cf b5 de 25 fe 0f 36 33 09 32 17 30 7e c3 f2 72 c9 1a 60 c6 1d>
  },
  pendingPreKey: {
    signedKeyId: 757561,
    baseKey: <Buffer 05 52 3b 1c 0f 1d ce 7e 71 ed cf 73 28 f7 ed d3 4b 48 46 41 86 3f 1c f9 f4 7c f6 c8 be 76 45 30 74>,
    preKeyId: 12799164
  }
}
Closing session: SessionEntry {
  _chains: {
    BemLtssm6Kz5XQ2DtVyNWd87BdPfc9D8ij2lEh0fDmxO: { chainKey: [Object], chainType: 1, messageKeys: {} }
  },
  registrationId: 964615210,
  currentRatchet: {
    ephemeralKeyPair: {
      pubKey: <Buffer 05 e9 8b b6 cb 26 e8 ac f9 5d 0d 83 b5 5c 8d 59 df 3b 05 d3 df 73 d0 fc 8a 3d a5 12 1d 1f 0e 6c 4e>,
      privKey: <Buffer 98 10 89 81 91 0e e4 d4 37 8d 33 5c 29 9a a9 70 2a 53 6a 11 27 c5 ee 20 ac 23 9b 23 64 30 2b 5e>
    },
    lastRemoteEphemeralKey: <Buffer 05 4a 9a e1 cb 09 82 72 ef ac d5 b5 2c 4c 24 80 43 b5 8e c7 74 6f 87 9f d8 88 6d 37 11 3e e5 4a 62>,
    previousCounter: 0,
    rootKey: <Buffer 4e e2 2e da e2 08 80 31 0a 26 32 3d b0 9f 41 f6 0d 83 fd ae c9 ac 1f cc 3a 2b e4 ad 62 74 e2 d4>
  },
  indexInfo: {
    baseKey: <Buffer 05 82 a3 2b df 1f d3 c5 85 4a 33 64 a4 de a0 a8 10 41 ea 51 65 a9 da 85 6d d6 3c 4c 8e 80 bc e8 79>,
    baseKeyType: 1,
    closed: -1,
    used: 1780308002212,
    created: 1780308002212,
    remoteIdentityKey: <Buffer 05 fe 47 cf 1f 55 8d 8f f8 be d8 26 a8 79 33 df 4b e1 a6 55 a1 32 72 49 79 02 d0 b9 aa 31 bc 16 45>
  },
  pendingPreKey: {
    signedKeyId: 11851722,
    baseKey: <Buffer 05 82 a3 2b df 1f d3 c5 85 4a 33 64 a4 de a0 a8 10 41 ea 51 65 a9 da 85 6d d6 3c 4c 8e 80 bc e8 79>,
    preKeyId: 12876
  }
}
Closing session: SessionEntry {
  _chains: {
    'BZxhqsntMAdM1Vbr2R8ki0vWes++8aB8kgzcisQZb7QS': { chainKey: [Object], chainType: 1, messageKeys: {} }
  },
  registrationId: 569403322,
  currentRatchet: {
    ephemeralKeyPair: {
      pubKey: <Buffer 05 9c 61 aa c9 ed 30 07 4c d5 56 eb d9 1f 24 8b 4b d6 7a cf be f1 a0 7c 92 0c dc 8a c4 19 6f b4 12>,
      privKey: <Buffer c8 d0 ab 6b 87 ba 08 86 c1 ad 39 45 df d4 67 62 e7 c3 83 3f 63 38 af e0 83 53 5a 3a 9e 99 ad 7a>
    },
    lastRemoteEphemeralKey: <Buffer 05 05 aa bf 87 4d 6b 14 85 de 22 ae 5e a2 00 1c e4 91 2d c6 54 48 a6 9c e3 60 5f 42 9a de e8 a4 6b>,
    previousCounter: 0,
    rootKey: <Buffer eb 59 3e fe 3d 15 92 3a af 89 d4 2b 87 d2 d8 ef 20 b4 63 74 38 51 43 e9 11 08 92 56 73 2f ae 9c>
  },
  indexInfo: {
    baseKey: <Buffer 05 b0 48 02 4d 61 68 e3 bd 75 25 40 13 1e 48 39 8d dc 27 ae 53 14 c2 14 bf a8 74 72 7d f6 50 6b 41>,
    baseKeyType: 1,
    closed: -1,
    used: 1780308002217,
    created: 1780308002217,
    remoteIdentityKey: <Buffer 05 80 f0 71 26 1a b2 e7 9a 91 38 3b cf b5 de 25 fe 0f 36 33 09 32 17 30 7e c3 f2 72 c9 1a 60 c6 1d>
  },
  pendingPreKey: {
    signedKeyId: 757561,
    baseKey: <Buffer 05 b0 48 02 4d 61 68 e3 bd 75 25 40 13 1e 48 39 8d dc 27 ae 53 14 c2 14 bf a8 74 72 7d f6 50 6b 41>,
    preKeyId: 12799276
  }
}
⚠️  Connection closed (reason: 428). Reconnecting in 3s...
✅ WhatsApp connected!
{"level":40,"time":1780340016655,"pid":87216,"hostname":"Mac-mini-2.local","msg":"Timeout in AwaitingInitialSync, forcing state to Online and flushing buffer"}
{"level":50,"time":1780349528580,"pid":87216,"hostname":"Mac-mini-2.local","fullErrorNode":{"tag":"stream:error","attrs":{"code":"503"}},"msg":"stream errored out"}
⚠️  Connection closed (reason: 503). Reconnecting in 3s...
✅ WhatsApp connected!
{"level":40,"time":1780349553111,"pid":87216,"hostname":"Mac-mini-2.local","msg":"Timeout in AwaitingInitialSync, forcing state to Online and flushing buffer"}
⚠️  Connection closed (reason: 428). Reconnecting in 3s...
✅ WhatsApp connected!
{"level":40,"time":1780353099200,"pid":87216,"hostname":"Mac-mini-2.local","msg":"Timeout in AwaitingInitialSync, forcing state to Online and flushing buffer"}
Closing session: SessionEntry {
  _chains: {
    'BdOTVa7PhjIGVDpYnNySLMz7rgmBfaf2CVbdb3zZU+Rl': { chainKey: [Object], chainType: 2, messageKeys: {} },
    'Be5/nFtMozPSSjrycl4P0tyJ9C4PPun1UgIqVcoI/tJT': { chainKey: [Object], chainType: 2, messageKeys: {} },
    'BVQyCTY7O7GTn5+LGzMvmVhi/sO355tF8nYWBuHzjeJm': { chainKey: [Object], chainType: 1, messageKeys: {} }
  },
  registrationId: 964615210,
  currentRatchet: {
    ephemeralKeyPair: {
      pubKey: <Buffer 05 54 32 09 36 3b 3b b1 93 9f 9f 8b 1b 33 2f 99 58 62 fe c3 b7 e7 9b 45 f2 76 16 06 e1 f3 8d e2 66>,
      privKey: <Buffer b0 df b6 68 47 38 fa 32 27 c4 10 ad 9f 19 3a 3a 74 65 fb 43 f4 40 d7 a4 82 a2 37 3e d7 9c fe 6d>
    },
    lastRemoteEphemeralKey: <Buffer 05 ee 7f 9c 5b 4c a3 33 d2 4a 3a f2 72 5e 0f d2 dc 89 f4 2e 0f 3e e9 f5 52 02 2a 55 ca 08 fe d2 53>,
    previousCounter: 8,
    rootKey: <Buffer d2 da a1 b2 2e 26 77 61 01 ba 95 a9 7c 54 9e 9d 58 81 c8 70 cd 83 f8 9e b8 5b 49 85 fa cc bd 2d>
  },
  indexInfo: {
    baseKey: <Buffer 05 81 c4 5d 25 b6 7e 39 a5 3b 85 45 e5 d5 b8 e5 6b ac 38 69 25 fe 7b 2d 69 ec 8e 34 dc 60 3d 67 40>,
    baseKeyType: 1,
    closed: -1,
    used: 1780322075349,
    created: 1780321502443,
    remoteIdentityKey: <Buffer 05 fe 47 cf 1f 55 8d 8f f8 be d8 26 a8 79 33 df 4b e1 a6 55 a1 32 72 49 79 02 d0 b9 aa 31 bc 16 45>
  }
}
Closing session: SessionEntry {
  _chains: {
    BYMfRGnsmSJC8cEodB0mGdZzq3SQsBaly8HsVxhdFUh3: { chainKey: [Object], chainType: 1, messageKeys: {} }
  },
  registrationId: 569403322,
  currentRatchet: {
    ephemeralKeyPair: {
      pubKey: <Buffer 05 83 1f 44 69 ec 99 22 42 f1 c1 28 74 1d 26 19 d6 73 ab 74 90 b0 16 a5 cb c1 ec 57 18 5d 15 48 77>,
      privKey: <Buffer 68 fa 23 c8 79 b4 dd 14 54 f2 49 dc 40 ac ee 03 0e af d6 0b 28 d5 b8 c4 d2 1b 4e 8f 7e 06 de 60>
    },
    lastRemoteEphemeralKey: <Buffer 05 05 aa bf 87 4d 6b 14 85 de 22 ae 5e a2 00 1c e4 91 2d c6 54 48 a6 9c e3 60 5f 42 9a de e8 a4 6b>,
    previousCounter: 0,
    rootKey: <Buffer 36 77 13 03 c2 5e 9b c3 35 29 39 e5 59 10 0a f2 8b 76 61 c5 4c f6 95 84 9e de 75 0b 5e af 50 5e>
  },
  indexInfo: {
    baseKey: <Buffer 05 ef d3 df 4b 44 5d 70 1f 57 3a ac 4a c9 6b 2d f8 15 c3 23 53 4a 7d 6c 92 60 3b e9 e4 f1 c2 fd 60>,
    baseKeyType: 1,
    closed: -1,
    used: 1780321502448,
    created: 1780321502448,
    remoteIdentityKey: <Buffer 05 80 f0 71 26 1a b2 e7 9a 91 38 3b cf b5 de 25 fe 0f 36 33 09 32 17 30 7e c3 f2 72 c9 1a 60 c6 1d>
  },
  pendingPreKey: {
    signedKeyId: 757561,
    baseKey: <Buffer 05 ef d3 df 4b 44 5d 70 1f 57 3a ac 4a c9 6b 2d f8 15 c3 23 53 4a 7d 6c 92 60 3b e9 e4 f1 c2 fd 60>,
    preKeyId: 12799312
  }
}
Closing session: SessionEntry {
  _chains: {
    'BUkNBArtqslctWLuLTmrOniSoRiJWmAOMQO+QcFHrVIm': { chainKey: [Object], chainType: 1, messageKeys: {} }
  },
  registrationId: 964615210,
  currentRatchet: {
    ephemeralKeyPair: {
      pubKey: <Buffer 05 49 0d 04 0a ed aa c9 5c b5 62 ee 2d 39 ab 3a 78 92 a1 18 89 5a 60 0e 31 03 be 41 c1 47 ad 52 26>,
      privKey: <Buffer 20 1e 23 8c 31 8e 48 6a fd ba 3c ed a8 4a 5b 7a 13 8b ad 77 38 12 90 de 8a 8d 37 cc 67 90 27 44>
    },
    lastRemoteEphemeralKey: <Buffer 05 4a 9a e1 cb 09 82 72 ef ac d5 b5 2c 4c 24 80 43 b5 8e c7 74 6f 87 9f d8 88 6d 37 11 3e e5 4a 62>,
    previousCounter: 0,
    rootKey: <Buffer 4d 51 69 ae a6 b8 8b 50 34 03 63 2c 5a 6b f7 f3 6b a7 bb ae 21 2f 4d e1 ae 86 65 25 c8 84 65 4c>
  },
  indexInfo: {
    baseKey: <Buffer 05 03 d2 29 95 4f 0c 42 fa a1 eb 53 6d dc 1e e2 1a 46 24 30 d7 9a 7f 23 f0 cc 85 2f 1a 21 7d 94 15>,
    baseKeyType: 1,
    closed: -1,
    used: 1780394401806,
    created: 1780394401806,
    remoteIdentityKey: <Buffer 05 fe 47 cf 1f 55 8d 8f f8 be d8 26 a8 79 33 df 4b e1 a6 55 a1 32 72 49 79 02 d0 b9 aa 31 bc 16 45>
  },
  pendingPreKey: {
    signedKeyId: 11851722,
    baseKey: <Buffer 05 03 d2 29 95 4f 0c 42 fa a1 eb 53 6d dc 1e e2 1a 46 24 30 d7 9a 7f 23 f0 cc 85 2f 1a 21 7d 94 15>,
    preKeyId: 12479
  }
}
Closing session: SessionEntry {
  _chains: {
    'BeFyUY8mUtpDZhZ+tOtrRTCBDlLakvAvdrf1HJL9jRpe': { chainKey: [Object], chainType: 1, messageKeys: {} }
  },
  registrationId: 569403322,
  currentRatchet: {
    ephemeralKeyPair: {
      pubKey: <Buffer 05 e1 72 51 8f 26 52 da 43 66 16 7e b4 eb 6b 45 30 81 0e 52 da 92 f0 2f 76 b7 f5 1c 92 fd 8d 1a 5e>,
      privKey: <Buffer 78 36 54 22 dc d5 29 7c 0f 2a 4f b8 41 00 d5 a5 1c 80 8d 52 c9 10 ad 71 23 1f 28 b7 ea 8d 2a 6e>
    },
    lastRemoteEphemeralKey: <Buffer 05 05 aa bf 87 4d 6b 14 85 de 22 ae 5e a2 00 1c e4 91 2d c6 54 48 a6 9c e3 60 5f 42 9a de e8 a4 6b>,
    previousCounter: 0,
    rootKey: <Buffer 37 78 ef ae b9 4b 1e 7e a4 16 4a 8d 8c 4e 82 e8 43 c0 d5 29 04 3b ae 6d ad cd 15 02 dc 93 11 25>
  },
  indexInfo: {
    baseKey: <Buffer 05 2c 33 54 ad bd 11 c1 54 b4 23 52 b2 19 bc 8b 0f f1 3c e4 a3 4c 89 55 af f4 cf 2a 5a 41 d4 b0 58>,
    baseKeyType: 1,
    closed: -1,
    used: 1780394401811,
    created: 1780394401811,
    remoteIdentityKey: <Buffer 05 80 f0 71 26 1a b2 e7 9a 91 38 3b cf b5 de 25 fe 0f 36 33 09 32 17 30 7e c3 f2 72 c9 1a 60 c6 1d>
  },
  pendingPreKey: {
    signedKeyId: 757561,
    baseKey: <Buffer 05 2c 33 54 ad bd 11 c1 54 b4 23 52 b2 19 bc 8b 0f f1 3c e4 a3 4c 89 55 af f4 cf 2a 5a 41 d4 b0 58>,
    preKeyId: 12799115
  }
}
⚠️  Connection closed (reason: 428). Reconnecting in 3s...
✅ WhatsApp connected!
{"level":40,"time":1780418626846,"pid":87216,"hostname":"Mac-mini-2.local","msg":"Timeout in AwaitingInitialSync, forcing state to Online and flushing buffer"}
⚠️  Connection closed (reason: 428). Reconnecting in 3s...
✅ WhatsApp connected!
{"level":40,"time":1780420496776,"pid":87216,"hostname":"Mac-mini-2.local","msg":"Timeout in AwaitingInitialSync, forcing state to Online and flushing buffer"}
⚠️  Connection closed (reason: 428). Reconnecting in 3s...
✅ WhatsApp connected!
{"level":40,"time":1780424504074,"pid":87216,"hostname":"Mac-mini-2.local","msg":"Timeout in AwaitingInitialSync, forcing state to Online and flushing buffer"}
⚠️  Connection closed (reason: 428). Reconnecting in 3s...
{"level":50,"time":1780426090606,"pid":87216,"hostname":"Mac-mini-2.local","msg":"error in sending keep alive"}
⚠️  Connection closed (reason: 408). Reconnecting in 3s...
⚠️  Connection closed (reason: 408). Reconnecting in 3s...
⚠️  Connection closed (reason: 408). Reconnecting in 3s...
⚠️  Connection closed (reason: 408). Reconnecting in 3s...
⚠️  Connection closed (reason: 408). Reconnecting in 3s...
⚠️  Connection closed (reason: 408). Reconnecting in 3s...
⚠️  Connection closed (reason: 408). Reconnecting in 3s...
⚠️  Connection closed (reason: 408). Reconnecting in 3s...
⚠️  Connection closed (reason: 408). Reconnecting in 3s...
⚠️  Connection closed (reason: 408). Reconnecting in 3s...
{"level":40,"time":1780426123628,"pid":87216,"hostname":"Mac-mini-2.local","msg":"Buffer timeout reached, auto-flushing"}
⚠️  Connection closed (reason: 408). Reconnecting in 3s...
{"level":40,"time":1780426126639,"pid":87216,"hostname":"Mac-mini-2.local","msg":"Buffer timeout reached, auto-flushing"}
⚠️  Connection closed (reason: 408). Reconnecting in 3s...
{"level":40,"time":1780426129647,"pid":87216,"hostname":"Mac-mini-2.local","msg":"Buffer timeout reached, auto-flushing"}
⚠️  Connection closed (reason: 408). Reconnecting in 3s...
{"level":40,"time":1780426132660,"pid":87216,"hostname":"Mac-mini-2.local","msg":"Buffer timeout reached, auto-flushing"}
⚠️  Connection closed (reason: 408). Reconnecting in 3s...
{"level":40,"time":1780426135667,"pid":87216,"hostname":"Mac-mini-2.local","msg":"Buffer timeout reached, auto-flushing"}
⚠️  Connection closed (reason: 408). Reconnecting in 3s...
{"level":40,"time":1780426138678,"pid":87216,"hostname":"Mac-mini-2.local","msg":"Buffer timeout reached, auto-flushing"}
⚠️  Connection closed (reason: 408). Reconnecting in 3s...
{"level":40,"time":1780426141689,"pid":87216,"hostname":"Mac-mini-2.local","msg":"Buffer timeout reached, auto-flushing"}
⚠️  Connection closed (reason: 408). Reconnecting in 3s...
{"level":40,"time":1780426144697,"pid":87216,"hostname":"Mac-mini-2.local","msg":"Buffer timeout reached, auto-flushing"}
⚠️  Connection closed (reason: 408). Reconnecting in 3s...
{"level":40,"time":1780426147704,"pid":87216,"hostname":"Mac-mini-2.local","msg":"Buffer timeout reached, auto-flushing"}
{"level":40,"time":1780426150715,"pid":87216,"hostname":"Mac-mini-2.local","msg":"Buffer timeout reached, auto-flushing"}
✅ WhatsApp connected!
{"level":40,"time":1780426153724,"pid":87216,"hostname":"Mac-mini-2.local","msg":"Buffer timeout reached, auto-flushing"}
{"level":40,"time":1780426156734,"pid":87216,"hostname":"Mac-mini-2.local","msg":"Buffer timeout reached, auto-flushing"}
{"level":40,"time":1780426159745,"pid":87216,"hostname":"Mac-mini-2.local","msg":"Buffer timeout reached, auto-flushing"}
{"level":40,"time":1780426162755,"pid":87216,"hostname":"Mac-mini-2.local","msg":"Buffer timeout reached, auto-flushing"}
{"level":40,"time":1780426165765,"pid":87216,"hostname":"Mac-mini-2.local","msg":"Buffer timeout reached, auto-flushing"}
{"level":40,"time":1780426168773,"pid":87216,"hostname":"Mac-mini-2.local","msg":"Buffer timeout reached, auto-flushing"}
{"level":40,"time":1780426170691,"pid":87216,"hostname":"Mac-mini-2.local","msg":"Timeout in AwaitingInitialSync, forcing state to Online and flushing buffer"}
{"level":40,"time":1780426171784,"pid":87216,"hostname":"Mac-mini-2.local","msg":"Buffer timeout reached, auto-flushing"}
{"level":40,"time":1780426174794,"pid":87216,"hostname":"Mac-mini-2.local","msg":"Buffer timeout reached, auto-flushing"}
⚠️  Connection closed (reason: 428). Reconnecting in 3s...
✅ WhatsApp connected!
{"level":40,"time":1780430182398,"pid":87216,"hostname":"Mac-mini-2.local","msg":"Timeout in AwaitingInitialSync, forcing state to Online and flushing buffer"}
{"level":50,"time":1780442618098,"pid":87216,"hostname":"Mac-mini-2.local","fullErrorNode":{"tag":"stream:error","attrs":{"code":"503"}},"msg":"stream errored out"}
⚠️  Connection closed (reason: 503). Reconnecting in 3s...
✅ WhatsApp connected!
{"level":40,"time":1780442642703,"pid":87216,"hostname":"Mac-mini-2.local","msg":"Timeout in AwaitingInitialSync, forcing state to Online and flushing buffer"}
{"level":50,"time":1780442964873,"pid":87216,"hostname":"Mac-mini-2.local","fullErrorNode":{"tag":"stream:error","attrs":{"code":"503"}},"msg":"stream errored out"}
⚠️  Connection closed (reason: 503). Reconnecting in 3s...
✅ WhatsApp connected!
{"level":40,"time":1780442989355,"pid":87216,"hostname":"Mac-mini-2.local","msg":"Timeout in AwaitingInitialSync, forcing state to Online and flushing buffer"}
{"level":50,"time":1780443433558,"pid":87216,"hostname":"Mac-mini-2.local","fullErrorNode":{"tag":"stream:error","attrs":{"code":"503"}},"msg":"stream errored out"}
⚠️  Connection closed (reason: 503). Reconnecting in 3s...
✅ WhatsApp connected!
{"level":40,"time":1780443458832,"pid":87216,"hostname":"Mac-mini-2.local","msg":"Timeout in AwaitingInitialSync, forcing state to Online and flushing buffer"}
{"event":"ignored","reason":"allowlist_mismatch","chatId":"60125226892-1567175357@g.us","senderId":"203521437778053@lid"}
{"event":"ignored","reason":"allowlist_mismatch","chatId":"60125226892-1567175357@g.us","senderId":"203521437778053@lid"}
{"event":"ignored","reason":"allowlist_mismatch","chatId":"60125226892-1567175357@g.us","senderId":"203521437778053@lid"}
⚠️  Connection closed (reason: 428). Reconnecting in 3s...
✅ WhatsApp connected!
{"level":40,"time":1780472615799,"pid":87216,"hostname":"Mac-mini-2.local","msg":"Timeout in AwaitingInitialSync, forcing state to Online and flushing buffer"}
{"event":"ignored","reason":"allowlist_mismatch","chatId":"60125226892-1567175357@g.us","senderId":"203521437778053@lid"}
Closing session: SessionEntry {
  _chains: {
    'BRLFyCX16FiAsftFIkHXMQf+xpYDUBxy6T9ZA5fiIw8L': { chainKey: [Object], chainType: 2, messageKeys: {} },
    BfUk3YNd2BBMxDzeyid3d08WWiCNe3kTo4sd8G5WUkZL: { chainKey: [Object], chainType: 2, messageKeys: {} },
    BWJv2bGojQi4Z9WJyEirSaeNdQPaMwN1X016krdHXLtv: { chainKey: [Object], chainType: 2, messageKeys: {} },
    'BY5DrGKt3hY6Kc6vcqG8L2ZH31RLko/o2NKF17+7vDxm': { chainKey: [Object], chainType: 2, messageKeys: {} },
    'BU5hSrc/EWWz0DIWxa342674vKb0C1Mr8rkoPmiHAfRa': { chainKey: [Object], chainType: 1, messageKeys: {} }
  },
  registrationId: 964615210,
  currentRatchet: {
    ephemeralKeyPair: {
      pubKey: <Buffer 05 4e 61 4a b7 3f 11 65 b3 d0 32 16 c5 ad f8 db ae f8 bc a6 f4 0b 53 2b f2 b9 28 3e 68 87 01 f4 5a>,
      privKey: <Buffer 08 17 c9 ef 66 8f 2a 40 e1 5d e3 a1 1a eb f8 0d 98 cb f9 c6 c2 10 5e d4 6c 69 77 7a 92 6f 73 7e>
    },
    lastRemoteEphemeralKey: <Buffer 05 8e 43 ac 62 ad de 16 3a 29 ce af 72 a1 bc 2f 66 47 df 54 4b 92 8f e8 d8 d2 85 d7 bf bb bc 3c 66>,
    previousCounter: 2,
    rootKey: <Buffer 5a ee 37 97 ea 51 a7 d9 f5 51 e8 65 ea bc e6 cd e2 1a 6b 63 83 e0 0e 51 4b ae df 08 60 c6 29 f8>
  },
  indexInfo: {
    baseKey: <Buffer 05 6c ff c5 a0 7d 32 f7 08 44 c8 99 47 64 d2 08 16 62 c7 35 be 29 cc d5 de 39 a8 02 ea 31 00 ec 28>,
    baseKeyType: 1,
    closed: -1,
    used: 1780480455877,
    created: 1780407901452,
    remoteIdentityKey: <Buffer 05 fe 47 cf 1f 55 8d 8f f8 be d8 26 a8 79 33 df 4b e1 a6 55 a1 32 72 49 79 02 d0 b9 aa 31 bc 16 45>
  }
}
Closing session: SessionEntry {
  _chains: {
    'BaWADI3RHrFErdu5XEbf8hIAQngcDb/DgZNfG7qEw9BW': { chainKey: [Object], chainType: 1, messageKeys: {} }
  },
  registrationId: 569403322,
  currentRatchet: {
    ephemeralKeyPair: {
      pubKey: <Buffer 05 a5 80 0c 8d d1 1e b1 44 ad db b9 5c 46 df f2 12 00 42 78 1c 0d bf c3 81 93 5f 1b ba 84 c3 d0 56>,
      privKey: <Buffer e0 c5 5b 7c 3a 19 82 0d fd a8 58 e8 be 95 a3 19 1b da 0d 15 ad 70 bd b1 0e ca 36 22 ba 2f d4 6c>
    },
    lastRemoteEphemeralKey: <Buffer 05 05 aa bf 87 4d 6b 14 85 de 22 ae 5e a2 00 1c e4 91 2d c6 54 48 a6 9c e3 60 5f 42 9a de e8 a4 6b>,
    previousCounter: 0,
    rootKey: <Buffer c8 1d 4a e9 e1 de 71 3d f4 1b 93 bb f0 69 5e 4d 76 61 d8 df 4c 85 f6 91 a8 4e 90 46 e1 84 32 4e>
  },
  indexInfo: {
    baseKey: <Buffer 05 9c 46 94 18 06 2a 1b dd 4b b4 26 4c f9 6b 01 26 a4 e8 46 67 df 1c 31 3d ab 23 09 eb 4b 96 f9 57>,
    baseKeyType: 1,
    closed: -1,
    used: 1780407901456,
    created: 1780407901456,
    remoteIdentityKey: <Buffer 05 80 f0 71 26 1a b2 e7 9a 91 38 3b cf b5 de 25 fe 0f 36 33 09 32 17 30 7e c3 f2 72 c9 1a 60 c6 1d>
  },
  pendingPreKey: {
    signedKeyId: 757561,
    baseKey: <Buffer 05 9c 46 94 18 06 2a 1b dd 4b b4 26 4c f9 6b 01 26 a4 e8 46 67 df 1c 31 3d ab 23 09 eb 4b 96 f9 57>,
    preKeyId: 12799180
  }
}
Closing session: SessionEntry {
  _chains: {
    'Bca3vZR7prVivoTzcmaUmfCAlCiO+bFPJyptY11rYR1i': { chainKey: [Object], chainType: 2, messageKeys: {} },
    'BQQiFf9oQjGVMY+CWa1bOnrbMin5eKKe+bmhIytBUJdJ': { chainKey: [Object], chainType: 1, messageKeys: {} }
  },
  registrationId: 964615210,
  currentRatchet: {
    ephemeralKeyPair: {
      pubKey: <Buffer 05 04 22 15 ff 68 42 31 95 31 8f 82 59 ad 5b 3a 7a db 32 29 f9 78 a2 9e f9 b9 a1 23 2b 41 50 97 49>,
      privKey: <Buffer 48 6c e9 bd 0a e8 31 29 17 eb b7 49 62 7e a4 80 d2 89 16 8e 1e 1a 85 b1 71 df 06 65 c8 0e 05 6a>
    },
    lastRemoteEphemeralKey: <Buffer 05 c6 b7 bd 94 7b a6 b5 62 be 84 f3 72 66 94 99 f0 80 94 28 8e f9 b1 4f 27 2a 6d 63 5d 6b 61 1d 62>,
    previousCounter: 0,
    rootKey: <Buffer a2 6e 77 09 47 f3 37 6a 19 77 d2 49 24 24 b6 3a 3a f6 58 c5 78 6c 7f 7e a5 04 4c 56 96 f8 03 0c>
  },
  indexInfo: {
    baseKey: <Buffer 05 4e 7b 2c c4 42 d6 ee 22 8d 15 65 21 64 be e9 e7 d3 7c 78 ee f5 2c f7 60 78 a4 b4 88 a1 b9 0d 15>,
    baseKeyType: 1,
    closed: -1,
    used: 1780482330822,
    created: 1780480801328,
    remoteIdentityKey: <Buffer 05 fe 47 cf 1f 55 8d 8f f8 be d8 26 a8 79 33 df 4b e1 a6 55 a1 32 72 49 79 02 d0 b9 aa 31 bc 16 45>
  }
}
Closing session: SessionEntry {
  _chains: {
    BeyyuFAUc9AL4o1tD2926rNiy3EZNnIjtIsLnPi7XMBA: { chainKey: [Object], chainType: 1, messageKeys: {} }
  },
  registrationId: 569403322,
  currentRatchet: {
    ephemeralKeyPair: {
      pubKey: <Buffer 05 ec b2 b8 50 14 73 d0 0b e2 8d 6d 0f 6f 76 ea b3 62 cb 71 19 36 72 23 b4 8b 0b 9c f8 bb 5c c0 40>,
      privKey: <Buffer d0 c9 58 aa eb 5d 0e e5 bd 59 30 cc a6 03 48 53 4d b2 8a 1b 07 0d c9 72 8d e5 89 2f a0 a6 03 6b>
    },
    lastRemoteEphemeralKey: <Buffer 05 05 aa bf 87 4d 6b 14 85 de 22 ae 5e a2 00 1c e4 91 2d c6 54 48 a6 9c e3 60 5f 42 9a de e8 a4 6b>,
    previousCounter: 0,
    rootKey: <Buffer 87 62 c8 32 1e 20 2d f7 69 26 c8 df bc f0 74 05 6e a9 1b 4d 15 aa c7 4b 66 d4 45 83 97 cd 13 e7>
  },
  indexInfo: {
    baseKey: <Buffer 05 b2 42 3f e7 39 97 ca 68 70 10 50 ef 4c e8 b3 3f 0b 85 c2 cc 2d 43 2c d2 09 1c 1a 6c fa 0e f8 0b>,
    baseKeyType: 1,
    closed: -1,
    used: 1780480801333,
    created: 1780480801333,
    remoteIdentityKey: <Buffer 05 80 f0 71 26 1a b2 e7 9a 91 38 3b cf b5 de 25 fe 0f 36 33 09 32 17 30 7e c3 f2 72 c9 1a 60 c6 1d>
  },
  pendingPreKey: {
    signedKeyId: 757561,
    baseKey: <Buffer 05 b2 42 3f e7 39 97 ca 68 70 10 50 ef 4c e8 b3 3f 0b 85 c2 cc 2d 43 2c d2 09 1c 1a 6c fa 0e f8 0b>,
    preKeyId: 12799369
  }
}
⚠️  Connection closed (reason: 428). Reconnecting in 3s...
✅ WhatsApp connected!
{"level":40,"time":1780511779426,"pid":87216,"hostname":"Mac-mini-2.local","msg":"Timeout in AwaitingInitialSync, forcing state to Online and flushing buffer"}
⚠️  Connection closed (reason: 428). Reconnecting in 3s...
✅ WhatsApp connected!
{"level":40,"time":1780520095539,"pid":87216,"hostname":"Mac-mini-2.local","msg":"Timeout in AwaitingInitialSync, forcing state to Online and flushing buffer"}
⚠️  Connection closed (reason: 428). Reconnecting in 3s...
✅ WhatsApp connected!
{"level":40,"time":1780523037601,"pid":87216,"hostname":"Mac-mini-2.local","msg":"Timeout in AwaitingInitialSync, forcing state to Online and flushing buffer"}
{"level":50,"time":1780525222163,"pid":87216,"hostname":"Mac-mini-2.local","fullErrorNode":{"tag":"stream:error","attrs":{"code":"503"}},"msg":"stream errored out"}
⚠️  Connection closed (reason: 503). Reconnecting in 3s...
✅ WhatsApp connected!
{"level":40,"time":1780525246672,"pid":87216,"hostname":"Mac-mini-2.local","msg":"Timeout in AwaitingInitialSync, forcing state to Online and flushing buffer"}
{"level":50,"time":1780527445292,"pid":87216,"hostname":"Mac-mini-2.local","fullErrorNode":{"tag":"stream:error","attrs":{"code":"503"}},"msg":"stream errored out"}
⚠️  Connection closed (reason: 503). Reconnecting in 3s...
✅ WhatsApp connected!
{"level":40,"time":1780527469871,"pid":87216,"hostname":"Mac-mini-2.local","msg":"Timeout in AwaitingInitialSync, forcing state to Online and flushing buffer"}
{"level":50,"time":1780528361651,"pid":87216,"hostname":"Mac-mini-2.local","fullErrorNode":{"tag":"stream:error","attrs":{"code":"503"}},"msg":"stream errored out"}
⚠️  Connection closed (reason: 503). Reconnecting in 3s...
✅ WhatsApp connected!
{"level":40,"time":1780528386212,"pid":87216,"hostname":"Mac-mini-2.local","msg":"Timeout in AwaitingInitialSync, forcing state to Online and flushing buffer"}
⚠️  Connection closed (reason: 428). Reconnecting in 3s...
✅ WhatsApp connected!
{"level":40,"time":1780533370009,"pid":87216,"hostname":"Mac-mini-2.local","msg":"Timeout in AwaitingInitialSync, forcing state to Online and flushing buffer"}
{"event":"ignored","reason":"allowlist_mismatch","chatId":"60125226892-1567175357@g.us","senderId":"203521437778053@lid"}
{"event":"ignored","reason":"allowlist_mismatch","chatId":"60125226892-1567175357@g.us","senderId":"203521437778053@lid"}
{"event":"ignored","reason":"allowlist_mismatch","chatId":"60125226892-1567175357@g.us","senderId":"203521437778053@lid"}
{"level":50,"time":1780541645077,"pid":87216,"hostname":"Mac-mini-2.local","fullErrorNode":{"tag":"stream:error","attrs":{"code":"503"}},"msg":"stream errored out"}
⚠️  Connection closed (reason: 503). Reconnecting in 3s...
✅ WhatsApp connected!
{"level":40,"time":1780541669701,"pid":87216,"hostname":"Mac-mini-2.local","msg":"Timeout in AwaitingInitialSync, forcing state to Online and flushing buffer"}
⚠️  Connection closed (reason: 428). Reconnecting in 3s...
✅ WhatsApp connected!
{"level":40,"time":1780562214928,"pid":87216,"hostname":"Mac-mini-2.local","msg":"Timeout in AwaitingInitialSync, forcing state to Online and flushing buffer"}
Closing session: SessionEntry {
  _chains: {
    BV0TmbtTNo940Cj1FoLkvabBDPheWS7R69KWhx8b1pVo: { chainKey: [Object], chainType: 1, messageKeys: {} }
  },
  registrationId: 964615210,
  currentRatchet: {
    ephemeralKeyPair: {
      pubKey: <Buffer 05 5d 13 99 bb 53 36 8f 78 d0 28 f5 16 82 e4 bd a6 c1 0c f8 5e 59 2e d1 eb d2 96 87 1f 1b d6 95 68>,
      privKey: <Buffer 98 f1 7d 36 e0 08 f1 28 3a 3d fe a7 d6 de a9 31 4b 1b 0e 28 87 63 f7 cd 9a 78 69 a3 56 68 d6 5c>
    },
    lastRemoteEphemeralKey: <Buffer 05 4a 9a e1 cb 09 82 72 ef ac d5 b5 2c 4c 24 80 43 b5 8e c7 74 6f 87 9f d8 88 6d 37 11 3e e5 4a 62>,
    previousCounter: 0,
    rootKey: <Buffer 78 e1 08 5c 61 85 26 47 f8 92 e3 7c 24 e5 20 92 c0 d6 71 f8 e5 28 f9 ed fd 20 8e 0a 37 be d3 33>
  },
  indexInfo: {
    baseKey: <Buffer 05 46 31 79 9f 84 c4 96 ac d0 9b 3a 5b 17 af 42 fa a8 a7 62 06 e8 42 57 68 6f 2c 13 b2 0c a6 ab 0a>,
    baseKeyType: 1,
    closed: -1,
    used: 1780494301696,
    created: 1780494301696,
    remoteIdentityKey: <Buffer 05 fe 47 cf 1f 55 8d 8f f8 be d8 26 a8 79 33 df 4b e1 a6 55 a1 32 72 49 79 02 d0 b9 aa 31 bc 16 45>
  },
  pendingPreKey: {
    signedKeyId: 11851722,
    baseKey: <Buffer 05 46 31 79 9f 84 c4 96 ac d0 9b 3a 5b 17 af 42 fa a8 a7 62 06 e8 42 57 68 6f 2c 13 b2 0c a6 ab 0a>,
    preKeyId: 12914
  }
}
Closing session: SessionEntry {
  _chains: {
    Be8ThGykyYc732WrZ6L3h0jQw1sTVS4Viq3BTSCuiWwN: { chainKey: [Object], chainType: 1, messageKeys: {} }
  },
  registrationId: 569403322,
  currentRatchet: {
    ephemeralKeyPair: {
      pubKey: <Buffer 05 ef 13 84 6c a4 c9 87 3b df 65 ab 67 a2 f7 87 48 d0 c3 5b 13 55 2e 15 8a ad c1 4d 20 ae 89 6c 0d>,
      privKey: <Buffer e8 12 b3 55 79 81 75 4a b2 b7 91 8b d6 75 90 be ae a2 ce c9 e1 fb 85 ab a6 cc 35 18 79 8c 78 59>
    },
    lastRemoteEphemeralKey: <Buffer 05 05 aa bf 87 4d 6b 14 85 de 22 ae 5e a2 00 1c e4 91 2d c6 54 48 a6 9c e3 60 5f 42 9a de e8 a4 6b>,
    previousCounter: 0,
    rootKey: <Buffer d8 71 d1 46 e3 87 45 95 56 1a 99 c2 5d 0d e0 f8 7d 34 86 2d 33 02 99 4f f2 0c ce 43 36 6d c5 d8>
  },
  indexInfo: {
    baseKey: <Buffer 05 ea 4c 42 f4 ca 66 66 39 85 7c 56 24 50 0d 14 52 d7 84 96 ba 0e f0 44 4c 2d d5 d7 7c 17 b5 ba 00>,
    baseKeyType: 1,
    closed: -1,
    used: 1780494301706,
    created: 1780494301706,
    remoteIdentityKey: <Buffer 05 80 f0 71 26 1a b2 e7 9a 91 38 3b cf b5 de 25 fe 0f 36 33 09 32 17 30 7e c3 f2 72 c9 1a 60 c6 1d>
  },
  pendingPreKey: {
    signedKeyId: 757561,
    baseKey: <Buffer 05 ea 4c 42 f4 ca 66 66 39 85 7c 56 24 50 0d 14 52 d7 84 96 ba 0e f0 44 4c 2d d5 d7 7c 17 b5 ba 00>,
    preKeyId: 12799101
  }
}
{"event":"ignored","reason":"allowlist_mismatch","chatId":"25693282910230@lid","senderId":"25693282910230@lid"}
Closing session: SessionEntry {
  _chains: {
    'BdvlV5k0IO/1rbcD6lIzVygrdANvlsnnDPBzt+NdlUEZ': { chainKey: [Object], chainType: 1, messageKeys: {} }
  },
  registrationId: 964615210,
  currentRatchet: {
    ephemeralKeyPair: {
      pubKey: <Buffer 05 db e5 57 99 34 20 ef f5 ad b7 03 ea 52 33 57 28 2b 74 03 6f 96 c9 e7 0c f0 73 b7 e3 5d 95 41 19>,
      privKey: <Buffer 28 7d d5 6e 90 b2 11 a0 3a e5 ca bb 07 b5 41 d6 d1 d8 af b0 a3 7a ae ce 6f 31 dc eb 33 05 93 6b>
    },
    lastRemoteEphemeralKey: <Buffer 05 4a 9a e1 cb 09 82 72 ef ac d5 b5 2c 4c 24 80 43 b5 8e c7 74 6f 87 9f d8 88 6d 37 11 3e e5 4a 62>,
    previousCounter: 0,
    rootKey: <Buffer 07 f5 68 43 7c 53 24 37 8a 30 62 fa f2 18 88 e7 95 9a 03 a7 8f 2b 15 fc 23 b1 97 4f 8f 0d d7 99>
  },
  indexInfo: {
    baseKey: <Buffer 05 4a 81 0a 29 2d b8 ba 21 51 a0 42 2b 6c bb 49 94 ed 20 3a e9 e2 05 f9 0d 45 d4 dc ea 83 37 cd 6d>,
    baseKeyType: 1,
    closed: -1,
    used: 1780567201920,
    created: 1780567201920,
    remoteIdentityKey: <Buffer 05 fe 47 cf 1f 55 8d 8f f8 be d8 26 a8 79 33 df 4b e1 a6 55 a1 32 72 49 79 02 d0 b9 aa 31 bc 16 45>
  },
  pendingPreKey: {
    signedKeyId: 11851722,
    baseKey: <Buffer 05 4a 81 0a 29 2d b8 ba 21 51 a0 42 2b 6c bb 49 94 ed 20 3a e9 e2 05 f9 0d 45 d4 dc ea 83 37 cd 6d>,
    preKeyId: 12695
  }
}
Closing session: SessionEntry {
  _chains: {
    'BTMt18oOP/AV2zFsq926im+HXIVrfez9TSdR5Vyuvh8N': { chainKey: [Object], chainType: 1, messageKeys: {} }
  },
  registrationId: 569403322,
  currentRatchet: {
    ephemeralKeyPair: {
      pubKey: <Buffer 05 33 2d d7 ca 0e 3f f0 15 db 31 6c ab dd ba 8a 6f 87 5c 85 6b 7d ec fd 4d 27 51 e5 5c ae be 1f 0d>,
      privKey: <Buffer 08 07 90 b6 36 8f fa 2a a5 26 52 78 e8 17 19 92 af 6b 26 c9 24 d3 3a 4f 18 69 56 65 91 65 e1 77>
    },
    lastRemoteEphemeralKey: <Buffer 05 05 aa bf 87 4d 6b 14 85 de 22 ae 5e a2 00 1c e4 91 2d c6 54 48 a6 9c e3 60 5f 42 9a de e8 a4 6b>,
    previousCounter: 0,
    rootKey: <Buffer 79 35 3a 84 e0 57 6a 20 21 79 22 ad 32 6d e7 c3 ee 8c c0 94 ba a6 ad a5 55 7f f2 02 e2 ef d5 ef>
  },
  indexInfo: {
    baseKey: <Buffer 05 55 79 c5 5a a8 d9 8a e7 d5 da 06 16 c1 4a ff 77 c6 63 05 76 ff 73 81 fb 26 19 51 2c 91 bd 9a 70>,
    baseKeyType: 1,
    closed: -1,
    used: 1780567201925,
    created: 1780567201925,
    remoteIdentityKey: <Buffer 05 80 f0 71 26 1a b2 e7 9a 91 38 3b cf b5 de 25 fe 0f 36 33 09 32 17 30 7e c3 f2 72 c9 1a 60 c6 1d>
  },
  pendingPreKey: {
    signedKeyId: 757561,
    baseKey: <Buffer 05 55 79 c5 5a a8 d9 8a e7 d5 da 06 16 c1 4a ff 77 c6 63 05 76 ff 73 81 fb 26 19 51 2c 91 bd 9a 70>,
    preKeyId: 12799068
  }
}
⚠️  Connection closed (reason: 428). Reconnecting in 3s...
✅ WhatsApp connected!
{"level":40,"time":1780591938199,"pid":87216,"hostname":"Mac-mini-2.local","msg":"Timeout in AwaitingInitialSync, forcing state to Online and flushing buffer"}
⚠️  Connection closed (reason: 428). Reconnecting in 3s...
✅ WhatsApp connected!
{"level":40,"time":1780599087966,"pid":87216,"hostname":"Mac-mini-2.local","msg":"Timeout in AwaitingInitialSync, forcing state to Online and flushing buffer"}
⚠️  Connection closed (reason: 428). Reconnecting in 3s...
✅ WhatsApp connected!
{"level":40,"time":1780603486736,"pid":87216,"hostname":"Mac-mini-2.local","msg":"Timeout in AwaitingInitialSync, forcing state to Online and flushing buffer"}
⚠️  Connection closed (reason: 428). Reconnecting in 3s...
✅ WhatsApp connected!
{"level":40,"time":1780607799438,"pid":87216,"hostname":"Mac-mini-2.local","msg":"Timeout in AwaitingInitialSync, forcing state to Online and flushing buffer"}
{"level":50,"time":1780609788932,"pid":87216,"hostname":"Mac-mini-2.local","fullErrorNode":{"tag":"stream:error","attrs":{"code":"503"}},"msg":"stream errored out"}
⚠️  Connection closed (reason: 503). Reconnecting in 3s...
✅ WhatsApp connected!
{"level":40,"time":1780609813537,"pid":87216,"hostname":"Mac-mini-2.local","msg":"Timeout in AwaitingInitialSync, forcing state to Online and flushing buffer"}
{"level":50,"time":1780612603835,"pid":87216,"hostname":"Mac-mini-2.local","fullErrorNode":{"tag":"stream:error","attrs":{"code":"503"}},"msg":"stream errored out"}
⚠️  Connection closed (reason: 503). Reconnecting in 3s...
✅ WhatsApp connected!
{"level":40,"time":1780612628455,"pid":87216,"hostname":"Mac-mini-2.local","msg":"Timeout in AwaitingInitialSync, forcing state to Online and flushing buffer"}
⚠️  Connection closed (reason: 428). Reconnecting in 3s...
✅ WhatsApp connected!
{"level":40,"time":1780615433665,"pid":87216,"hostname":"Mac-mini-2.local","msg":"Timeout in AwaitingInitialSync, forcing state to Online and flushing buffer"}
⚠️  Connection closed (reason: 428). Reconnecting in 3s...
✅ WhatsApp connected!
{"level":40,"time":1780620456223,"pid":87216,"hostname":"Mac-mini-2.local","msg":"Timeout in AwaitingInitialSync, forcing state to Online and flushing buffer"}
⚠️  Connection closed (reason: 428). Reconnecting in 3s...
✅ WhatsApp connected!
{"level":40,"time":1780630314927,"pid":87216,"hostname":"Mac-mini-2.local","msg":"Timeout in AwaitingInitialSync, forcing state to Online and flushing buffer"}
Closing session: SessionEntry {
  _chains: {
    'BSj21e3dZnjkpRCoIE/bbaehMk27d3Xo9ZlKcmUmTuR3': { chainKey: [Object], chainType: 1, messageKeys: {} }
  },
  registrationId: 964615210,
  currentRatchet: {
    ephemeralKeyPair: {
      pubKey: <Buffer 05 28 f6 d5 ed dd 66 78 e4 a5 10 a8 20 4f db 6d a7 a1 32 4d bb 77 75 e8 f5 99 4a 72 65 26 4e e4 77>,
      privKey: <Buffer b8 e1 7a 3b 2a ce 5c e9 f7 09 1d e3 07 af d4 e5 9c 96 99 78 6f 1c 7c ae 84 63 fa b9 2f 7b 14 5c>
    },
    lastRemoteEphemeralKey: <Buffer 05 4a 9a e1 cb 09 82 72 ef ac d5 b5 2c 4c 24 80 43 b5 8e c7 74 6f 87 9f d8 88 6d 37 11 3e e5 4a 62>,
    previousCounter: 0,
    rootKey: <Buffer bf d2 1b d3 ae 4a c7 cb 8c ca 0a d5 ad bb 7f 79 5d 86 8a ba 5b b3 e0 2e 81 5b 58 54 4e 7b 10 3e>
  },
  indexInfo: {
    baseKey: <Buffer 05 be 65 63 fa 98 00 af 6d 33 4a a8 b1 cf 57 2c fa 57 f8 95 3d a1 ad 0d 5d 76 14 2e f4 bb cb d0 25>,
    baseKeyType: 1,
    closed: -1,
    used: 1780580702341,
    created: 1780580702341,
    remoteIdentityKey: <Buffer 05 fe 47 cf 1f 55 8d 8f f8 be d8 26 a8 79 33 df 4b e1 a6 55 a1 32 72 49 79 02 d0 b9 aa 31 bc 16 45>
  },
  pendingPreKey: {
    signedKeyId: 11851722,
    baseKey: <Buffer 05 be 65 63 fa 98 00 af 6d 33 4a a8 b1 cf 57 2c fa 57 f8 95 3d a1 ad 0d 5d 76 14 2e f4 bb cb d0 25>,
    preKeyId: 12211
  }
}
Closing session: SessionEntry {
  _chains: {
    'BUvmTSdCtSI7jDZRJX8H81LwSU3o2j/FjkpByd86LHQR': { chainKey: [Object], chainType: 1, messageKeys: {} }
  },
  registrationId: 569403322,
  currentRatchet: {
    ephemeralKeyPair: {
      pubKey: <Buffer 05 4b e6 4d 27 42 b5 22 3b 8c 36 51 25 7f 07 f3 52 f0 49 4d e8 da 3f c5 8e 4a 41 c9 df 3a 2c 74 11>,
      privKey: <Buffer 90 71 8d 61 9b d3 69 fa 96 91 1c 87 4d e4 16 8f 64 2f 46 5d 04 01 d9 fa 4f 2a c4 e6 83 7d c7 63>
    },
    lastRemoteEphemeralKey: <Buffer 05 05 aa bf 87 4d 6b 14 85 de 22 ae 5e a2 00 1c e4 91 2d c6 54 48 a6 9c e3 60 5f 42 9a de e8 a4 6b>,
    previousCounter: 0,
    rootKey: <Buffer 10 f6 4e d8 36 bb 7d e3 b8 22 b0 1e 68 2c 96 e7 65 a1 84 5e fb 5d 78 c3 aa e7 00 19 c2 58 7f be>
  },
  indexInfo: {
    baseKey: <Buffer 05 db ca f8 a3 2e 35 08 08 db 48 66 3d 24 5a 45 bf eb 92 ce 41 d8 9e 09 47 ef 45 ab 3f 93 09 61 4f>,
    baseKeyType: 1,
    closed: -1,
    used: 1780580702346,
    created: 1780580702346,
    remoteIdentityKey: <Buffer 05 80 f0 71 26 1a b2 e7 9a 91 38 3b cf b5 de 25 fe 0f 36 33 09 32 17 30 7e c3 f2 72 c9 1a 60 c6 1d>
  },
  pendingPreKey: {
    signedKeyId: 757561,
    baseKey: <Buffer 05 db ca f8 a3 2e 35 08 08 db 48 66 3d 24 5a 45 bf eb 92 ce 41 d8 9e 09 47 ef 45 ab 3f 93 09 61 4f>,
    preKeyId: 12799005
  }
}
Closing session: SessionEntry {
  _chains: {
    'BSUuokD8aTd9a/QnJP1qsgElb54+3RLMWRtoSCASMRBm': { chainKey: [Object], chainType: 1, messageKeys: {} }
  },
  registrationId: 964615210,
  currentRatchet: {
    ephemeralKeyPair: {
      pubKey: <Buffer 05 25 2e a2 40 fc 69 37 7d 6b f4 27 24 fd 6a b2 01 25 6f 9e 3e dd 12 cc 59 1b 68 48 20 12 31 10 66>,
      privKey: <Buffer 80 a9 4c 0e 38 f9 45 14 cb 9d 37 2a 35 77 c0 f0 8f c2 7c ed 80 f1 ec 88 53 d1 48 ed 2b 22 77 6a>
    },
    lastRemoteEphemeralKey: <Buffer 05 4a 9a e1 cb 09 82 72 ef ac d5 b5 2c 4c 24 80 43 b5 8e c7 74 6f 87 9f d8 88 6d 37 11 3e e5 4a 62>,
    previousCounter: 0,
    rootKey: <Buffer a8 87 30 42 9d 3f 4a c8 20 23 5b e5 15 55 6e af 8f e4 03 a3 06 9a d6 33 a5 f8 38 e7 cb 92 32 15>
  },
  indexInfo: {
    baseKey: <Buffer 05 c7 26 98 0e 3c 68 41 f3 bd 20 dd b9 2a 6d 58 f9 2c c1 eb 85 25 d7 f3 3e f9 6a 1d e2 3b 28 c7 58>,
    baseKeyType: 1,
    closed: -1,
    used: 1780653601063,
    created: 1780653601063,
    remoteIdentityKey: <Buffer 05 fe 47 cf 1f 55 8d 8f f8 be d8 26 a8 79 33 df 4b e1 a6 55 a1 32 72 49 79 02 d0 b9 aa 31 bc 16 45>
  },
  pendingPreKey: {
    signedKeyId: 11851722,
    baseKey: <Buffer 05 c7 26 98 0e 3c 68 41 f3 bd 20 dd b9 2a 6d 58 f9 2c c1 eb 85 25 d7 f3 3e f9 6a 1d e2 3b 28 c7 58>,
    preKeyId: 12491
  }
}
Closing session: SessionEntry {
  _chains: {
    'Bery5B7WkgBRIEWn9wBd+bts/atngy9eSKjJ//NvB4s0': { chainKey: [Object], chainType: 1, messageKeys: {} }
  },
  registrationId: 569403322,
  currentRatchet: {
    ephemeralKeyPair: {
      pubKey: <Buffer 05 ea f2 e4 1e d6 92 00 51 20 45 a7 f7 00 5d f9 bb 6c fd ab 67 83 2f 5e 48 a8 c9 ff f3 6f 07 8b 34>,
      privKey: <Buffer 10 94 08 18 56 9f fb d9 9b be 5f fd fd 54 58 6f 92 89 73 d6 c1 bc 92 f9 44 73 1a b8 31 a0 21 6c>
    },
    lastRemoteEphemeralKey: <Buffer 05 05 aa bf 87 4d 6b 14 85 de 22 ae 5e a2 00 1c e4 91 2d c6 54 48 a6 9c e3 60 5f 42 9a de e8 a4 6b>,
    previousCounter: 0,
    rootKey: <Buffer 0d 48 c2 72 5b 88 13 85 09 59 00 77 27 fc c8 e1 e7 26 4f a4 c9 ac 16 5e ae c5 5e 18 9d f5 0b 9d>
  },
  indexInfo: {
    baseKey: <Buffer 05 0a 7a 89 6d 4a fd be 91 75 55 db 13 c2 a8 74 73 aa af bc 18 f5 fd 7a cc e4 f8 f9 32 8a e0 f8 18>,
    baseKeyType: 1,
    closed: -1,
    used: 1780653601068,
    created: 1780653601068,
    remoteIdentityKey: <Buffer 05 80 f0 71 26 1a b2 e7 9a 91 38 3b cf b5 de 25 fe 0f 36 33 09 32 17 30 7e c3 f2 72 c9 1a 60 c6 1d>
  },
  pendingPreKey: {
    signedKeyId: 757561,
    baseKey: <Buffer 05 0a 7a 89 6d 4a fd be 91 75 55 db 13 c2 a8 74 73 aa af bc 18 f5 fd 7a cc e4 f8 f9 32 8a e0 f8 18>,
    preKeyId: 12799185
  }
}
⚠️  Connection closed (reason: 428). Reconnecting in 3s...
✅ WhatsApp connected!
{"level":40,"time":1780685549622,"pid":87216,"hostname":"Mac-mini-2.local","msg":"Timeout in AwaitingInitialSync, forcing state to Online and flushing buffer"}
{"level":50,"time":1780692909399,"pid":87216,"hostname":"Mac-mini-2.local","fullErrorNode":{"tag":"stream:error","attrs":{"code":"503"}},"msg":"stream errored out"}
⚠️  Connection closed (reason: 503). Reconnecting in 3s...
✅ WhatsApp connected!
{"level":40,"time":1780692934020,"pid":87216,"hostname":"Mac-mini-2.local","msg":"Timeout in AwaitingInitialSync, forcing state to Online and flushing buffer"}
{"level":50,"time":1780693313627,"pid":87216,"hostname":"Mac-mini-2.local","fullErrorNode":{"tag":"stream:error","attrs":{"code":"503"}},"msg":"stream errored out"}
⚠️  Connection closed (reason: 503). Reconnecting in 3s...
✅ WhatsApp connected!
{"level":40,"time":1780693338156,"pid":87216,"hostname":"Mac-mini-2.local","msg":"Timeout in AwaitingInitialSync, forcing state to Online and flushing buffer"}
{"level":50,"time":1780693363556,"pid":87216,"hostname":"Mac-mini-2.local","fullErrorNode":{"tag":"stream:error","attrs":{"code":"503"}},"msg":"stream errored out"}
⚠️  Connection closed (reason: 503). Reconnecting in 3s...
✅ WhatsApp connected!
{"level":40,"time":1780693389221,"pid":87216,"hostname":"Mac-mini-2.local","msg":"Timeout in AwaitingInitialSync, forcing state to Online and flushing buffer"}
{"level":50,"time":1780693727646,"pid":87216,"hostname":"Mac-mini-2.local","fullErrorNode":{"tag":"stream:error","attrs":{"code":"503"}},"msg":"stream errored out"}
⚠️  Connection closed (reason: 503). Reconnecting in 3s...
✅ WhatsApp connected!
{"level":40,"time":1780693753313,"pid":87216,"hostname":"Mac-mini-2.local","msg":"Timeout in AwaitingInitialSync, forcing state to Online and flushing buffer"}
{"level":50,"time":1780694646937,"pid":87216,"hostname":"Mac-mini-2.local","fullErrorNode":{"tag":"stream:error","attrs":{"code":"503"}},"msg":"stream errored out"}
⚠️  Connection closed (reason: 503). Reconnecting in 3s...
✅ WhatsApp connected!
{"level":40,"time":1780694671486,"pid":87216,"hostname":"Mac-mini-2.local","msg":"Timeout in AwaitingInitialSync, forcing state to Online and flushing buffer"}
⚠️  Connection closed (reason: 428). Reconnecting in 3s...
✅ WhatsApp connected!
{"level":40,"time":1780696553823,"pid":87216,"hostname":"Mac-mini-2.local","msg":"Timeout in AwaitingInitialSync, forcing state to Online and flushing buffer"}
{"level":40,"time":1780701215001,"pid":87216,"hostname":"Mac-mini-2.local","msgId":"3EB00C2DB012370D094BE8","trace":"Error [ERR_MODULE_NOT_FOUND]: Cannot find package 'link-preview-js' imported from /Users/ktoclaw/.hermes/hermes-agent/scripts/whatsapp-bridge/node_modules/@whiskeysockets/baileys/lib/Utils/link-preview.js\n    at Object.getPackageJSONURL (node:internal/modules/package_json_reader:301:9)\n    at packageResolve (node:internal/modules/esm/resolve:768:81)\n    at moduleResolve (node:internal/modules/esm/resolve:859:18)\n    at defaultResolve (node:internal/modules/esm/resolve:991:11)\n    at #cachedDefaultResolve (node:internal/modules/esm/loader:713:20)\n    at #resolveAndMaybeBlockOnLoaderThread (node:internal/modules/esm/loader:730:38)\n    at ModuleLoader.resolveSync (node:internal/modules/esm/loader:759:52)\n    at #resolve (node:internal/modules/esm/loader:695:17)\n    at ModuleLoader.getOrCreateModuleJob (node:internal/modules/esm/loader:615:35)\n    at onImport.tracePromise.__proto__ (node:internal/modules/esm/loader:644:32)","msg":"url generation failed"}
{"level":40,"time":1780701573805,"pid":87216,"hostname":"Mac-mini-2.local","msgId":"3EB08F4E6F35255DD1FAFB","trace":"Error [ERR_MODULE_NOT_FOUND]: Cannot find package 'link-preview-js' imported from /Users/ktoclaw/.hermes/hermes-agent/scripts/whatsapp-bridge/node_modules/@whiskeysockets/baileys/lib/Utils/link-preview.js\n    at Object.getPackageJSONURL (node:internal/modules/package_json_reader:301:9)\n    at packageResolve (node:internal/modules/esm/resolve:768:81)\n    at moduleResolve (node:internal/modules/esm/resolve:859:18)\n    at defaultResolve (node:internal/modules/esm/resolve:991:11)\n    at #cachedDefaultResolve (node:internal/modules/esm/loader:713:20)\n    at #resolveAndMaybeBlockOnLoaderThread (node:internal/modules/esm/loader:730:38)\n    at ModuleLoader.resolveSync (node:internal/modules/esm/loader:759:52)\n    at #resolve (node:internal/modules/esm/loader:695:17)\n    at ModuleLoader.getOrCreateModuleJob (node:internal/modules/esm/loader:615:35)\n    at onImport.tracePromise.__proto__ (node:internal/modules/esm/loader:644:32)","msg":"url generation failed"}
{"level":40,"time":1780710114261,"pid":87216,"hostname":"Mac-mini-2.local","msgId":"3EB065C65BF000DD82ADC7","trace":"Error [ERR_MODULE_NOT_FOUND]: Cannot find package 'link-preview-js' imported from /Users/ktoclaw/.hermes/hermes-agent/scripts/whatsapp-bridge/node_modules/@whiskeysockets/baileys/lib/Utils/link-preview.js\n    at Object.getPackageJSONURL (node:internal/modules/package_json_reader:301:9)\n    at packageResolve (node:internal/modules/esm/resolve:768:81)\n    at moduleResolve (node:internal/modules/esm/resolve:859:18)\n    at defaultResolve (node:internal/modules/esm/resolve:991:11)\n    at #cachedDefaultResolve (node:internal/modules/esm/loader:713:20)\n    at #resolveAndMaybeBlockOnLoaderThread (node:internal/modules/esm/loader:730:38)\n    at ModuleLoader.resolveSync (node:internal/modules/esm/loader:759:52)\n    at #resolve (node:internal/modules/esm/loader:695:17)\n    at ModuleLoader.getOrCreateModuleJob (node:internal/modules/esm/loader:615:35)\n    at onImport.tracePromise.__proto__ (node:internal/modules/esm/loader:644:32)","msg":"url generation failed"}
{"level":40,"time":1780710120293,"pid":87216,"hostname":"Mac-mini-2.local","msgId":"3EB0BBC5385384FF835740","trace":"Error [ERR_MODULE_NOT_FOUND]: Cannot find package 'link-preview-js' imported from /Users/ktoclaw/.hermes/hermes-agent/scripts/whatsapp-bridge/node_modules/@whiskeysockets/baileys/lib/Utils/link-preview.js\n    at Object.getPackageJSONURL (node:internal/modules/package_json_reader:301:9)\n    at packageResolve (node:internal/modules/esm/resolve:768:81)\n    at moduleResolve (node:internal/modules/esm/resolve:859:18)\n    at defaultResolve (node:internal/modules/esm/resolve:991:11)\n    at #cachedDefaultResolve (node:internal/modules/esm/loader:713:20)\n    at #resolveAndMaybeBlockOnLoaderThread (node:internal/modules/esm/loader:730:38)\n    at ModuleLoader.resolveSync (node:internal/modules/esm/loader:759:52)\n    at #resolve (node:internal/modules/esm/loader:695:17)\n    at ModuleLoader.getOrCreateModuleJob (node:internal/modules/esm/loader:615:35)\n    at onImport.tracePromise.__proto__ (node:internal/modules/esm/loader:644:32)","msg":"url generation failed"}
{"level":40,"time":1780756679365,"pid":87216,"hostname":"Mac-mini-2.local","msgId":"3EB0044B4765A72CAC6733","trace":"Error [ERR_MODULE_NOT_FOUND]: Cannot find package 'link-preview-js' imported from /Users/ktoclaw/.hermes/hermes-agent/scripts/whatsapp-bridge/node_modules/@whiskeysockets/baileys/lib/Utils/link-preview.js\n    at Object.getPackageJSONURL (node:internal/modules/package_json_reader:301:9)\n    at packageResolve (node:internal/modules/esm/resolve:768:81)\n    at moduleResolve (node:internal/modules/esm/resolve:859:18)\n    at defaultResolve (node:internal/modules/esm/resolve:991:11)\n    at #cachedDefaultResolve (node:internal/modules/esm/loader:713:20)\n    at #resolveAndMaybeBlockOnLoaderThread (node:internal/modules/esm/loader:730:38)\n    at ModuleLoader.resolveSync (node:internal/modules/esm/loader:759:52)\n    at #resolve (node:internal/modules/esm/loader:695:17)\n    at ModuleLoader.getOrCreateModuleJob (node:internal/modules/esm/loader:615:35)\n    at onImport.tracePromise.__proto__ (node:internal/modules/esm/loader:644:32)","msg":"url generation failed"}
{"level":40,"time":1780756689120,"pid":87216,"hostname":"Mac-mini-2.local","msgId":"3EB08746EACEFC9EF98518","trace":"Error [ERR_MODULE_NOT_FOUND]: Cannot find package 'link-preview-js' imported from /Users/ktoclaw/.hermes/hermes-agent/scripts/whatsapp-bridge/node_modules/@whiskeysockets/baileys/lib/Utils/link-preview.js\n    at Object.getPackageJSONURL (node:internal/modules/package_json_reader:301:9)\n    at packageResolve (node:internal/modules/esm/resolve:768:81)\n    at moduleResolve (node:internal/modules/esm/resolve:859:18)\n    at defaultResolve (node:internal/modules/esm/resolve:991:11)\n    at #cachedDefaultResolve (node:internal/modules/esm/loader:713:20)\n    at #resolveAndMaybeBlockOnLoaderThread (node:internal/modules/esm/loader:730:38)\n    at ModuleLoader.resolveSync (node:internal/modules/esm/loader:759:52)\n    at #resolve (node:internal/modules/esm/loader:695:17)\n    at ModuleLoader.getOrCreateModuleJob (node:internal/modules/esm/loader:615:35)\n    at onImport.tracePromise.__proto__ (node:internal/modules/esm/loader:644:32)","msg":"url generation failed"}
{"level":40,"time":1780756901622,"pid":87216,"hostname":"Mac-mini-2.local","msgId":"3EB0BCBDE05BB266E145C7","trace":"Error [ERR_MODULE_NOT_FOUND]: Cannot find package 'link-preview-js' imported from /Users/ktoclaw/.hermes/hermes-agent/scripts/whatsapp-bridge/node_modules/@whiskeysockets/baileys/lib/Utils/link-preview.js\n    at Object.getPackageJSONURL (node:internal/modules/package_json_reader:301:9)\n    at packageResolve (node:internal/modules/esm/resolve:768:81)\n    at moduleResolve (node:internal/modules/esm/resolve:859:18)\n    at defaultResolve (node:internal/modules/esm/resolve:991:11)\n    at #cachedDefaultResolve (node:internal/modules/esm/loader:713:20)\n    at #resolveAndMaybeBlockOnLoaderThread (node:internal/modules/esm/loader:730:38)\n    at ModuleLoader.resolveSync (node:internal/modules/esm/loader:759:52)\n    at #resolve (node:internal/modules/esm/loader:695:17)\n    at ModuleLoader.getOrCreateModuleJob (node:internal/modules/esm/loader:615:35)\n    at onImport.tracePromise.__proto__ (node:internal/modules/esm/loader:644:32)","msg":"url generation failed"}
{"level":40,"time":1780756918291,"pid":87216,"hostname":"Mac-mini-2.local","msgId":"3EB0999240BE252F8CBA49","trace":"Error [ERR_MODULE_NOT_FOUND]: Cannot find package 'link-preview-js' imported from /Users/ktoclaw/.hermes/hermes-agent/scripts/whatsapp-bridge/node_modules/@whiskeysockets/baileys/lib/Utils/link-preview.js\n    at Object.getPackageJSONURL (node:internal/modules/package_json_reader:301:9)\n    at packageResolve (node:internal/modules/esm/resolve:768:81)\n    at moduleResolve (node:internal/modules/esm/resolve:859:18)\n    at defaultResolve (node:internal/modules/esm/resolve:991:11)\n    at #cachedDefaultResolve (node:internal/modules/esm/loader:713:20)\n    at #resolveAndMaybeBlockOnLoaderThread (node:internal/modules/esm/loader:730:38)\n    at ModuleLoader.resolveSync (node:internal/modules/esm/loader:759:52)\n    at #resolve (node:internal/modules/esm/loader:695:17)\n    at ModuleLoader.getOrCreateModuleJob (node:internal/modules/esm/loader:615:35)\n    at onImport.tracePromise.__proto__ (node:internal/modules/esm/loader:644:32)","msg":"url generation failed"}
{"level":40,"time":1780756934887,"pid":87216,"hostname":"Mac-mini-2.local","msgId":"3EB01D5EF215626523D6E6","trace":"Error [ERR_MODULE_NOT_FOUND]: Cannot find package 'link-preview-js' imported from /Users/ktoclaw/.hermes/hermes-agent/scripts/whatsapp-bridge/node_modules/@whiskeysockets/baileys/lib/Utils/link-preview.js\n    at Object.getPackageJSONURL (node:internal/modules/package_json_reader:301:9)\n    at packageResolve (node:internal/modules/esm/resolve:768:81)\n    at moduleResolve (node:internal/modules/esm/resolve:859:18)\n    at defaultResolve (node:internal/modules/esm/resolve:991:11)\n    at #cachedDefaultResolve (node:internal/modules/esm/loader:713:20)\n    at #resolveAndMaybeBlockOnLoaderThread (node:internal/modules/esm/loader:730:38)\n    at ModuleLoader.resolveSync (node:internal/modules/esm/loader:759:52)\n    at #resolve (node:internal/modules/esm/loader:695:17)\n    at ModuleLoader.getOrCreateModuleJob (node:internal/modules/esm/loader:615:35)\n    at onImport.tracePromise.__proto__ (node:internal/modules/esm/loader:644:32)","msg":"url generation failed"}
{"level":40,"time":1780756938819,"pid":87216,"hostname":"Mac-mini-2.local","msgId":"3EB0B7F141F76ACC24A675","trace":"Error [ERR_MODULE_NOT_FOUND]: Cannot find package 'link-preview-js' imported from /Users/ktoclaw/.hermes/hermes-agent/scripts/whatsapp-bridge/node_modules/@whiskeysockets/baileys/lib/Utils/link-preview.js\n    at Object.getPackageJSONURL (node:internal/modules/package_json_reader:301:9)\n    at packageResolve (node:internal/modules/esm/resolve:768:81)\n    at moduleResolve (node:internal/modules/esm/resolve:859:18)\n    at defaultResolve (node:internal/modules/esm/resolve:991:11)\n    at #cachedDefaultResolve (node:internal/modules/esm/loader:713:20)\n    at #resolveAndMaybeBlockOnLoaderThread (node:internal/modules/esm/loader:730:38)\n    at ModuleLoader.resolveSync (node:internal/modules/esm/loader:759:52)\n    at #resolve (node:internal/modules/esm/loader:695:17)\n    at ModuleLoader.getOrCreateModuleJob (node:internal/modules/esm/loader:615:35)\n    at onImport.tracePromise.__proto__ (node:internal/modules/esm/loader:644:32)","msg":"url generation failed"}
{"level":40,"time":1780756941543,"pid":87216,"hostname":"Mac-mini-2.local","msgId":"3EB0030265951791FA2FBD","trace":"Error [ERR_MODULE_NOT_FOUND]: Cannot find package 'link-preview-js' imported from /Users/ktoclaw/.hermes/hermes-agent/scripts/whatsapp-bridge/node_modules/@whiskeysockets/baileys/lib/Utils/link-preview.js\n    at Object.getPackageJSONURL (node:internal/modules/package_json_reader:301:9)\n    at packageResolve (node:internal/modules/esm/resolve:768:81)\n    at moduleResolve (node:internal/modules/esm/resolve:859:18)\n    at defaultResolve (node:internal/modules/esm/resolve:991:11)\n    at #cachedDefaultResolve (node:internal/modules/esm/loader:713:20)\n    at #resolveAndMaybeBlockOnLoaderThread (node:internal/modules/esm/loader:730:38)\n    at ModuleLoader.resolveSync (node:internal/modules/esm/loader:759:52)\n    at #resolve (node:internal/modules/esm/loader:695:17)\n    at ModuleLoader.getOrCreateModuleJob (node:internal/modules/esm/loader:615:35)\n    at onImport.tracePromise.__proto__ (node:internal/modules/esm/loader:644:32)","msg":"url generation failed"}
{"level":40,"time":1780756944874,"pid":87216,"hostname":"Mac-mini-2.local","msgId":"3EB0409A2A0345F94846F8","trace":"Error [ERR_MODULE_NOT_FOUND]: Cannot find package 'link-preview-js' imported from /Users/ktoclaw/.hermes/hermes-agent/scripts/whatsapp-bridge/node_modules/@whiskeysockets/baileys/lib/Utils/link-preview.js\n    at Object.getPackageJSONURL (node:internal/modules/package_json_reader:301:9)\n    at packageResolve (node:internal/modules/esm/resolve:768:81)\n    at moduleResolve (node:internal/modules/esm/resolve:859:18)\n    at defaultResolve (node:internal/modules/esm/resolve:991:11)\n    at #cachedDefaultResolve (node:internal/modules/esm/loader:713:20)\n    at #resolveAndMaybeBlockOnLoaderThread (node:internal/modules/esm/loader:730:38)\n    at ModuleLoader.resolveSync (node:internal/modules/esm/loader:759:52)\n    at #resolve (node:internal/modules/esm/loader:695:17)\n    at ModuleLoader.getOrCreateModuleJob (node:internal/modules/esm/loader:615:35)\n    at onImport.tracePromise.__proto__ (node:internal/modules/esm/loader:644:32)","msg":"url generation failed"}
{"level":40,"time":1780756947597,"pid":87216,"hostname":"Mac-mini-2.local","msgId":"3EB0CB7B2B1A7CFED38C57","trace":"Error [ERR_MODULE_NOT_FOUND]: Cannot find package 'link-preview-js' imported from /Users/ktoclaw/.hermes/hermes-agent/scripts/whatsapp-bridge/node_modules/@whiskeysockets/baileys/lib/Utils/link-preview.js\n    at Object.getPackageJSONURL (node:internal/modules/package_json_reader:301:9)\n    at packageResolve (node:internal/modules/esm/resolve:768:81)\n    at moduleResolve (node:internal/modules/esm/resolve:859:18)\n    at defaultResolve (node:internal/modules/esm/resolve:991:11)\n    at #cachedDefaultResolve (node:internal/modules/esm/loader:713:20)\n    at #resolveAndMaybeBlockOnLoaderThread (node:internal/modules/esm/loader:730:38)\n    at ModuleLoader.resolveSync (node:internal/modules/esm/loader:759:52)\n    at #resolve (node:internal/modules/esm/loader:695:17)\n    at ModuleLoader.getOrCreateModuleJob (node:internal/modules/esm/loader:615:35)\n    at onImport.tracePromise.__proto__ (node:internal/modules/esm/loader:644:32)","msg":"url generation failed"}
{"level":40,"time":1780756950320,"pid":87216,"hostname":"Mac-mini-2.local","msgId":"3EB0F382C8616CB563F2C9","trace":"Error [ERR_MODULE_NOT_FOUND]: Cannot find package 'link-preview-js' imported from /Users/ktoclaw/.hermes/hermes-agent/scripts/whatsapp-bridge/node_modules/@whiskeysockets/baileys/lib/Utils/link-preview.js\n    at Object.getPackageJSONURL (node:internal/modules/package_json_reader:301:9)\n    at packageResolve (node:internal/modules/esm/resolve:768:81)\n    at moduleResolve (node:internal/modules/esm/resolve:859:18)\n    at defaultResolve (node:internal/modules/esm/resolve:991:11)\n    at #cachedDefaultResolve (node:internal/modules/esm/loader:713:20)\n    at #resolveAndMaybeBlockOnLoaderThread (node:internal/modules/esm/loader:730:38)\n    at ModuleLoader.resolveSync (node:internal/modules/esm/loader:759:52)\n    at #resolve (node:internal/modules/esm/loader:695:17)\n    at ModuleLoader.getOrCreateModuleJob (node:internal/modules/esm/loader:615:35)\n    at onImport.tracePromise.__proto__ (node:internal/modules/esm/loader:644:32)","msg":"url generation failed"}
{"level":40,"time":1780756953647,"pid":87216,"hostname":"Mac-mini-2.local","msgId":"3EB036A20FFD782D97FD35","trace":"Error [ERR_MODULE_NOT_FOUND]: Cannot find package 'link-preview-js' imported from /Users/ktoclaw/.hermes/hermes-agent/scripts/whatsapp-bridge/node_modules/@whiskeysockets/baileys/lib/Utils/link-preview.js\n    at Object.getPackageJSONURL (node:internal/modules/package_json_reader:301:9)\n    at packageResolve (node:internal/modules/esm/resolve:768:81)\n    at moduleResolve (node:internal/modules/esm/resolve:859:18)\n    at defaultResolve (node:internal/modules/esm/resolve:991:11)\n    at #cachedDefaultResolve (node:internal/modules/esm/loader:713:20)\n    at #resolveAndMaybeBlockOnLoaderThread (node:internal/modules/esm/loader:730:38)\n    at ModuleLoader.resolveSync (node:internal/modules/esm/loader:759:52)\n    at #resolve (node:internal/modules/esm/loader:695:17)\n    at ModuleLoader.getOrCreateModuleJob (node:internal/modules/esm/loader:615:35)\n    at onImport.tracePromise.__proto__ (node:internal/modules/esm/loader:644:32)","msg":"url generation failed"}
{"level":40,"time":1780756963882,"pid":87216,"hostname":"Mac-mini-2.local","msgId":"3EB08EEC0E29A195BE2F36","trace":"Error [ERR_MODULE_NOT_FOUND]: Cannot find package 'link-preview-js' imported from /Users/ktoclaw/.hermes/hermes-agent/scripts/whatsapp-bridge/node_modules/@whiskeysockets/baileys/lib/Utils/link-preview.js\n    at Object.getPackageJSONURL (node:internal/modules/package_json_reader:301:9)\n    at packageResolve (node:internal/modules/esm/resolve:768:81)\n    at moduleResolve (node:internal/modules/esm/resolve:859:18)\n    at defaultResolve (node:internal/modules/esm/resolve:991:11)\n    at #cachedDefaultResolve (node:internal/modules/esm/loader:713:20)\n    at #resolveAndMaybeBlockOnLoaderThread (node:internal/modules/esm/loader:730:38)\n    at ModuleLoader.resolveSync (node:internal/modules/esm/loader:759:52)\n    at #resolve (node:internal/modules/esm/loader:695:17)\n    at ModuleLoader.getOrCreateModuleJob (node:internal/modules/esm/loader:615:35)\n    at onImport.tracePromise.__proto__ (node:internal/modules/esm/loader:644:32)","msg":"url generation failed"}
{"level":40,"time":1780756963927,"pid":87216,"hostname":"Mac-mini-2.local","msgId":"3EB0C3BABCEDAE0C381D0F","trace":"Error [ERR_MODULE_NOT_FOUND]: Cannot find package 'link-preview-js' imported from /Users/ktoclaw/.hermes/hermes-agent/scripts/whatsapp-bridge/node_modules/@whiskeysockets/baileys/lib/Utils/link-preview.js\n    at Object.getPackageJSONURL (node:internal/modules/package_json_reader:301:9)\n    at packageResolve (node:internal/modules/esm/resolve:768:81)\n    at moduleResolve (node:internal/modules/esm/resolve:859:18)\n    at defaultResolve (node:internal/modules/esm/resolve:991:11)\n    at #cachedDefaultResolve (node:internal/modules/esm/loader:713:20)\n    at #resolveAndMaybeBlockOnLoaderThread (node:internal/modules/esm/loader:730:38)\n    at ModuleLoader.resolveSync (node:internal/modules/esm/loader:759:52)\n    at #resolve (node:internal/modules/esm/loader:695:17)\n    at ModuleLoader.getOrCreateModuleJob (node:internal/modules/esm/loader:615:35)\n    at onImport.tracePromise.__proto__ (node:internal/modules/esm/loader:644:32)","msg":"url generation failed"}
{"event":"ignored","reason":"allowlist_mismatch","chatId":"60125226892-1567175357@g.us","senderId":"157801410248925@lid"}
{"event":"ignored","reason":"allowlist_mismatch","chatId":"60125226892-1567175357@g.us","senderId":"157801410248925@lid"}
{"event":"ignored","reason":"allowlist_mismatch","chatId":"60125226892-1567175357@g.us","senderId":"157801410248925@lid"}
{"event":"ignored","reason":"allowlist_mismatch","chatId":"60125226892-1567175357@g.us","senderId":"157801410248925@lid"}
{"event":"ignored","reason":"allowlist_mismatch","chatId":"60125226892-1567175357@g.us","senderId":"157801410248925@lid"}
{"event":"ignored","reason":"allowlist_mismatch","chatId":"60125226892-1567175357@g.us","senderId":"157801410248925@lid"}
{"event":"ignored","reason":"allowlist_mismatch","chatId":"60125226892-1567175357@g.us","senderId":"157801410248925@lid"}
{"event":"ignored","reason":"allowlist_mismatch","chatId":"60125226892-1567175357@g.us","senderId":"157801410248925@lid"}
{"event":"ignored","reason":"allowlist_mismatch","chatId":"60125226892-1567175357@g.us","senderId":"157801410248925@lid"}
{"event":"ignored","reason":"allowlist_mismatch","chatId":"60125226892-1567175357@g.us","senderId":"203521437778053@lid"}
{"event":"ignored","reason":"allowlist_mismatch","chatId":"60125226892-1567175357@g.us","senderId":"157801410248925@lid"}
{"event":"ignored","reason":"allowlist_mismatch","chatId":"60125226892-1567175357@g.us","senderId":"157801410248925@lid"}
{"event":"ignored","reason":"allowlist_mismatch","chatId":"60125226892-1567175357@g.us","senderId":"203521437778053@lid"}
Closing session: SessionEntry {
  _chains: {
    Ba7hxZEVxHYxvRlAswqi4SjDRQWxXpCPvREM9yAq7ixF: { chainKey: [Object], chainType: 2, messageKeys: {} },
    Baw2n9AiFva7QOUUTRAHrYfrMBRgf2F9hQkOeaV1cOl8: { chainKey: [Object], chainType: 2, messageKeys: {} },
    'BdkbMi1S8BOb9DySbImasCvTJ49X5aMjKsGn+dlabzdn': { chainKey: [Object], chainType: 2, messageKeys: {} },
    BXLaDjGFNladKvyrbhuUOUcKko4Gt4g4zSCO0lSdCIBT: { chainKey: [Object], chainType: 2, messageKeys: {} },
    BTnt2wGGmnTu9xhZV9Cstayc6mQXqOeGlG7p8OvXpn8l: { chainKey: [Object], chainType: 2, messageKeys: {} },
    'BWaEZJsBE+DMUvXe9CqaKfZqo6r1Jw/2rIbIDuDrzsZc': { chainKey: [Object], chainType: 1, messageKeys: {} }
  },
  registrationId: 964615210,
  currentRatchet: {
    ephemeralKeyPair: {
      pubKey: <Buffer 05 66 84 64 9b 01 13 e0 cc 52 f5 de f4 2a 9a 29 f6 6a a3 aa f5 27 0f f6 ac 86 c8 0e e0 eb ce c6 5c>,
      privKey: <Buffer 18 85 56 37 fa 19 93 68 38 8a d6 c0 cf ad 4a dc 78 ea e3 9d 60 42 b4 ec a3 f0 ab a7 9e 92 ed 7b>
    },
    lastRemoteEphemeralKey: <Buffer 05 39 ed db 01 86 9a 74 ee f7 18 59 57 d0 ac b5 ac 9c ea 64 17 a8 e7 86 94 6e e9 f0 eb d7 a6 7f 25>,
    previousCounter: 1,
    rootKey: <Buffer 75 c3 41 00 56 0d 04 43 56 b2 e0 c2 1f fc 19 50 00 17 a9 53 6f f3 02 96 21 2a c7 da a2 92 67 c9>
  },
  indexInfo: {
    baseKey: <Buffer 05 2a 87 2f da 83 f6 63 aa 36 40 7d a9 e2 d9 1e bc 0a 6c a2 a2 6c 4c 98 2a bf 01 5d 55 bf 51 35 3b>,
    baseKeyType: 1,
    closed: -1,
    used: 1780756896261,
    created: 1780667101343,
    remoteIdentityKey: <Buffer 05 fe 47 cf 1f 55 8d 8f f8 be d8 26 a8 79 33 df 4b e1 a6 55 a1 32 72 49 79 02 d0 b9 aa 31 bc 16 45>
  }
}
Closing session: SessionEntry {
  _chains: {
    'BcrGpH25aiVBh6Js4puzwYxyPecgK1l0ComTlAM7/H0a': { chainKey: [Object], chainType: 1, messageKeys: {} }
  },
  registrationId: 569403322,
  currentRatchet: {
    ephemeralKeyPair: {
      pubKey: <Buffer 05 ca c6 a4 7d b9 6a 25 41 87 a2 6c e2 9b b3 c1 8c 72 3d e7 20 2b 59 74 0a 89 93 94 03 3b fc 7d 1a>,
      privKey: <Buffer d8 b3 31 46 bf 09 0a c2 0a 28 77 f2 c3 78 80 06 b1 5a 23 01 eb 96 01 22 97 97 4a 58 27 0e 73 5b>
    },
    lastRemoteEphemeralKey: <Buffer 05 05 aa bf 87 4d 6b 14 85 de 22 ae 5e a2 00 1c e4 91 2d c6 54 48 a6 9c e3 60 5f 42 9a de e8 a4 6b>,
    previousCounter: 0,
    rootKey: <Buffer a4 61 61 01 24 ff b4 a7 7e 32 06 91 13 47 4d 39 06 ad d4 b9 cf e5 c1 41 01 66 65 6b 9e 2c e1 01>
  },
  indexInfo: {
    baseKey: <Buffer 05 9e dc 72 5d 1f de 7b 01 1a 2b 03 02 e6 6a ca 68 e2 25 e5 ce 88 02 30 23 66 7c a3 a8 98 68 bc 2f>,
    baseKeyType: 1,
    closed: -1,
    used: 1780667101347,
    created: 1780667101347,
    remoteIdentityKey: <Buffer 05 80 f0 71 26 1a b2 e7 9a 91 38 3b cf b5 de 25 fe 0f 36 33 09 32 17 30 7e c3 f2 72 c9 1a 60 c6 1d>
  },
  pendingPreKey: {
    signedKeyId: 757561,
    baseKey: <Buffer 05 9e dc 72 5d 1f de 7b 01 1a 2b 03 02 e6 6a ca 68 e2 25 e5 ce 88 02 30 23 66 7c a3 a8 98 68 bc 2f>,
    preKeyId: 12799238
  }
}
{"level":40,"time":1780913493199,"pid":87216,"hostname":"Mac-mini-2.local","msgId":"3EB07B4C51827E795D8908","trace":"Error [ERR_MODULE_NOT_FOUND]: Cannot find package 'link-preview-js' imported from /Users/ktoclaw/.hermes/hermes-agent/scripts/whatsapp-bridge/node_modules/@whiskeysockets/baileys/lib/Utils/link-preview.js\n    at Object.getPackageJSONURL (node:internal/modules/package_json_reader:301:9)\n    at packageResolve (node:internal/modules/esm/resolve:768:81)\n    at moduleResolve (node:internal/modules/esm/resolve:859:18)\n    at defaultResolve (node:internal/modules/esm/resolve:991:11)\n    at #cachedDefaultResolve (node:internal/modules/esm/loader:713:20)\n    at #resolveAndMaybeBlockOnLoaderThread (node:internal/modules/esm/loader:730:38)\n    at ModuleLoader.resolveSync (node:internal/modules/esm/loader:759:52)\n    at #resolve (node:internal/modules/esm/loader:695:17)\n    at ModuleLoader.getOrCreateModuleJob (node:internal/modules/esm/loader:615:35)\n    at onImport.tracePromise.__proto__ (node:internal/modules/esm/loader:644:32)","msg":"url generation failed"}
{"level":40,"time":1780913498039,"pid":87216,"hostname":"Mac-mini-2.local","msgId":"3EB0906F04C86C6A87DCCB","trace":"Error [ERR_MODULE_NOT_FOUND]: Cannot find package 'link-preview-js' imported from /Users/ktoclaw/.hermes/hermes-agent/scripts/whatsapp-bridge/node_modules/@whiskeysockets/baileys/lib/Utils/link-preview.js\n    at Object.getPackageJSONURL (node:internal/modules/package_json_reader:301:9)\n    at packageResolve (node:internal/modules/esm/resolve:768:81)\n    at moduleResolve (node:internal/modules/esm/resolve:859:18)\n    at defaultResolve (node:internal/modules/esm/resolve:991:11)\n    at #cachedDefaultResolve (node:internal/modules/esm/loader:713:20)\n    at #resolveAndMaybeBlockOnLoaderThread (node:internal/modules/esm/loader:730:38)\n    at ModuleLoader.resolveSync (node:internal/modules/esm/loader:759:52)\n    at #resolve (node:internal/modules/esm/loader:695:17)\n    at ModuleLoader.getOrCreateModuleJob (node:internal/modules/esm/loader:615:35)\n    at onImport.tracePromise.__proto__ (node:internal/modules/esm/loader:644:32)","msg":"url generation failed"}
{"level":40,"time":1780913531982,"pid":87216,"hostname":"Mac-mini-2.local","msgId":"3EB01036784A34670EF806","trace":"Error [ERR_MODULE_NOT_FOUND]: Cannot find package 'link-preview-js' imported from /Users/ktoclaw/.hermes/hermes-agent/scripts/whatsapp-bridge/node_modules/@whiskeysockets/baileys/lib/Utils/link-preview.js\n    at Object.getPackageJSONURL (node:internal/modules/package_json_reader:301:9)\n    at packageResolve (node:internal/modules/esm/resolve:768:81)\n    at moduleResolve (node:internal/modules/esm/resolve:859:18)\n    at defaultResolve (node:internal/modules/esm/resolve:991:11)\n    at #cachedDefaultResolve (node:internal/modules/esm/loader:713:20)\n    at #resolveAndMaybeBlockOnLoaderThread (node:internal/modules/esm/loader:730:38)\n    at ModuleLoader.resolveSync (node:internal/modules/esm/loader:759:52)\n    at #resolve (node:internal/modules/esm/loader:695:17)\n    at ModuleLoader.getOrCreateModuleJob (node:internal/modules/esm/loader:615:35)\n    at onImport.tracePromise.__proto__ (node:internal/modules/esm/loader:644:32)","msg":"url generation failed"}
{"level":40,"time":1780913545967,"pid":87216,"hostname":"Mac-mini-2.local","msgId":"3EB018DA687101F6F0D7BC","trace":"Error [ERR_MODULE_NOT_FOUND]: Cannot find package 'link-preview-js' imported from /Users/ktoclaw/.hermes/hermes-agent/scripts/whatsapp-bridge/node_modules/@whiskeysockets/baileys/lib/Utils/link-preview.js\n    at Object.getPackageJSONURL (node:internal/modules/package_json_reader:301:9)\n    at packageResolve (node:internal/modules/esm/resolve:768:81)\n    at moduleResolve (node:internal/modules/esm/resolve:859:18)\n    at defaultResolve (node:internal/modules/esm/resolve:991:11)\n    at #cachedDefaultResolve (node:internal/modules/esm/loader:713:20)\n    at #resolveAndMaybeBlockOnLoaderThread (node:internal/modules/esm/loader:730:38)\n    at ModuleLoader.resolveSync (node:internal/modules/esm/loader:759:52)\n    at #resolve (node:internal/modules/esm/loader:695:17)\n    at ModuleLoader.getOrCreateModuleJob (node:internal/modules/esm/loader:615:35)\n    at onImport.tracePromise.__proto__ (node:internal/modules/esm/loader:644:32)","msg":"url generation failed"}
{"level":40,"time":1780913556523,"pid":87216,"hostname":"Mac-mini-2.local","msgId":"3EB06E368F88D97DD9D299","trace":"Error [ERR_MODULE_NOT_FOUND]: Cannot find package 'link-preview-js' imported from /Users/ktoclaw/.hermes/hermes-agent/scripts/whatsapp-bridge/node_modules/@whiskeysockets/baileys/lib/Utils/link-preview.js\n    at Object.getPackageJSONURL (node:internal/modules/package_json_reader:301:9)\n    at packageResolve (node:internal/modules/esm/resolve:768:81)\n    at moduleResolve (node:internal/modules/esm/resolve:859:18)\n    at defaultResolve (node:internal/modules/esm/resolve:991:11)\n    at #cachedDefaultResolve (node:internal/modules/esm/loader:713:20)\n    at #resolveAndMaybeBlockOnLoaderThread (node:internal/modules/esm/loader:730:38)\n    at ModuleLoader.resolveSync (node:internal/modules/esm/loader:759:52)\n    at #resolve (node:internal/modules/esm/loader:695:17)\n    at ModuleLoader.getOrCreateModuleJob (node:internal/modules/esm/loader:615:35)\n    at onImport.tracePromise.__proto__ (node:internal/modules/esm/loader:644:32)","msg":"url generation failed"}
{"level":40,"time":1780913559964,"pid":87216,"hostname":"Mac-mini-2.local","msgId":"3EB06AF6D92D1758C776F2","trace":"Error [ERR_MODULE_NOT_FOUND]: Cannot find package 'link-preview-js' imported from /Users/ktoclaw/.hermes/hermes-agent/scripts/whatsapp-bridge/node_modules/@whiskeysockets/baileys/lib/Utils/link-preview.js\n    at Object.getPackageJSONURL (node:internal/modules/package_json_reader:301:9)\n    at packageResolve (node:internal/modules/esm/resolve:768:81)\n    at moduleResolve (node:internal/modules/esm/resolve:859:18)\n    at defaultResolve (node:internal/modules/esm/resolve:991:11)\n    at #cachedDefaultResolve (node:internal/modules/esm/loader:713:20)\n    at #resolveAndMaybeBlockOnLoaderThread (node:internal/modules/esm/loader:730:38)\n    at ModuleLoader.resolveSync (node:internal/modules/esm/loader:759:52)\n    at #resolve (node:internal/modules/esm/loader:695:17)\n    at ModuleLoader.getOrCreateModuleJob (node:internal/modules/esm/loader:615:35)\n    at onImport.tracePromise.__proto__ (node:internal/modules/esm/loader:644:32)","msg":"url generation failed"}
{"level":40,"time":1780913596030,"pid":87216,"hostname":"Mac-mini-2.local","msgId":"3EB02E89A3D20946E7E9E5","trace":"Error [ERR_MODULE_NOT_FOUND]: Cannot find package 'link-preview-js' imported from /Users/ktoclaw/.hermes/hermes-agent/scripts/whatsapp-bridge/node_modules/@whiskeysockets/baileys/lib/Utils/link-preview.js\n    at Object.getPackageJSONURL (node:internal/modules/package_json_reader:301:9)\n    at packageResolve (node:internal/modules/esm/resolve:768:81)\n    at moduleResolve (node:internal/modules/esm/resolve:859:18)\n    at defaultResolve (node:internal/modules/esm/resolve:991:11)\n    at #cachedDefaultResolve (node:internal/modules/esm/loader:713:20)\n    at #resolveAndMaybeBlockOnLoaderThread (node:internal/modules/esm/loader:730:38)\n    at ModuleLoader.resolveSync (node:internal/modules/esm/loader:759:52)\n    at #resolve (node:internal/modules/esm/loader:695:17)\n    at ModuleLoader.getOrCreateModuleJob (node:internal/modules/esm/loader:615:35)\n    at onImport.tracePromise.__proto__ (node:internal/modules/esm/loader:644:32)","msg":"url generation failed"}
{"level":40,"time":1780913602676,"pid":87216,"hostname":"Mac-mini-2.local","msgId":"3EB05952AEF8885B48B3B5","trace":"Error [ERR_MODULE_NOT_FOUND]: Cannot find package 'link-preview-js' imported from /Users/ktoclaw/.hermes/hermes-agent/scripts/whatsapp-bridge/node_modules/@whiskeysockets/baileys/lib/Utils/link-preview.js\n    at Object.getPackageJSONURL (node:internal/modules/package_json_reader:301:9)\n    at packageResolve (node:internal/modules/esm/resolve:768:81)\n    at moduleResolve (node:internal/modules/esm/resolve:859:18)\n    at defaultResolve (node:internal/modules/esm/resolve:991:11)\n    at #cachedDefaultResolve (node:internal/modules/esm/loader:713:20)\n    at #resolveAndMaybeBlockOnLoaderThread (node:internal/modules/esm/loader:730:38)\n    at ModuleLoader.resolveSync (node:internal/modules/esm/loader:759:52)\n    at #resolve (node:internal/modules/esm/loader:695:17)\n    at ModuleLoader.getOrCreateModuleJob (node:internal/modules/esm/loader:615:35)\n    at onImport.tracePromise.__proto__ (node:internal/modules/esm/loader:644:32)","msg":"url generation failed"}
{"level":40,"time":1780913605489,"pid":87216,"hostname":"Mac-mini-2.local","msgId":"3EB0D68A6D49C1D90588D3","trace":"Error [ERR_MODULE_NOT_FOUND]: Cannot find package 'link-preview-js' imported from /Users/ktoclaw/.hermes/hermes-agent/scripts/whatsapp-bridge/node_modules/@whiskeysockets/baileys/lib/Utils/link-preview.js\n    at Object.getPackageJSONURL (node:internal/modules/package_json_reader:301:9)\n    at packageResolve (node:internal/modules/esm/resolve:768:81)\n    at moduleResolve (node:internal/modules/esm/resolve:859:18)\n    at defaultResolve (node:internal/modules/esm/resolve:991:11)\n    at #cachedDefaultResolve (node:internal/modules/esm/loader:713:20)\n    at #resolveAndMaybeBlockOnLoaderThread (node:internal/modules/esm/loader:730:38)\n    at ModuleLoader.resolveSync (node:internal/modules/esm/loader:759:52)\n    at #resolve (node:internal/modules/esm/loader:695:17)\n    at ModuleLoader.getOrCreateModuleJob (node:internal/modules/esm/loader:615:35)\n    at onImport.tracePromise.__proto__ (node:internal/modules/esm/loader:644:32)","msg":"url generation failed"}
{"level":40,"time":1780913609111,"pid":87216,"hostname":"Mac-mini-2.local","msgId":"3EB01BC183C1DF512F90F8","trace":"Error [ERR_MODULE_NOT_FOUND]: Cannot find package 'link-preview-js' imported from /Users/ktoclaw/.hermes/hermes-agent/scripts/whatsapp-bridge/node_modules/@whiskeysockets/baileys/lib/Utils/link-preview.js\n    at Object.getPackageJSONURL (node:internal/modules/package_json_reader:301:9)\n    at packageResolve (node:internal/modules/esm/resolve:768:81)\n    at moduleResolve (node:internal/modules/esm/resolve:859:18)\n    at defaultResolve (node:internal/modules/esm/resolve:991:11)\n    at #cachedDefaultResolve (node:internal/modules/esm/loader:713:20)\n    at #resolveAndMaybeBlockOnLoaderThread (node:internal/modules/esm/loader:730:38)\n    at ModuleLoader.resolveSync (node:internal/modules/esm/loader:759:52)\n    at #resolve (node:internal/modules/esm/loader:695:17)\n    at ModuleLoader.getOrCreateModuleJob (node:internal/modules/esm/loader:615:35)\n    at onImport.tracePromise.__proto__ (node:internal/modules/esm/loader:644:32)","msg":"url generation failed"}
{"event":"ignored","reason":"allowlist_mismatch","chatId":"60125226892-1567175357@g.us","senderId":"157801410248925@lid"}
{"event":"ignored","reason":"allowlist_mismatch","chatId":"60125226892-1567175357@g.us","senderId":"203521437778053@lid"}
{"event":"ignored","reason":"allowlist_mismatch","chatId":"60125226892-1567175357@g.us","senderId":"157801410248925@lid"}
{"event":"ignored","reason":"allowlist_mismatch","chatId":"60125226892-1567175357@g.us","senderId":"203521437778053@lid"}
{"event":"ignored","reason":"allowlist_mismatch","chatId":"60125226892-1567175357@g.us","senderId":"203521437778053@lid"}
{"event":"ignored","reason":"allowlist_mismatch","chatId":"60125226892-1567175357@g.us","senderId":"157801410248925@lid"}
Closing session: SessionEntry {
  _chains: {
    'BYQDiZmoEtLrjKzuC3srlpyCdUHKT84/+jF5x3V+vHQq': { chainKey: [Object], chainType: 1, messageKeys: {} }
  },
  registrationId: 964615210,
  currentRatchet: {
    ephemeralKeyPair: {
      pubKey: <Buffer 05 84 03 89 99 a8 12 d2 eb 8c ac ee 0b 7b 2b 96 9c 82 75 41 ca 4f ce 3f fa 31 79 c7 75 7e bc 74 2a>,
      privKey: <Buffer 50 4c 1a a3 ee d6 27 ea ef 3b fd 70 ac 93 3e 99 ed 38 9e 78 90 2d 14 b2 e8 23 46 31 b1 00 63 53>
    },
    lastRemoteEphemeralKey: <Buffer 05 4a 9a e1 cb 09 82 72 ef ac d5 b5 2c 4c 24 80 43 b5 8e c7 74 6f 87 9f d8 88 6d 37 11 3e e5 4a 62>,
    previousCounter: 0,
    rootKey: <Buffer 54 1e aa 7b f9 cd d5 35 a5 b3 53 24 07 b1 c2 06 f5 3c 51 1d a0 b8 18 4c 2e d0 08 9e c8 d1 74 fa>
  },
  indexInfo: {
    baseKey: <Buffer 05 f6 ba 72 8f 56 73 ba 21 b3 8e 96 34 d6 bd f5 fc ab ab 75 0b 2c dc 74 ca d6 5f 87 a3 5a c4 35 6a>,
    baseKeyType: 1,
    closed: -1,
    used: 1780912802385,
    created: 1780912802385,
    remoteIdentityKey: <Buffer 05 fe 47 cf 1f 55 8d 8f f8 be d8 26 a8 79 33 df 4b e1 a6 55 a1 32 72 49 79 02 d0 b9 aa 31 bc 16 45>
  },
  pendingPreKey: {
    signedKeyId: 11851722,
    baseKey: <Buffer 05 f6 ba 72 8f 56 73 ba 21 b3 8e 96 34 d6 bd f5 fc ab ab 75 0b 2c dc 74 ca d6 5f 87 a3 5a c4 35 6a>,
    preKeyId: 12677
  }
}
Closing session: SessionEntry {
  _chains: {
    'BYsfEIc6xQ5qawsr/3fP8H3/zaTz/K74I562zBHUzU8d': { chainKey: [Object], chainType: 1, messageKeys: {} }
  },
  registrationId: 569403322,
  currentRatchet: {
    ephemeralKeyPair: {
      pubKey: <Buffer 05 8b 1f 10 87 3a c5 0e 6a 6b 0b 2b ff 77 cf f0 7d ff cd a4 f3 fc ae f8 23 9e b6 cc 11 d4 cd 4f 1d>,
      privKey: <Buffer 10 45 76 8f 99 6f ee 65 bf 50 47 ae 89 1e be 97 cb e4 64 0c e8 ef e4 ea 3a e3 b5 a2 26 60 e0 7c>
    },
    lastRemoteEphemeralKey: <Buffer 05 05 aa bf 87 4d 6b 14 85 de 22 ae 5e a2 00 1c e4 91 2d c6 54 48 a6 9c e3 60 5f 42 9a de e8 a4 6b>,
    previousCounter: 0,
    rootKey: <Buffer 41 6e d0 88 f4 e1 24 2a 78 78 1d c4 ff da 18 a1 5c 5c bf d9 db c5 74 71 b9 38 43 dc 75 20 a7 7a>
  },
  indexInfo: {
    baseKey: <Buffer 05 99 49 ba 21 70 eb ca 25 b4 35 de 3b fa 45 a2 92 08 08 40 9b 64 10 d5 f2 eb 3e 76 ef b0 a8 6e 5a>,
    baseKeyType: 1,
    closed: -1,
    used: 1780912802390,
    created: 1780912802390,
    remoteIdentityKey: <Buffer 05 80 f0 71 26 1a b2 e7 9a 91 38 3b cf b5 de 25 fe 0f 36 33 09 32 17 30 7e c3 f2 72 c9 1a 60 c6 1d>
  },
  pendingPreKey: {
    signedKeyId: 757561,
    baseKey: <Buffer 05 99 49 ba 21 70 eb ca 25 b4 35 de 3b fa 45 a2 92 08 08 40 9b 64 10 d5 f2 eb 3e 76 ef b0 a8 6e 5a>,
    preKeyId: 12799246
  }
}
⚠️  Connection closed (reason: 428). Reconnecting in 3s...
✅ WhatsApp connected!
{"level":40,"time":1780933441932,"pid":87216,"hostname":"Mac-mini-2.local","msg":"Timeout in AwaitingInitialSync, forcing state to Online and flushing buffer"}
⚠️  Connection closed (reason: 428). Reconnecting in 3s...
✅ WhatsApp connected!
{"level":40,"time":1780938581539,"pid":87216,"hostname":"Mac-mini-2.local","msg":"Timeout in AwaitingInitialSync, forcing state to Online and flushing buffer"}
⚠️  Connection closed (reason: 428). Reconnecting in 3s...
✅ WhatsApp connected!
{"level":40,"time":1780944983926,"pid":87216,"hostname":"Mac-mini-2.local","msg":"Timeout in AwaitingInitialSync, forcing state to Online and flushing buffer"}
⚠️  Connection closed (reason: 428). Reconnecting in 3s...
✅ WhatsApp connected!
{"level":50,"time":1780948519718,"pid":87216,"hostname":"Mac-mini-2.local","fullErrorNode":{"tag":"stream:error","attrs":{"code":"503"}},"msg":"stream errored out"}
⚠️  Connection closed (reason: 503). Reconnecting in 3s...
✅ WhatsApp connected!
{"level":40,"time":1780948534927,"pid":87216,"hostname":"Mac-mini-2.local","msg":"Timeout in AwaitingInitialSync, forcing state to Online and flushing buffer"}
{"level":40,"time":1780948544344,"pid":87216,"hostname":"Mac-mini-2.local","msg":"Timeout in AwaitingInitialSync, forcing state to Online and flushing buffer"}
⚠️  Connection closed (reason: 428). Reconnecting in 3s...
✅ WhatsApp connected!
{"level":40,"time":1780949670274,"pid":87216,"hostname":"Mac-mini-2.local","msg":"Timeout in AwaitingInitialSync, forcing state to Online and flushing buffer"}
{"level":50,"time":1780955329504,"pid":87216,"hostname":"Mac-mini-2.local","fullErrorNode":{"tag":"stream:error","attrs":{"code":"503"}},"msg":"stream errored out"}
⚠️  Connection closed (reason: 503). Reconnecting in 3s...
✅ WhatsApp connected!
{"level":40,"time":1780955354162,"pid":87216,"hostname":"Mac-mini-2.local","msg":"Timeout in AwaitingInitialSync, forcing state to Online and flushing buffer"}
Closing session: SessionEntry {
  _chains: {
    'BdJ67ezP6tbt1TLRHOe/Hc5AusiYK8+XSgtfIrAMqzsW': { chainKey: [Object], chainType: 1, messageKeys: {} }
  },
  registrationId: 964615210,
  currentRatchet: {
    ephemeralKeyPair: {
      pubKey: <Buffer 05 d2 7a ed ec cf ea d6 ed d5 32 d1 1c e7 bf 1d ce 40 ba c8 98 2b cf 97 4a 0b 5f 22 b0 0c ab 3b 16>,
      privKey: <Buffer 50 bd 7e 0b 29 d3 da 03 d2 40 35 7d 98 31 09 13 a9 81 81 eb fa 9e ad e7 49 1d 5d 99 ae 2b 82 52>
    },
    lastRemoteEphemeralKey: <Buffer 05 4a 9a e1 cb 09 82 72 ef ac d5 b5 2c 4c 24 80 43 b5 8e c7 74 6f 87 9f d8 88 6d 37 11 3e e5 4a 62>,
    previousCounter: 0,
    rootKey: <Buffer 67 07 e0 8d 29 b9 89 30 0c ca a3 3d a5 35 91 63 aa 26 24 32 c0 a4 6e dd 6e 78 66 46 d3 0f b4 a5>
  },
  indexInfo: {
    baseKey: <Buffer 05 61 b6 3c 81 f8 46 c2 f4 2d 89 95 b4 c3 94 c2 52 ed 03 6a 90 a7 55 d6 28 1e 63 d5 31 cb 12 e5 10>,
    baseKeyType: 1,
    closed: -1,
    used: 1780926302532,
    created: 1780926302532,
    remoteIdentityKey: <Buffer 05 fe 47 cf 1f 55 8d 8f f8 be d8 26 a8 79 33 df 4b e1 a6 55 a1 32 72 49 79 02 d0 b9 aa 31 bc 16 45>
  },
  pendingPreKey: {
    signedKeyId: 11851722,
    baseKey: <Buffer 05 61 b6 3c 81 f8 46 c2 f4 2d 89 95 b4 c3 94 c2 52 ed 03 6a 90 a7 55 d6 28 1e 63 d5 31 cb 12 e5 10>,
    preKeyId: 12671
  }
}
Closing session: SessionEntry {
  _chains: {
    'BVTpdaQKdAGc1qwHL0gp0ExylqorWGAIyCsrKU/ELx0U': { chainKey: [Object], chainType: 1, messageKeys: {} }
  },
  registrationId: 569403322,
  currentRatchet: {
    ephemeralKeyPair: {
      pubKey: <Buffer 05 54 e9 75 a4 0a 74 01 9c d6 ac 07 2f 48 29 d0 4c 72 96 aa 2b 58 60 08 c8 2b 2b 29 4f c4 2f 1d 14>,
      privKey: <Buffer 68 7d 79 0a 20 cd 59 af 45 03 f6 fa 25 64 2c 3b 21 ec 95 c9 8a 95 28 a5 e2 e8 f4 f4 0b f9 cf 50>
    },
    lastRemoteEphemeralKey: <Buffer 05 05 aa bf 87 4d 6b 14 85 de 22 ae 5e a2 00 1c e4 91 2d c6 54 48 a6 9c e3 60 5f 42 9a de e8 a4 6b>,
    previousCounter: 0,
    rootKey: <Buffer 46 48 db 63 b9 70 fd df 97 6f ed ff e4 f6 90 79 35 2b 18 98 ae d9 e5 e0 d9 78 4f b7 c7 a1 c5 90>
  },
  indexInfo: {
    baseKey: <Buffer 05 09 14 52 7d 7a 31 47 ed 40 ae e9 47 2a 5c 0a ae b0 33 73 47 cb ac 7b 89 2b b8 dc 4b 06 b1 df 36>,
    baseKeyType: 1,
    closed: -1,
    used: 1780926302538,
    created: 1780926302538,
    remoteIdentityKey: <Buffer 05 80 f0 71 26 1a b2 e7 9a 91 38 3b cf b5 de 25 fe 0f 36 33 09 32 17 30 7e c3 f2 72 c9 1a 60 c6 1d>
  },
  pendingPreKey: {
    signedKeyId: 757561,
    baseKey: <Buffer 05 09 14 52 7d 7a 31 47 ed 40 ae e9 47 2a 5c 0a ae b0 33 73 47 cb ac 7b 89 2b b8 dc 4b 06 b1 df 36>,
    preKeyId: 12799274
  }
}
Removing old closed session: SessionEntry {
  _chains: {
    BSR9a2qRNz59GN6zoGu6gY6EPtMbSe6hqyVAWaF0ESYf: { chainKey: [Object], chainType: 2, messageKeys: [Object] },
    'BU/Qf9vRc3uZE0hUOd9h/C3mTpnK7HUBf8MoxrxOUbA5': { chainKey: [Object], chainType: 1, messageKeys: {} }
  },
  registrationId: 569403322,
  currentRatchet: {
    ephemeralKeyPair: {
      pubKey: <Buffer 05 4f d0 7f db d1 73 7b 99 13 48 54 39 df 61 fc 2d e6 4e 99 ca ec 75 01 7f c3 28 c6 bc 4e 51 b0 39>,
      privKey: <Buffer d0 f8 03 ce 8e 17 5d ec 88 6c 10 30 cf 27 8b 5e dc b3 0d 18 d0 48 26 86 48 e9 93 07 3a 23 5d 7e>
    },
    lastRemoteEphemeralKey: <Buffer 05 24 7d 6b 6a 91 37 3e 7d 18 de b3 a0 6b ba 81 8e 84 3e d3 1b 49 ee a1 ab 25 40 59 a1 74 11 26 1f>,
    previousCounter: 0,
    rootKey: <Buffer dc 4b 37 76 ea 67 ef 9b d9 09 20 2a af c1 db 3e 7f 54 76 4a da b8 6e 02 00 11 25 8c 37 16 81 99>
  },
  indexInfo: {
    baseKey: <Buffer 05 09 b0 a2 76 40 ad 86 1d 67 fd ca 3a 07 13 7f 84 f1 60 06 d5 a8 06 7c 84 53 93 dc 68 78 8d df 19>,
    baseKeyType: 2,
    closed: 1779286988428,
    used: 1779286745244,
    created: 1779286745244,
    remoteIdentityKey: <Buffer 05 80 f0 71 26 1a b2 e7 9a 91 38 3b cf b5 de 25 fe 0f 36 33 09 32 17 30 7e c3 f2 72 c9 1a 60 c6 1d>
  }
}
{"event":"ignored","reason":"allowlist_mismatch","chatId":"120363145668140275@g.us","senderId":"255606590058731@lid"}
{"event":"ignored","reason":"allowlist_mismatch","chatId":"120363145668140275@g.us","senderId":"255606590058731@lid"}
{"event":"ignored","reason":"allowlist_mismatch","chatId":"120363145668140275@g.us","senderId":"255606590058731@lid"}
{"event":"ignored","reason":"allowlist_mismatch","chatId":"120363145668140275@g.us","senderId":"255606590058731@lid"}
{"event":"ignored","reason":"allowlist_mismatch","chatId":"120363145668140275@g.us","senderId":"255606590058731@lid"}
{"event":"ignored","reason":"allowlist_mismatch","chatId":"120363145668140275@g.us","senderId":"255606590058731@lid"}
{"event":"ignored","reason":"allowlist_mismatch","chatId":"120363145668140275@g.us","senderId":"255606590058731@lid"}
{"event":"ignored","reason":"allowlist_mismatch","chatId":"120363145668140275@g.us","senderId":"255606590058731@lid"}
{"event":"ignored","reason":"allowlist_mismatch","chatId":"120363145668140275@g.us","senderId":"255606590058731@lid"}
{"event":"ignored","reason":"allowlist_mismatch","chatId":"120363145668140275@g.us","senderId":"255606590058731@lid"}
{"event":"ignored","reason":"allowlist_mismatch","chatId":"120363145668140275@g.us","senderId":"255606590058731@lid"}
{"event":"ignored","reason":"allowlist_mismatch","chatId":"120363145668140275@g.us","senderId":"255606590058731@lid"}
Closing session: SessionEntry {
  _chains: {
    'Bc7W5jM527/NlIrjnux9UL8Abw10S9hJXJIQrMV1C2hb': { chainKey: [Object], chainType: 1, messageKeys: {} }
  },
  registrationId: 964615210,
  currentRatchet: {
    ephemeralKeyPair: {
      pubKey: <Buffer 05 ce d6 e6 33 39 db bf cd 94 8a e3 9e ec 7d 50 bf 00 6f 0d 74 4b d8 49 5c 92 10 ac c5 75 0b 68 5b>,
      privKey: <Buffer 78 e6 40 28 94 74 4e b4 d1 dc 36 d9 da bc 96 7f 05 25 6b 1e cc 01 b1 e5 12 a5 86 ac 05 29 3f 4f>
    },
    lastRemoteEphemeralKey: <Buffer 05 4a 9a e1 cb 09 82 72 ef ac d5 b5 2c 4c 24 80 43 b5 8e c7 74 6f 87 9f d8 88 6d 37 11 3e e5 4a 62>,
    previousCounter: 0,
    rootKey: <Buffer d1 10 ec 5b 37 53 48 2b 5f c7 ea 36 5b 2b f6 99 30 5f f4 17 c4 3e 04 1a 7c cd ee 3b c9 70 ea 67>
  },
  indexInfo: {
    baseKey: <Buffer 05 21 95 b6 5f 1f d8 12 6d 80 de 2d f4 be 17 38 c3 9b 87 de 79 b5 9f 56 8f 5a c7 b8 55 c8 1f d1 49>,
    baseKeyType: 1,
    closed: -1,
    used: 1780999201355,
    created: 1780999201355,
    remoteIdentityKey: <Buffer 05 fe 47 cf 1f 55 8d 8f f8 be d8 26 a8 79 33 df 4b e1 a6 55 a1 32 72 49 79 02 d0 b9 aa 31 bc 16 45>
  },
  pendingPreKey: {
    signedKeyId: 11851722,
    baseKey: <Buffer 05 21 95 b6 5f 1f d8 12 6d 80 de 2d f4 be 17 38 c3 9b 87 de 79 b5 9f 56 8f 5a c7 b8 55 c8 1f d1 49>,
    preKeyId: 12716
  }
}
Closing session: SessionEntry {
  _chains: {
    BdSnMiE3qMt7N7htJjQuuONi670K9fr6ukbdYtVkn1xt: { chainKey: [Object], chainType: 1, messageKeys: {} }
  },
  registrationId: 569403322,
  currentRatchet: {
    ephemeralKeyPair: {
      pubKey: <Buffer 05 d4 a7 32 21 37 a8 cb 7b 37 b8 6d 26 34 2e b8 e3 62 eb bd 0a f5 fa fa ba 46 dd 62 d5 64 9f 5c 6d>,
      privKey: <Buffer e8 e9 2d e0 3a 84 f4 17 74 0b f0 12 c2 c1 e7 64 dd 6e b8 b1 6c 64 88 fd 89 61 bd 70 89 e3 38 76>
    },
    lastRemoteEphemeralKey: <Buffer 05 05 aa bf 87 4d 6b 14 85 de 22 ae 5e a2 00 1c e4 91 2d c6 54 48 a6 9c e3 60 5f 42 9a de e8 a4 6b>,
    previousCounter: 0,
    rootKey: <Buffer 5a 44 4c 05 7c c0 d1 9d c2 ba 66 27 91 22 34 dd 05 f1 68 02 f3 a4 18 9f f1 34 56 cc 5c cb a9 a5>
  },
  indexInfo: {
    baseKey: <Buffer 05 c3 51 7f 4a c3 e4 d5 31 8c 16 cc 6f c5 c2 b4 8d 46 40 e3 39 f4 b9 22 24 17 b1 65 69 06 52 19 5c>,
    baseKeyType: 1,
    closed: -1,
    used: 1780999201360,
    created: 1780999201360,
    remoteIdentityKey: <Buffer 05 80 f0 71 26 1a b2 e7 9a 91 38 3b cf b5 de 25 fe 0f 36 33 09 32 17 30 7e c3 f2 72 c9 1a 60 c6 1d>
  },
  pendingPreKey: {
    signedKeyId: 757561,
    baseKey: <Buffer 05 c3 51 7f 4a c3 e4 d5 31 8c 16 cc 6f c5 c2 b4 8d 46 40 e3 39 f4 b9 22 24 17 b1 65 69 06 52 19 5c>,
    preKeyId: 12799239
  }
}
Removing old closed session: SessionEntry {
  _chains: {
    BS6ofPAj18ytVGUrDgqimYZmITFWMQ1Qg6dCYwblxexm: { chainKey: [Object], chainType: 1, messageKeys: {} }
  },
  registrationId: 569403322,
  currentRatchet: {
    ephemeralKeyPair: {
      pubKey: <Buffer 05 2e a8 7c f0 23 d7 cc ad 54 65 2b 0e 0a a2 99 86 66 21 31 56 31 0d 50 83 a7 42 63 06 e5 c5 ec 66>,
      privKey: <Buffer 80 93 1a 4d 25 c0 69 df 01 b4 c5 40 48 6c 8c eb d0 42 57 ae 72 7e fd 46 a5 f9 11 15 ec 2c 9c 4b>
    },
    lastRemoteEphemeralKey: <Buffer 05 1b 20 7a e9 f0 d8 15 81 58 cf ee 36 81 b1 e0 19 48 17 f1 e0 c8 9d 51 45 98 3f b6 28 bc c0 29 45>,
    previousCounter: 0,
    rootKey: <Buffer 63 59 3d e9 1c 99 61 a6 2d b3 1c 8e 47 7a 40 2e a5 36 8e a8 a1 7b a7 3a a9 b5 04 c9 f2 5b 90 00>
  },
  indexInfo: {
    baseKey: <Buffer 05 3d 95 b0 7f cf 0a 3f 13 08 c5 d2 14 46 16 d3 05 50 cb 3b ad f5 fb a4 d3 dd 11 3d 0f f4 64 f4 7f>,
    baseKeyType: 1,
    closed: 1779287513128,
    used: 1779286988426,
    created: 1779286988426,
    remoteIdentityKey: <Buffer 05 80 f0 71 26 1a b2 e7 9a 91 38 3b cf b5 de 25 fe 0f 36 33 09 32 17 30 7e c3 f2 72 c9 1a 60 c6 1d>
  },
  pendingPreKey: {
    signedKeyId: 757560,
    baseKey: <Buffer 05 3d 95 b0 7f cf 0a 3f 13 08 c5 d2 14 46 16 d3 05 50 cb 3b ad f5 fb a4 d3 dd 11 3d 0f f4 64 f4 7f>,
    preKeyId: 12799347
  }
}
Removing old closed session: SessionEntry {
  _chains: {
    'BTd1TTZPqWRugtOS/qLhnthBJRrYRoTE4ClphWqEwGF4': { chainKey: [Object], chainType: 2, messageKeys: {} },
    'BQQUHMx9/qBRvQElBZ59e5Sn3a+IV5THq9XX8Xm9ySJF': { chainKey: [Object], chainType: 1, messageKeys: {} }
  },
  registrationId: 964615210,
  currentRatchet: {
    ephemeralKeyPair: {
      pubKey: <Buffer 05 04 14 1c cc 7d fe a0 51 bd 01 25 05 9e 7d 7b 94 a7 dd af 88 57 94 c7 ab d5 d7 f1 79 bd c9 22 45>,
      privKey: <Buffer 88 54 e6 f1 37 41 3b a3 4c b2 21 8a df e9 ab 6d 67 e8 c4 76 6a 94 83 cf b8 f0 98 02 0f 50 4b 7b>
    },
    lastRemoteEphemeralKey: <Buffer 05 37 75 4d 36 4f a9 64 6e 82 d3 92 fe a2 e1 9e d8 41 25 1a d8 46 84 c4 e0 29 69 85 6a 84 c0 61 78>,
    previousCounter: 0,
    rootKey: <Buffer 85 3e ca dc e0 c3 eb ff 10 ab 4d cb 00 62 e2 6f 44 46 50 a9 c4 d8 8e e8 88 02 fc 08 02 ef 01 b8>
  },
  indexInfo: {
    baseKey: <Buffer 05 ea e5 27 6a 76 15 3e 7e 68 1a 9e 21 31 88 4e 92 82 8c 7d eb 51 ea 92 ca 8a 31 36 4d 96 d3 b2 3a>,
    baseKeyType: 2,
    closed: 1779286988423,
    used: 1779286746149,
    created: 1779286746149,
    remoteIdentityKey: <Buffer 05 fe 47 cf 1f 55 8d 8f f8 be d8 26 a8 79 33 df 4b e1 a6 55 a1 32 72 49 79 02 d0 b9 aa 31 bc 16 45>
  }
}
⚠️  Connection closed (reason: 428). Reconnecting in 3s...
✅ WhatsApp connected!
{"level":40,"time":1781020402796,"pid":87216,"hostname":"Mac-mini-2.local","msg":"Timeout in AwaitingInitialSync, forcing state to Online and flushing buffer"}
⚠️  Connection closed (reason: 428). Reconnecting in 3s...
✅ WhatsApp connected!
{"level":40,"time":1781021825557,"pid":87216,"hostname":"Mac-mini-2.local","msg":"Timeout in AwaitingInitialSync, forcing state to Online and flushing buffer"}
⚠️  Connection closed (reason: 428). Reconnecting in 3s...
✅ WhatsApp connected!
{"level":40,"time":1781023927858,"pid":87216,"hostname":"Mac-mini-2.local","msg":"Timeout in AwaitingInitialSync, forcing state to Online and flushing buffer"}
node:internal/fs/promises:636
  return new FileHandle(await PromisePrototypeThen(
                        ^

Error: ENOSPC: no space left on device, open '/Users/ktoclaw/.hermes/whatsapp/session/creds.json'
    at async open (node:internal/fs/promises:636:25)
    at async writeFile (node:internal/fs/promises:1239:14)
    at async file:///Users/ktoclaw/.hermes/hermes-agent/scripts/whatsapp-bridge/node_modules/@whiskeysockets/baileys/lib/Utils/use-multi-file-auth-state.js:35:17 {
  errno: -28,
  code: 'ENOSPC',
  syscall: 'open',
  path: '/Users/ktoclaw/.hermes/whatsapp/session/creds.json'
}

Node.js v25.6.1
🌉 WhatsApp bridge listening on port 3000 (mode: bot)
📁 Session stored in: /Users/ktoclaw/.hermes/whatsapp/session
🔒 Allowed users: 60125226892

node:internal/fs/promises:636
  return new FileHandle(await PromisePrototypeThen(
                        ^

Error: ENOSPC: no space left on device, open '/Users/ktoclaw/.hermes/whatsapp/session/creds.json'
    at async open (node:internal/fs/promises:636:25)
    at async writeFile (node:internal/fs/promises:1239:14)
    at async file:///Users/ktoclaw/.hermes/hermes-agent/scripts/whatsapp-bridge/node_modules/@whiskeysockets/baileys/lib/Utils/use-multi-file-auth-state.js:35:17 {
  errno: -28,
  code: 'ENOSPC',
  syscall: 'open',
  path: '/Users/ktoclaw/.hermes/whatsapp/session/creds.json'
}

Node.js v25.6.1
🌉 WhatsApp bridge listening on port 3000 (mode: bot)
📁 Session stored in: /Users/ktoclaw/.hermes/whatsapp/session
🔒 Allowed users: 60125226892

node:internal/fs/promises:636
  return new FileHandle(await PromisePrototypeThen(
                        ^

Error: ENOSPC: no space left on device, open '/Users/ktoclaw/.hermes/whatsapp/session/creds.json'
    at async open (node:internal/fs/promises:636:25)
    at async writeFile (node:internal/fs/promises:1239:14)
    at async file:///Users/ktoclaw/.hermes/hermes-agent/scripts/whatsapp-bridge/node_modules/@whiskeysockets/baileys/lib/Utils/use-multi-file-auth-state.js:35:17 {
  errno: -28,
  code: 'ENOSPC',
  syscall: 'open',
  path: '/Users/ktoclaw/.hermes/whatsapp/session/creds.json'
}

Node.js v25.6.1
🌉 WhatsApp bridge listening on port 3000 (mode: bot)
📁 Session stored in: /Users/ktoclaw/.hermes/whatsapp/session
🔒 Allowed users: 60125226892

node:internal/fs/promises:636
  return new FileHandle(await PromisePrototypeThen(
                        ^

Error: ENOSPC: no space left on device, open '/Users/ktoclaw/.hermes/whatsapp/session/creds.json'
    at async open (node:internal/fs/promises:636:25)
    at async writeFile (node:internal/fs/promises:1239:14)
    at async file:///Users/ktoclaw/.hermes/hermes-agent/scripts/whatsapp-bridge/node_modules/@whiskeysockets/baileys/lib/Utils/use-multi-file-auth-state.js:35:17 {
  errno: -28,
  code: 'ENOSPC',
  syscall: 'open',
  path: '/Users/ktoclaw/.hermes/whatsapp/session/creds.json'
}

Node.js v25.6.1
🌉 WhatsApp bridge listening on port 3000 (mode: bot)
📁 Session stored in: /Users/ktoclaw/.hermes/whatsapp/session
🔒 Allowed users: 60125226892

node:internal/fs/promises:636
  return new FileHandle(await PromisePrototypeThen(
                        ^

Error: ENOSPC: no space left on device, open '/Users/ktoclaw/.hermes/whatsapp/session/creds.json'
    at async open (node:internal/fs/promises:636:25)
    at async writeFile (node:internal/fs/promises:1239:14)
    at async file:///Users/ktoclaw/.hermes/hermes-agent/scripts/whatsapp-bridge/node_modules/@whiskeysockets/baileys/lib/Utils/use-multi-file-auth-state.js:35:17 {
  errno: -28,
  code: 'ENOSPC',
  syscall: 'open',
  path: '/Users/ktoclaw/.hermes/whatsapp/session/creds.json'
}

Node.js v25.6.1
🌉 WhatsApp bridge listening on port 3000 (mode: bot)
📁 Session stored in: /Users/ktoclaw/.hermes/whatsapp/session
🔒 Allowed users: 60125226892

node:internal/fs/promises:636
  return new FileHandle(await PromisePrototypeThen(
                        ^

Error: ENOSPC: no space left on device, open '/Users/ktoclaw/.hermes/whatsapp/session/creds.json'
    at async open (node:internal/fs/promises:636:25)
    at async writeFile (node:internal/fs/promises:1239:14)
    at async file:///Users/ktoclaw/.hermes/hermes-agent/scripts/whatsapp-bridge/node_modules/@whiskeysockets/baileys/lib/Utils/use-multi-file-auth-state.js:35:17 {
  errno: -28,
  code: 'ENOSPC',
  syscall: 'open',
  path: '/Users/ktoclaw/.hermes/whatsapp/session/creds.json'
}

Node.js v25.6.1
🌉 WhatsApp bridge listening on port 3000 (mode: bot)
📁 Session stored in: /Users/ktoclaw/.hermes/whatsapp/session
🔒 Allowed users: 60125226892

node:internal/fs/promises:636
  return new FileHandle(await PromisePrototypeThen(
                        ^

Error: ENOSPC: no space left on device, open '/Users/ktoclaw/.hermes/whatsapp/session/creds.json'
    at async open (node:internal/fs/promises:636:25)
    at async writeFile (node:internal/fs/promises:1239:14)
    at async file:///Users/ktoclaw/.hermes/hermes-agent/scripts/whatsapp-bridge/node_modules/@whiskeysockets/baileys/lib/Utils/use-multi-file-auth-state.js:35:17 {
  errno: -28,
  code: 'ENOSPC',
  syscall: 'open',
  path: '/Users/ktoclaw/.hermes/whatsapp/session/creds.json'
}

Node.js v25.6.1
🌉 WhatsApp bridge listening on port 3000 (mode: bot)
📁 Session stored in: /Users/ktoclaw/.hermes/whatsapp/session
🔒 Allowed users: 60125226892

node:internal/fs/promises:636
  return new FileHandle(await PromisePrototypeThen(
                        ^

Error: ENOSPC: no space left on device, open '/Users/ktoclaw/.hermes/whatsapp/session/creds.json'
    at async open (node:internal/fs/promises:636:25)
    at async writeFile (node:internal/fs/promises:1239:14)
    at async file:///Users/ktoclaw/.hermes/hermes-agent/scripts/whatsapp-bridge/node_modules/@whiskeysockets/baileys/lib/Utils/use-multi-file-auth-state.js:35:17 {
  errno: -28,
  code: 'ENOSPC',
  syscall: 'open',
  path: '/Users/ktoclaw/.hermes/whatsapp/session/creds.json'
}

Node.js v25.6.1
🌉 WhatsApp bridge listening on port 3000 (mode: bot)
📁 Session stored in: /Users/ktoclaw/.hermes/whatsapp/session
🔒 Allowed users: 60125226892

node:internal/fs/promises:636
  return new FileHandle(await PromisePrototypeThen(
                        ^

Error: ENOSPC: no space left on device, open '/Users/ktoclaw/.hermes/whatsapp/session/creds.json'
    at async open (node:internal/fs/promises:636:25)
    at async writeFile (node:internal/fs/promises:1239:14)
    at async file:///Users/ktoclaw/.hermes/hermes-agent/scripts/whatsapp-bridge/node_modules/@whiskeysockets/baileys/lib/Utils/use-multi-file-auth-state.js:35:17 {
  errno: -28,
  code: 'ENOSPC',
  syscall: 'open',
  path: '/Users/ktoclaw/.hermes/whatsapp/session/creds.json'
}

Node.js v25.6.1
🌉 WhatsApp bridge listening on port 3000 (mode: bot)
📁 Session stored in: /Users/ktoclaw/.hermes/whatsapp/session
🔒 Allowed users: 60125226892

node:internal/fs/promises:636
  return new FileHandle(await PromisePrototypeThen(
                        ^

Error: ENOSPC: no space left on device, open '/Users/ktoclaw/.hermes/whatsapp/session/creds.json'
    at async open (node:internal/fs/promises:636:25)
    at async writeFile (node:internal/fs/promises:1239:14)
    at async file:///Users/ktoclaw/.hermes/hermes-agent/scripts/whatsapp-bridge/node_modules/@whiskeysockets/baileys/lib/Utils/use-multi-file-auth-state.js:35:17 {
  errno: -28,
  code: 'ENOSPC',
  syscall: 'open',
  path: '/Users/ktoclaw/.hermes/whatsapp/session/creds.json'
}

Node.js v25.6.1
🌉 WhatsApp bridge listening on port 3000 (mode: bot)
📁 Session stored in: /Users/ktoclaw/.hermes/whatsapp/session
🔒 Allowed users: 60125226892

node:internal/fs/promises:636
  return new FileHandle(await PromisePrototypeThen(
                        ^

Error: ENOSPC: no space left on device, open '/Users/ktoclaw/.hermes/whatsapp/session/creds.json'
    at async open (node:internal/fs/promises:636:25)
    at async writeFile (node:internal/fs/promises:1239:14)
    at async file:///Users/ktoclaw/.hermes/hermes-agent/scripts/whatsapp-bridge/node_modules/@whiskeysockets/baileys/lib/Utils/use-multi-file-auth-state.js:35:17 {
  errno: -28,
  code: 'ENOSPC',
  syscall: 'open',
  path: '/Users/ktoclaw/.hermes/whatsapp/session/creds.json'
}

Node.js v25.6.1
🌉 WhatsApp bridge listening on port 3000 (mode: bot)
📁 Session stored in: /Users/ktoclaw/.hermes/whatsapp/session
🔒 Allowed users: 60125226892

✅ WhatsApp connected!
{"event":"ignored","reason":"allowlist_mismatch","chatId":"60175972035@s.whatsapp.net","senderId":"60175972035@s.whatsapp.net"}
{"level":40,"time":1781049314477,"pid":38697,"hostname":"Mac-mini-2.local","msg":"Timeout in AwaitingInitialSync, forcing state to Online and flushing buffer"}
⚠️  Connection closed (reason: 428). Reconnecting in 3s...
✅ WhatsApp connected!
{"level":40,"time":1781054379583,"pid":38697,"hostname":"Mac-mini-2.local","msg":"Timeout in AwaitingInitialSync, forcing state to Online and flushing buffer"}
{"level":50,"time":1781068475144,"pid":38697,"hostname":"Mac-mini-2.local","fullErrorNode":{"tag":"stream:error","attrs":{"code":"503"}},"msg":"stream errored out"}
⚠️  Connection closed (reason: 503). Reconnecting in 3s...
✅ WhatsApp connected!
{"level":40,"time":1781068499828,"pid":38697,"hostname":"Mac-mini-2.local","msg":"Timeout in AwaitingInitialSync, forcing state to Online and flushing buffer"}
{"level":50,"time":1781085587270,"pid":38697,"hostname":"Mac-mini-2.local","error":{"data":429,"isBoom":true,"isServer":true,"output":{"statusCode":500,"payload":{"statusCode":500,"error":"Internal Server Error","message":"An internal server error occurred"},"headers":{}}},"msg":"transaction failed, rolling back"}
{"level":50,"time":1781085587550,"pid":38697,"hostname":"Mac-mini-2.local","error":{"data":429,"isBoom":true,"isServer":true,"output":{"statusCode":500,"payload":{"statusCode":500,"error":"Internal Server Error","message":"An internal server error occurred"},"headers":{}}},"msg":"transaction failed, rolling back"}
{"level":50,"time":1781085588210,"pid":38697,"hostname":"Mac-mini-2.local","error":{"data":429,"isBoom":true,"isServer":true,"output":{"statusCode":500,"payload":{"statusCode":500,"error":"Internal Server Error","message":"An internal server error occurred"},"headers":{}}},"msg":"transaction failed, rolling back"}
{"level":50,"time":1781085588492,"pid":38697,"hostname":"Mac-mini-2.local","error":{"data":429,"isBoom":true,"isServer":true,"output":{"statusCode":500,"payload":{"statusCode":500,"error":"Internal Server Error","message":"An internal server error occurred"},"headers":{}}},"msg":"transaction failed, rolling back"}
Closing session: SessionEntry {
  _chains: {
    BSZKA9mBDymjrap4CgpiRKVnOtws5f4QP8Q3LGlhQ9lU: { chainKey: [Object], chainType: 2, messageKeys: {} },
    'BS9NavXylt6ChKZwweeFsFDyDcQA9+OaiOY2coPgL+hx': { chainKey: [Object], chainType: 2, messageKeys: {} },
    'BeqAQhQJPwgQRk1K3TH3Pl80NbqSi25uyKpA/j4mTGdT': { chainKey: [Object], chainType: 2, messageKeys: {} },
    'Bfv0DN3BC+tpdIe51rNDzLOMfD4TRyspBtm3CJDhlAxY': { chainKey: [Object], chainType: 2, messageKeys: {} },
    'BebVubgUeYEhphgOkP/0SY1M/cPFBmsmg373P2bKv8Na': { chainKey: [Object], chainType: 2, messageKeys: {} },
    'BezGE9bknuHsMHILtU8FxCr5y+DlIWmz1y2TVP+AP7kG': { chainKey: [Object], chainType: 2, messageKeys: {} },
    'BbvcB971TNmLHwZL66uB4gl3jYn21/CBCIbpwjeyP+Ea': { chainKey: [Object], chainType: 2, messageKeys: {} },
    'BSz5ZPTOiOrH6axtches4xLk0ON/JVcMtCsobBP6t0Et': { chainKey: [Object], chainType: 2, messageKeys: {} },
    'BX+rZL5c8DU8mfQX1HCemoDduCAoeyMG3KNCDSBgzU4v': { chainKey: [Object], chainType: 2, messageKeys: {} },
    BTWZbxu2Ms5g0WA2OCmytQfMhDPRiKiaxEaIaDVTCRZM: { chainKey: [Object], chainType: 2, messageKeys: {} },
    'BaIWhpNflgL9OUBIWWRGcXYuIyPUWcO+h6mJfmhKZfNS': { chainKey: [Object], chainType: 2, messageKeys: {} },
    'BVT7SdnF+XwFaLP+NSEY0OnYAFT6b23FKrvdLmKIDPFD': { chainKey: [Object], chainType: 2, messageKeys: {} },
    BSgEScnAFRmpQ7fPBSoyxNq5YalBfdeqLG6wBak3vhBt: { chainKey: [Object], chainType: 1, messageKeys: {} }
  },
  registrationId: 964615210,
  currentRatchet: {
    ephemeralKeyPair: {
      pubKey: <Buffer 05 28 04 49 c9 c0 15 19 a9 43 b7 cf 05 2a 32 c4 da b9 61 a9 41 7d d7 aa 2c 6e b0 05 a9 37 be 10 6d>,
      privKey: <Buffer 98 6b f2 c4 a3 10 ee 63 63 4d 86 ef 04 d9 a5 7b 91 0e 8e 8e 8f 24 92 33 72 6a ce 43 0d 43 86 5a>
    },
    lastRemoteEphemeralKey: <Buffer 05 54 fb 49 d9 c5 f9 7c 05 68 b3 fe 35 21 18 d0 e9 d8 00 54 fa 6f 6d c5 2a bb dd 2e 62 88 0c f1 43>,
    previousCounter: 13,
    rootKey: <Buffer ec 20 af fb aa f6 0b 63 38 ad 01 27 a0 8d 03 02 e5 88 08 3b 47 67 8a 64 24 a9 ae 52 25 72 e5 61>
  },
  indexInfo: {
    baseKey: <Buffer 05 e9 67 eb fb 19 44 db b9 78 ce 54 64 c1 46 0a 32 57 4c 74 c8 c8 88 9e df 51 a4 99 ed fc aa a5 0d>,
    baseKeyType: 1,
    closed: -1,
    used: 1781085562954,
    created: 1781012701958,
    remoteIdentityKey: <Buffer 05 fe 47 cf 1f 55 8d 8f f8 be d8 26 a8 79 33 df 4b e1 a6 55 a1 32 72 49 79 02 d0 b9 aa 31 bc 16 45>
  }
}
Closing session: SessionEntry {
  _chains: {
    'BfL1rmB44foXCDG08+5Gtmj/ZX3uO9zU/b+F/SW9jxNU': { chainKey: [Object], chainType: 2, messageKeys: {} },
    BYiXi5qsbFwxFrTddEQnYQY9oOuSyzofchrzUOgkVrNQ: { chainKey: [Object], chainType: 1, messageKeys: {} }
  },
  registrationId: 569403322,
  currentRatchet: {
    ephemeralKeyPair: {
      pubKey: <Buffer 05 88 97 8b 9a ac 6c 5c 31 16 b4 dd 74 44 27 61 06 3d a0 eb 92 cb 3a 1f 72 1a f3 50 e8 24 56 b3 50>,
      privKey: <Buffer 40 6f bd ff aa 9c 4f 69 8f a0 f7 20 18 77 8b f9 a5 22 1e 4f 30 02 45 5a 39 bd f4 2d 9f e8 ba 74>
    },
    lastRemoteEphemeralKey: <Buffer 05 f2 f5 ae 60 78 e1 fa 17 08 31 b4 f3 ee 46 b6 68 ff 65 7d ee 3b dc d4 fd bf 85 fd 25 bd 8f 13 54>,
    previousCounter: 0,
    rootKey: <Buffer 0d e4 7a 23 89 4d 1d 62 0f 74 d0 a2 39 0e e5 1f 18 d8 1c 84 12 40 a3 61 ca 3a 1e 04 0d 13 53 7b>
  },
  indexInfo: {
    baseKey: <Buffer 05 2c d9 8a 2f d0 ce f0 d1 f4 29 b2 23 fa 73 8f fd 87 6a b2 1a be d3 c8 35 97 a6 0b 5f 3c ef 66 49>,
    baseKeyType: 1,
    closed: -1,
    used: 1781049294575,
    created: 1781012701963,
    remoteIdentityKey: <Buffer 05 80 f0 71 26 1a b2 e7 9a 91 38 3b cf b5 de 25 fe 0f 36 33 09 32 17 30 7e c3 f2 72 c9 1a 60 c6 1d>
  }
}
Removing old closed session: SessionEntry {
  _chains: {
    BWWgkFt5hbHfUk2Z36wCJIAmQlex5nqh3Mrg1kaHhHkz: { chainKey: [Object], chainType: 1, messageKeys: {} }
  },
  registrationId: 569403322,
  currentRatchet: {
    ephemeralKeyPair: {
      pubKey: <Buffer 05 65 a0 90 5b 79 85 b1 df 52 4d 99 df ac 02 24 80 26 42 57 b1 e6 7a a1 dc ca e0 d6 46 87 84 79 33>,
      privKey: <Buffer d8 24 5f f5 03 31 16 76 4f df 05 07 5c 07 d1 a1 b2 53 94 ac 84 a3 45 1f f6 2a 9e 76 84 2a 14 44>
    },
    lastRemoteEphemeralKey: <Buffer 05 1b 20 7a e9 f0 d8 15 81 58 cf ee 36 81 b1 e0 19 48 17 f1 e0 c8 9d 51 45 98 3f b6 28 bc c0 29 45>,
    previousCounter: 0,
    rootKey: <Buffer 02 fa 88 40 b0 52 c8 52 81 b2 cd 5a 33 f3 9b e3 78 b2 b0 6a 97 91 2f f5 3a f6 94 2a 1f 5c ad 5c>
  },
  indexInfo: {
    baseKey: <Buffer 05 0a 0d e4 ee 7e 90 01 99 ec 7a 82 74 39 40 94 14 cf bc 7b e7 b3 c2 f5 75 a9 ce 81 85 b9 94 f8 0c>,
    baseKeyType: 1,
    closed: 1779288223385,
    used: 1779287513127,
    created: 1779287513127,
    remoteIdentityKey: <Buffer 05 80 f0 71 26 1a b2 e7 9a 91 38 3b cf b5 de 25 fe 0f 36 33 09 32 17 30 7e c3 f2 72 c9 1a 60 c6 1d>
  },
  pendingPreKey: {
    signedKeyId: 757560,
    baseKey: <Buffer 05 0a 0d e4 ee 7e 90 01 99 ec 7a 82 74 39 40 94 14 cf bc 7b e7 b3 c2 f5 75 a9 ce 81 85 b9 94 f8 0c>,
    preKeyId: 12799156
  }
}
Removing old closed session: SessionEntry {
  _chains: {
    'Bf6+QbHyI1SYfQ761yLA8DKytdApA2O2pNcnCQBZFocA': { chainKey: [Object], chainType: 2, messageKeys: {} },
    'BXd9pb4J6Wzwn+bLnT6/d5wbnGloJ3KC/uYaD/ub8AYD': { chainKey: [Object], chainType: 1, messageKeys: {} }
  },
  registrationId: 964615210,
  currentRatchet: {
    ephemeralKeyPair: {
      pubKey: <Buffer 05 77 7d a5 be 09 e9 6c f0 9f e6 cb 9d 3e bf 77 9c 1b 9c 69 68 27 72 82 fe e6 1a 0f fb 9b f0 06 03>,
      privKey: <Buffer 30 88 08 68 6e 4d cf 3d 49 9a 50 21 0f 39 89 00 89 2c 45 96 7d 77 21 47 af f0 71 d5 0e 02 20 50>
    },
    lastRemoteEphemeralKey: <Buffer 05 fe be 41 b1 f2 23 54 98 7d 0e fa d7 22 c0 f0 32 b2 b5 d0 29 03 63 b6 a4 d7 27 09 00 59 16 87 00>,
    previousCounter: 0,
    rootKey: <Buffer f3 ea 5f e7 7e f2 c2 00 9b 74 ef 40 4a 2c f3 d8 d8 f5 97 7b 92 47 b1 ce 06 97 41 b9 08 36 8d d2>
  },
  indexInfo: {
    baseKey: <Buffer 05 04 c5 17 1c 5f 92 76 cd af 44 13 17 17 de 1e 27 a8 84 07 5a ad 1b 4e 26 1e 4e 35 e1 c7 cc f8 21>,
    baseKeyType: 1,
    closed: 1779287513124,
    used: 1779287506949,
    created: 1779286988415,
    remoteIdentityKey: <Buffer 05 fe 47 cf 1f 55 8d 8f f8 be d8 26 a8 79 33 df 4b e1 a6 55 a1 32 72 49 79 02 d0 b9 aa 31 bc 16 45>
  }
}
⚠️  Connection closed (reason: 428). Reconnecting in 3s...
✅ WhatsApp connected!
{"level":40,"time":1781092286772,"pid":38697,"hostname":"Mac-mini-2.local","msg":"Timeout in AwaitingInitialSync, forcing state to Online and flushing buffer"}
Closing session: SessionEntry {
  _chains: {
    BQ5CDOR8YPqvLuy4Iia5AQ8kbznpSxGYb3rhqwOcGahA: { chainKey: [Object], chainType: 1, messageKeys: {} }
  },
  registrationId: 964615210,
  currentRatchet: {
    ephemeralKeyPair: {
      pubKey: <Buffer 05 0e 42 0c e4 7c 60 fa af 2e ec b8 22 26 b9 01 0f 24 6f 39 e9 4b 11 98 6f 7a e1 ab 03 9c 19 a8 40>,
      privKey: <Buffer 20 d9 ec a7 08 36 11 f2 1c af 68 f2 40 d0 2a 04 6e af 4f 06 a9 a3 c3 8b 09 b8 a7 78 15 21 ee 46>
    },
    lastRemoteEphemeralKey: <Buffer 05 4a 9a e1 cb 09 82 72 ef ac d5 b5 2c 4c 24 80 43 b5 8e c7 74 6f 87 9f d8 88 6d 37 11 3e e5 4a 62>,
    previousCounter: 0,
    rootKey: <Buffer 14 b5 0d fa ab a2 41 19 67 7e 0a 7c 71 9d 79 67 63 a4 d3 cf 93 f4 f0 a7 24 df 45 ca 63 a3 ff 3d>
  },
  indexInfo: {
    baseKey: <Buffer 05 3f d1 19 50 d8 22 b6 90 be 76 81 d6 4d 9a a3 c5 22 e7 61 d3 67 9d 4d 64 c7 c5 f3 bd 86 6c fa 23>,
    baseKeyType: 1,
    closed: -1,
    used: 1781085601532,
    created: 1781085601532,
    remoteIdentityKey: <Buffer 05 fe 47 cf 1f 55 8d 8f f8 be d8 26 a8 79 33 df 4b e1 a6 55 a1 32 72 49 79 02 d0 b9 aa 31 bc 16 45>
  },
  pendingPreKey: {
    signedKeyId: 11851722,
    baseKey: <Buffer 05 3f d1 19 50 d8 22 b6 90 be 76 81 d6 4d 9a a3 c5 22 e7 61 d3 67 9d 4d 64 c7 c5 f3 bd 86 6c fa 23>,
    preKeyId: 12530
  }
}
Closing session: SessionEntry {
  _chains: {
    'BW/vqXg1bJU2hyMqmAEb9PXQr0D41ptWgDOSHvUTg+Mz': { chainKey: [Object], chainType: 1, messageKeys: {} }
  },
  registrationId: 569403322,
  currentRatchet: {
    ephemeralKeyPair: {
      pubKey: <Buffer 05 6f ef a9 78 35 6c 95 36 87 23 2a 98 01 1b f4 f5 d0 af 40 f8 d6 9b 56 80 33 92 1e f5 13 83 e3 33>,
      privKey: <Buffer 10 6e 89 09 04 4f 68 d4 b5 41 7c c0 59 3e 2f f9 ae de 56 cd 95 d2 de a1 18 8a 03 54 5c 34 2f 57>
    },
    lastRemoteEphemeralKey: <Buffer 05 05 aa bf 87 4d 6b 14 85 de 22 ae 5e a2 00 1c e4 91 2d c6 54 48 a6 9c e3 60 5f 42 9a de e8 a4 6b>,
    previousCounter: 0,
    rootKey: <Buffer ca 22 4f 1d 5b d9 39 56 54 64 36 58 61 fa ad 10 6f 6d ca 6e 09 4d e8 f8 4c 63 b3 3e 77 b6 3a fc>
  },
  indexInfo: {
    baseKey: <Buffer 05 db f8 d3 ed db ab 06 5a 8d 86 1f 13 a3 d1 54 7a 4c 45 b6 14 a1 de 0d 1a b0 c9 96 fa 5d 95 3d 1f>,
    baseKeyType: 1,
    closed: -1,
    used: 1781085601549,
    created: 1781085601549,
    remoteIdentityKey: <Buffer 05 80 f0 71 26 1a b2 e7 9a 91 38 3b cf b5 de 25 fe 0f 36 33 09 32 17 30 7e c3 f2 72 c9 1a 60 c6 1d>
  },
  pendingPreKey: {
    signedKeyId: 757561,
    baseKey: <Buffer 05 db f8 d3 ed db ab 06 5a 8d 86 1f 13 a3 d1 54 7a 4c 45 b6 14 a1 de 0d 1a b0 c9 96 fa 5d 95 3d 1f>,
    preKeyId: 12799242
  }
}
Removing old closed session: SessionEntry {
  _chains: {
    'BQjmPsc+BNBkBQcGmMvhRzwnJLO/1eYPMGBM5D4QoMA3': { chainKey: [Object], chainType: 1, messageKeys: {} }
  },
  registrationId: 569403322,
  currentRatchet: {
    ephemeralKeyPair: {
      pubKey: <Buffer 05 08 e6 3e c7 3e 04 d0 64 05 07 06 98 cb e1 47 3c 27 24 b3 bf d5 e6 0f 30 60 4c e4 3e 10 a0 c0 37>,
      privKey: <Buffer 28 a0 9b a6 fd 87 0d 7c a6 1f 3c 48 0d e8 c7 55 6d a8 a3 3e 58 2e 3e ef f9 62 73 19 0f 06 67 48>
    },
    lastRemoteEphemeralKey: <Buffer 05 1b 20 7a e9 f0 d8 15 81 58 cf ee 36 81 b1 e0 19 48 17 f1 e0 c8 9d 51 45 98 3f b6 28 bc c0 29 45>,
    previousCounter: 0,
    rootKey: <Buffer 90 5f 34 51 cb 46 36 87 27 48 8e 4c d2 16 02 ad ef 15 80 6a 91 22 b2 0c 50 d7 61 35 b2 7c a9 92>
  },
  indexInfo: {
    baseKey: <Buffer 05 43 0f 85 e7 8e 54 d8 01 93 f5 70 83 ab ec a9 f4 96 63 b5 35 ee 63 f9 b3 c7 ba fb c6 3a 90 80 3b>,
    baseKeyType: 1,
    closed: 1779294224480,
    used: 1779288223383,
    created: 1779288223383,
    remoteIdentityKey: <Buffer 05 80 f0 71 26 1a b2 e7 9a 91 38 3b cf b5 de 25 fe 0f 36 33 09 32 17 30 7e c3 f2 72 c9 1a 60 c6 1d>
  },
  pendingPreKey: {
    signedKeyId: 757560,
    baseKey: <Buffer 05 43 0f 85 e7 8e 54 d8 01 93 f5 70 83 ab ec a9 f4 96 63 b5 35 ee 63 f9 b3 c7 ba fb c6 3a 90 80 3b>,
    preKeyId: 12799149
  }
}
Removing old closed session: SessionEntry {
  _chains: {
    'BRFXDpNr6waO4bKgWbwwaMkeYkZtfRhTSgpJa/4Ya58S': { chainKey: [Object], chainType: 2, messageKeys: {} },
    'BbTG8DE6Q6RKax93W7o+Cb45ZxGSEY7k3WihNg4Pu8Zh': { chainKey: [Object], chainType: 2, messageKeys: {} },
    'BcpWULOTwo3s+amnJOCVSWEg4RR4qnx8cSCQ7qc/5mBw': { chainKey: [Object], chainType: 2, messageKeys: {} },
    'BZkk19QnaM5ozL/Xl/bHL4U1JBdAZC6WQ1Ug9/CfrbkN': { chainKey: [Object], chainType: 2, messageKeys: {} },
    'BR9FY97gScBSEeu2VivY+LW/tzeRKlap5djfysDiO4Jv': { chainKey: [Object], chainType: 2, messageKeys: {} },
    'BWk4zd7khon+9yQ+Hp2SQ5BCS52/7f5BtLd92X2oDu58': { chainKey: [Object], chainType: 2, messageKeys: {} },
    'BUnuY+8synMYOfET2Nvc7UFYLULIfT+LTdTk7irePC4P': { chainKey: [Object], chainType: 2, messageKeys: {} },
    'BQGHGcHud4PsYSZdDqFY3AA+lORzdpAvjppxHzK2Po83': { chainKey: [Object], chainType: 2, messageKeys: {} },
    'Bc66U/a6H0UYkAwl4G5BDGV0E8y4P6gka2lnkl3UwQcR': { chainKey: [Object], chainType: 1, messageKeys: {} }
  },
  registrationId: 964615210,
  currentRatchet: {
    ephemeralKeyPair: {
      pubKey: <Buffer 05 ce ba 53 f6 ba 1f 45 18 90 0c 25 e0 6e 41 0c 65 74 13 cc b8 3f a8 24 6b 69 67 92 5d d4 c1 07 11>,
      privKey: <Buffer c0 61 8a 69 31 d1 44 cc 54 52 75 6a fc 98 a4 8f 97 93 1c 90 9a 04 59 f1 ec 04 92 5a 53 bf 40 7a>
    },
    lastRemoteEphemeralKey: <Buffer 05 01 87 19 c1 ee 77 83 ec 61 26 5d 0e a1 58 dc 00 3e 94 e4 73 76 90 2f 8e 9a 71 1f 32 b6 3e 8f 37>,
    previousCounter: 0,
    rootKey: <Buffer 4b 63 c4 cb 85 ca ca 2e 87 9b 9f de ab 9c b1 88 38 ee 41 90 30 a2 32 29 4e cc 99 25 6d e0 b2 21>
  },
  indexInfo: {
    baseKey: <Buffer 05 2f b1 f6 95 7c 68 fb bf 3f 9b 8a 94 4d 1c b8 8b 33 c4 f3 c3 72 7c a3 05 1a b9 62 9c 63 6d 7d 26>,
    baseKeyType: 1,
    closed: 1779288223380,
    used: 1779288137313,
    created: 1779287513118,
    remoteIdentityKey: <Buffer 05 fe 47 cf 1f 55 8d 8f f8 be d8 26 a8 79 33 df 4b e1 a6 55 a1 32 72 49 79 02 d0 b9 aa 31 bc 16 45>
  }
}
⚠️  Connection closed (reason: 428). Reconnecting in 3s...
✅ WhatsApp connected!
{"level":40,"time":1781113889906,"pid":38697,"hostname":"Mac-mini-2.local","msg":"Timeout in AwaitingInitialSync, forcing state to Online and flushing buffer"}
⚠️  Connection closed (reason: 428). Reconnecting in 3s...
✅ WhatsApp connected!
{"level":40,"time":1781117735006,"pid":38697,"hostname":"Mac-mini-2.local","msg":"Timeout in AwaitingInitialSync, forcing state to Online and flushing buffer"}
⚠️  Connection closed (reason: 428). Reconnecting in 3s...
✅ WhatsApp connected!
{"level":40,"time":1781119992751,"pid":38697,"hostname":"Mac-mini-2.local","msg":"Timeout in AwaitingInitialSync, forcing state to Online and flushing buffer"}
⚠️  Connection closed (reason: 428). Reconnecting in 3s...
✅ WhatsApp connected!
{"level":40,"time":1781123838199,"pid":38697,"hostname":"Mac-mini-2.local","msg":"Timeout in AwaitingInitialSync, forcing state to Online and flushing buffer"}
{"level":50,"time":1781127620655,"pid":38697,"hostname":"Mac-mini-2.local","fullErrorNode":{"tag":"stream:error","attrs":{"code":"503"}},"msg":"stream errored out"}
⚠️  Connection closed (reason: 503). Reconnecting in 3s...
✅ WhatsApp connected!
{"level":40,"time":1781127646348,"pid":38697,"hostname":"Mac-mini-2.local","msg":"Timeout in AwaitingInitialSync, forcing state to Online and flushing buffer"}
{"event":"ignored","reason":"allowlist_mismatch","chatId":"120363145668140275@g.us","senderId":"203668037099725@lid"}
{"event":"ignored","reason":"allowlist_mismatch","chatId":"120363145668140275@g.us","senderId":"203668037099725@lid"}
{"event":"ignored","reason":"allowlist_mismatch","chatId":"120363145668140275@g.us","senderId":"203668037099725@lid"}
{"event":"ignored","reason":"allowlist_mismatch","chatId":"120363145668140275@g.us","senderId":"203668037099725@lid"}
Closing session: SessionEntry {
  _chains: {
    'BUX5A3vfNh1nHYd2rlfujPaV/K1ke+a99noaTThZDmoi': { chainKey: [Object], chainType: 2, messageKeys: {} },
    'BXqIZ/ds/j9icOMktWkdQcOMQGRm3Onj+Grq6jLdk2Nd': { chainKey: [Object], chainType: 2, messageKeys: {} },
    'BcI1QuC0ZYs64iXRQ7mxQdNk4WUvsA1ykwwn83Y/rs9P': { chainKey: [Object], chainType: 1, messageKeys: {} }
  },
  registrationId: 964615210,
  currentRatchet: {
    ephemeralKeyPair: {
      pubKey: <Buffer 05 c2 35 42 e0 b4 65 8b 3a e2 25 d1 43 b9 b1 41 d3 64 e1 65 2f b0 0d 72 93 0c 27 f3 76 3f ae cf 4f>,
      privKey: <Buffer 40 98 0d 8c af e8 45 2a 86 fb 30 7c e9 2e 5e fb e3 ca 75 e6 4d 90 c7 9b c2 c3 3e 81 aa 43 50 5f>
    },
    lastRemoteEphemeralKey: <Buffer 05 7a 88 67 f7 6c fe 3f 62 70 e3 24 b5 69 1d 41 c3 8c 40 64 66 dc e9 e3 f8 6a ea ea 32 dd 93 63 5d>,
    previousCounter: 8,
    rootKey: <Buffer 77 b4 bb 7d 0b d3 ef 39 da 28 60 4d a4 ff 86 8b 23 7a d5 63 64 7d bd 49 84 47 12 40 bb 50 25 5d>
  },
  indexInfo: {
    baseKey: <Buffer 05 40 79 a8 41 23 e8 94 f0 4d c9 ff b8 1d d5 23 c9 33 3c 08 f5 15 88 40 23 ea 82 09 34 81 fa 6b 53>,
    baseKeyType: 1,
    closed: -1,
    used: 1781142650386,
    created: 1781099101170,
    remoteIdentityKey: <Buffer 05 fe 47 cf 1f 55 8d 8f f8 be d8 26 a8 79 33 df 4b e1 a6 55 a1 32 72 49 79 02 d0 b9 aa 31 bc 16 45>
  }
}
Closing session: SessionEntry {
  _chains: {
    BdXSrayn7l22jnGiJ850e19aW2VTX7UK2d5QlW1ogAp1: { chainKey: [Object], chainType: 1, messageKeys: {} }
  },
  registrationId: 569403322,
  currentRatchet: {
    ephemeralKeyPair: {
      pubKey: <Buffer 05 d5 d2 ad ac a7 ee 5d b6 8e 71 a2 27 ce 74 7b 5f 5a 5b 65 53 5f b5 0a d9 de 50 95 6d 68 80 0a 75>,
      privKey: <Buffer c0 96 fa fc a0 47 f3 58 8b d8 8a 27 d8 af f0 56 b2 16 dd 47 0a 23 dc 23 a0 ab fb aa 7d e3 ae 64>
    },
    lastRemoteEphemeralKey: <Buffer 05 05 aa bf 87 4d 6b 14 85 de 22 ae 5e a2 00 1c e4 91 2d c6 54 48 a6 9c e3 60 5f 42 9a de e8 a4 6b>,
    previousCounter: 0,
    rootKey: <Buffer d4 ec fe b3 12 d9 d2 48 0d 1d 09 6e 45 b9 ff 2d d9 3d 41 e7 59 2b 7e fe 1f 2a 5b 03 1b e4 3f 55>
  },
  indexInfo: {
    baseKey: <Buffer 05 9a ec 7a ac 2b 4e 96 d2 ff e8 14 10 59 34 32 99 ab ee a3 46 93 84 9d 63 e5 1f 16 22 60 a1 d3 19>,
    baseKeyType: 1,
    closed: -1,
    used: 1781099101180,
    created: 1781099101180,
    remoteIdentityKey: <Buffer 05 80 f0 71 26 1a b2 e7 9a 91 38 3b cf b5 de 25 fe 0f 36 33 09 32 17 30 7e c3 f2 72 c9 1a 60 c6 1d>
  },
  pendingPreKey: {
    signedKeyId: 757561,
    baseKey: <Buffer 05 9a ec 7a ac 2b 4e 96 d2 ff e8 14 10 59 34 32 99 ab ee a3 46 93 84 9d 63 e5 1f 16 22 60 a1 d3 19>,
    preKeyId: 12799253
  }
}
Removing old closed session: SessionEntry {
  _chains: {
    'Bd7SLZrc9OtBbkDSfyP1fVO8AG1QQAat/5GedccUhCFR': { chainKey: [Object], chainType: 1, messageKeys: {} }
  },
  registrationId: 569403322,
  currentRatchet: {
    ephemeralKeyPair: {
      pubKey: <Buffer 05 de d2 2d 9a dc f4 eb 41 6e 40 d2 7f 23 f5 7d 53 bc 00 6d 50 40 06 ad ff 91 9e 75 c7 14 84 21 51>,
      privKey: <Buffer 28 96 8f 0b 38 b8 62 c9 6a fa 70 69 41 ac ea 8a bb cb 78 eb 3f ca 18 3f bb 3e 01 03 b0 2e 39 49>
    },
    lastRemoteEphemeralKey: <Buffer 05 1b 20 7a e9 f0 d8 15 81 58 cf ee 36 81 b1 e0 19 48 17 f1 e0 c8 9d 51 45 98 3f b6 28 bc c0 29 45>,
    previousCounter: 0,
    rootKey: <Buffer fd 0a 72 fe 61 09 e4 9b b5 23 2c bb d3 b1 22 1f 17 73 28 71 c1 17 64 fd c5 0f 0e e4 b8 eb 06 ad>
  },
  indexInfo: {
    baseKey: <Buffer 05 8f 37 8f e0 e4 13 2e 5f 83 3e de 54 be 77 4b f0 c0 cd 05 ad 72 a5 0f a0 98 e3 f6 49 e2 58 2e 57>,
    baseKeyType: 1,
    closed: 1779332235100,
    used: 1779294224479,
    created: 1779294224479,
    remoteIdentityKey: <Buffer 05 80 f0 71 26 1a b2 e7 9a 91 38 3b cf b5 de 25 fe 0f 36 33 09 32 17 30 7e c3 f2 72 c9 1a 60 c6 1d>
  },
  pendingPreKey: {
    signedKeyId: 757560,
    baseKey: <Buffer 05 8f 37 8f e0 e4 13 2e 5f 83 3e de 54 be 77 4b f0 c0 cd 05 ad 72 a5 0f a0 98 e3 f6 49 e2 58 2e 57>,
    preKeyId: 12799393
  }
}
Removing old closed session: SessionEntry {
  _chains: {
    'BQp+fjjzE47DLpVN49WglwOk5nR8TF0w16lydvosU+4H': { chainKey: [Object], chainType: 2, messageKeys: {} },
    BVcGvgz1CsqohLGU708pw1AyvcMdGAjTEDapOMIj6skK: { chainKey: [Object], chainType: 2, messageKeys: {} },
    BZBtfQvksp9TjeeEaToKaNM7ilhWej9lvl6MRLeuDk5T: { chainKey: [Object], chainType: 2, messageKeys: {} },
    'BcsXR+x/vMgEben2GRBqmDFvoWhXIbYlWPLDz+YF/JlX': { chainKey: [Object], chainType: 2, messageKeys: {} },
    'Bc5qe+13YbZR1jOhy8hj5frIw8gsO6AvzfKOWcED44F6': { chainKey: [Object], chainType: 2, messageKeys: {} },
    BexyBTO7ZvA7LONqbqpbTi88IHEdO4NmUbgxqv2MjDUV: { chainKey: [Object], chainType: 2, messageKeys: {} },
    BVoTOhRIXo4qqRnfF2qqL2dar7ve9oExLv3LAwho57gL: { chainKey: [Object], chainType: 2, messageKeys: {} },
    'Bb1RBRoYCffuUOAviXZVUWHk5d7DhxnW/B/Uj31jp9c9': { chainKey: [Object], chainType: 2, messageKeys: {} },
    BSmXxDmduR8rkOIRpSUgZbutP0H3NhvLe7uPglUPswEe: { chainKey: [Object], chainType: 2, messageKeys: {} },
    'Bdl+S8vAu8HQUD5ED4gP7BVBlVIWFR/sgCI2EuJcVKRl': { chainKey: [Object], chainType: 2, messageKeys: {} },
    BUmT2g46jFmyyI3ENpdUuzh57KhFg6eCDuIXi4waRcRL: { chainKey: [Object], chainType: 1, messageKeys: {} }
  },
  registrationId: 964615210,
  currentRatchet: {
    ephemeralKeyPair: {
      pubKey: <Buffer 05 49 93 da 0e 3a 8c 59 b2 c8 8d c4 36 97 54 bb 38 79 ec a8 45 83 a7 82 0e e2 17 8b 8c 1a 45 c4 4b>,
      privKey: <Buffer 30 76 8a 33 01 83 cd b5 81 1c 7d fd 91 35 c9 b6 f2 61 ce 56 c5 b9 3e 26 a1 6d 68 d9 e0 48 d8 41>
    },
    lastRemoteEphemeralKey: <Buffer 05 d9 7e 4b cb c0 bb c1 d0 50 3e 44 0f 88 0f ec 15 41 95 52 16 15 1f ec 80 22 36 12 e2 5c 54 a4 65>,
    previousCounter: 15,
    rootKey: <Buffer f2 d8 3a 98 8e a3 d1 67 90 fb 0f 39 53 39 df bf 04 9f 36 10 9c e9 37 10 94 2c cf fe 1b 1a 7c 40>
  },
  indexInfo: {
    baseKey: <Buffer 05 0f a3 27 c7 63 02 fb 47 0b 28 69 69 35 60 d4 ee 1c 45 7b 08 94 9a 9a 53 c9 d9 40 fd dc 1e f0 48>,
    baseKeyType: 1,
    closed: 1779294224475,
    used: 1779292459238,
    created: 1779288223373,
    remoteIdentityKey: <Buffer 05 fe 47 cf 1f 55 8d 8f f8 be d8 26 a8 79 33 df 4b e1 a6 55 a1 32 72 49 79 02 d0 b9 aa 31 bc 16 45>
  }
}
{"event":"ignored","reason":"allowlist_mismatch","chatId":"120363145668140275@g.us","senderId":"255606590058731@lid"}
{"event":"ignored","reason":"allowlist_mismatch","chatId":"120363145668140275@g.us","senderId":"255606590058731@lid"}
{"event":"ignored","reason":"allowlist_mismatch","chatId":"120363145668140275@g.us","senderId":"255606590058731@lid"}
{"event":"ignored","reason":"allowlist_mismatch","chatId":"120363145668140275@g.us","senderId":"255606590058731@lid"}
{"event":"ignored","reason":"allowlist_mismatch","chatId":"120363145668140275@g.us","senderId":"255606590058731@lid"}
{"event":"ignored","reason":"allowlist_mismatch","chatId":"120363145668140275@g.us","senderId":"255606590058731@lid"}
{"event":"ignored","reason":"allowlist_mismatch","chatId":"120363145668140275@g.us","senderId":"255606590058731@lid"}
{"event":"ignored","reason":"allowlist_mismatch","chatId":"120363145668140275@g.us","senderId":"255606590058731@lid"}
{"event":"ignored","reason":"allowlist_mismatch","chatId":"120363145668140275@g.us","senderId":"255606590058731@lid"}
{"event":"ignored","reason":"allowlist_mismatch","chatId":"120363145668140275@g.us","senderId":"255606590058731@lid"}
{"event":"ignored","reason":"allowlist_mismatch","chatId":"120363145668140275@g.us","senderId":"255606590058731@lid"}
{"level":40,"time":1781179691502,"pid":38697,"hostname":"Mac-mini-2.local","msgId":"3EB0DD33A945D1C6E5B205","trace":"Error [ERR_MODULE_NOT_FOUND]: Cannot find package 'link-preview-js' imported from /Users/ktoclaw/.hermes/hermes-agent/scripts/whatsapp-bridge/node_modules/@whiskeysockets/baileys/lib/Utils/link-preview.js\n    at Object.getPackageJSONURL (node:internal/modules/package_json_reader:301:9)\n    at packageResolve (node:internal/modules/esm/resolve:768:81)\n    at moduleResolve (node:internal/modules/esm/resolve:859:18)\n    at defaultResolve (node:internal/modules/esm/resolve:991:11)\n    at #cachedDefaultResolve (node:internal/modules/esm/loader:713:20)\n    at #resolveAndMaybeBlockOnLoaderThread (node:internal/modules/esm/loader:730:38)\n    at ModuleLoader.resolveSync (node:internal/modules/esm/loader:759:52)\n    at #resolve (node:internal/modules/esm/loader:695:17)\n    at ModuleLoader.getOrCreateModuleJob (node:internal/modules/esm/loader:615:35)\n    at onImport.tracePromise.__proto__ (node:internal/modules/esm/loader:644:32)","msg":"url generation failed"}
Closing session: SessionEntry {
  _chains: {
    'BY/NFh+P20eLRyzovcnpraH7ODy/uZhSEq3fElz4YuBd': { chainKey: [Object], chainType: 2, messageKeys: {} },
    BZtOmI26D7VbQSkgAxsB5wtFo9Jvv2qxxFQIPvbkubIX: { chainKey: [Object], chainType: 2, messageKeys: {} },
    'BYqXywI8pp4iQWUqQdER3GB+QGbhTmzjpLVJyQhqUZdn': { chainKey: [Object], chainType: 1, messageKeys: {} }
  },
  registrationId: 964615210,
  currentRatchet: {
    ephemeralKeyPair: {
      pubKey: <Buffer 05 8a 97 cb 02 3c a6 9e 22 41 65 2a 41 d1 11 dc 60 7e 40 66 e1 4e 6c e3 a4 b5 49 c9 08 6a 51 97 67>,
      privKey: <Buffer a8 45 66 4e 87 a2 23 83 3d ab 70 f3 4e f1 d6 ca bd 69 73 91 32 0e 9d b2 2f 6e 29 1b 5c 7e 8c 72>
    },
    lastRemoteEphemeralKey: <Buffer 05 9b 4e 98 8d ba 0f b5 5b 41 29 20 03 1b 01 e7 0b 45 a3 d2 6f bf 6a b1 c4 54 08 3e f6 e4 b9 b2 17>,
    previousCounter: 5,
    rootKey: <Buffer 74 db 37 82 9c 7a 3b c2 de b7 73 fd d8 5a 42 68 c1 ac ee 59 19 0f c0 c7 9b d4 4b a6 93 a0 9e 7b>
  },
  indexInfo: {
    baseKey: <Buffer 05 80 0d e8 bb 40 ee c8 c0 92 ce 54 20 7a db ad fa 76 70 38 c3 45 f1 04 a0 2a 80 6f f3 91 bf 1e 49>,
    baseKeyType: 1,
    closed: -1,
    used: 1781180197530,
    created: 1781172002611,
    remoteIdentityKey: <Buffer 05 fe 47 cf 1f 55 8d 8f f8 be d8 26 a8 79 33 df 4b e1 a6 55 a1 32 72 49 79 02 d0 b9 aa 31 bc 16 45>
  }
}
Closing session: SessionEntry {
  _chains: {
    BR6fm2zNOrF6bO8o2R9x5QgQtxsPZuvgV0hFdP20VoBl: { chainKey: [Object], chainType: 1, messageKeys: {} }
  },
  registrationId: 569403322,
  currentRatchet: {
    ephemeralKeyPair: {
      pubKey: <Buffer 05 1e 9f 9b 6c cd 3a b1 7a 6c ef 28 d9 1f 71 e5 08 10 b7 1b 0f 66 eb e0 57 48 45 74 fd b4 56 80 65>,
      privKey: <Buffer 98 ca 78 a0 5b 90 1e eb a3 07 82 56 76 36 d6 fe 8b a8 d7 5a e8 4f 6b b3 d8 82 39 78 75 d2 5c 68>
    },
    lastRemoteEphemeralKey: <Buffer 05 05 aa bf 87 4d 6b 14 85 de 22 ae 5e a2 00 1c e4 91 2d c6 54 48 a6 9c e3 60 5f 42 9a de e8 a4 6b>,
    previousCounter: 0,
    rootKey: <Buffer ee 0a b1 2b 2d 29 b4 30 0c 23 3b 9f 2e b7 33 ab a6 5d 1d ce 6a 09 c2 e4 31 c3 47 41 6c d2 3d ef>
  },
  indexInfo: {
    baseKey: <Buffer 05 43 9e 80 a8 60 d9 d5 b9 bc 90 f8 3b 09 dc e7 d0 1b 14 3b d2 f7 7b 72 a0 d9 47 f3 ec 3e 4c 76 7c>,
    baseKeyType: 1,
    closed: -1,
    used: 1781172002618,
    created: 1781172002618,
    remoteIdentityKey: <Buffer 05 80 f0 71 26 1a b2 e7 9a 91 38 3b cf b5 de 25 fe 0f 36 33 09 32 17 30 7e c3 f2 72 c9 1a 60 c6 1d>
  },
  pendingPreKey: {
    signedKeyId: 757561,
    baseKey: <Buffer 05 43 9e 80 a8 60 d9 d5 b9 bc 90 f8 3b 09 dc e7 d0 1b 14 3b d2 f7 7b 72 a0 d9 47 f3 ec 3e 4c 76 7c>,
    preKeyId: 12799576
  }
}
Removing old closed session: SessionEntry {
  _chains: {
    'BYZDipW5+XRZruGkdfRnPU7kGpzy0xYpjXlAz6GEycMT': { chainKey: [Object], chainType: 1, messageKeys: {} }
  },
  registrationId: 569403322,
  currentRatchet: {
    ephemeralKeyPair: {
      pubKey: <Buffer 05 86 43 8a 95 b9 f9 74 59 ae e1 a4 75 f4 67 3d 4e e4 1a 9c f2 d3 16 29 8d 79 40 cf a1 84 c9 c3 13>,
      privKey: <Buffer 70 db 59 8d a8 1d c8 2b d1 51 8f 96 9f c1 c3 dd 0f 82 79 4a 8b 48 df 7b 03 57 eb 5e f7 0c 62 75>
    },
    lastRemoteEphemeralKey: <Buffer 05 1b 20 7a e9 f0 d8 15 81 58 cf ee 36 81 b1 e0 19 48 17 f1 e0 c8 9d 51 45 98 3f b6 28 bc c0 29 45>,
    previousCounter: 0,
    rootKey: <Buffer 5c 7d 73 0f bf 57 0c 0d 93 0e 9c 7f 06 40 64 b8 7f cd c4 96 b4 d0 a0 1e 8e f1 aa 53 46 70 a9 b9>
  },
  indexInfo: {
    baseKey: <Buffer 05 cd 11 0e 18 44 f1 f5 2c 5a 7b a5 1a 07 19 c7 f6 c6 74 3e 50 f0 a1 c6 22 8f 5c 0a 0d 89 8f 1f 04>,
    baseKeyType: 1,
    closed: 1779348543112,
    used: 1779332235098,
    created: 1779332235098,
    remoteIdentityKey: <Buffer 05 80 f0 71 26 1a b2 e7 9a 91 38 3b cf b5 de 25 fe 0f 36 33 09 32 17 30 7e c3 f2 72 c9 1a 60 c6 1d>
  },
  pendingPreKey: {
    signedKeyId: 757560,
    baseKey: <Buffer 05 cd 11 0e 18 44 f1 f5 2c 5a 7b a5 1a 07 19 c7 f6 c6 74 3e 50 f0 a1 c6 22 8f 5c 0a 0d 89 8f 1f 04>,
    preKeyId: 12799334
  }
}
Removing old closed session: SessionEntry {
  _chains: {
    Ba1iZHqFDYTt1Df4NwZPmGLO6lxcCoRPxYmx6fCcwmFr: { chainKey: [Object], chainType: 2, messageKeys: {} },
    'BQ1zT0oVxBymUO+2vmNMzc86Cew4tL3+hrabmdZ1H/k3': { chainKey: [Object], chainType: 2, messageKeys: {} },
    'BcAD5WGWDbFBriR26/xoYAIld6heuvCp5WRgQUjDrNdn': { chainKey: [Object], chainType: 2, messageKeys: {} },
    'Bb9ueP+lqpRoIaK78pfItFt7WFZ0iyRpc4ryR4MycZwA': { chainKey: [Object], chainType: 2, messageKeys: {} },
    'Bf3EE+UeDR5BOLgpptwYoIEPUwOCvs4vou4KMI4/+fBN': { chainKey: [Object], chainType: 2, messageKeys: {} },
    'BS1xqTqSvlozaIb4QpPDsO9ympQkL6G3+7xPIyo5fPJg': { chainKey: [Object], chainType: 2, messageKeys: {} },
    'BSO5yKRRztnkR6/tUYvO5TqeMfYwxYE7yd/VAoOkq+9Z': { chainKey: [Object], chainType: 2, messageKeys: {} },
    'Be8lrVaN6O+bKEIr4TtFPNAAEzCB6GRGenZ1uOkeGZht': { chainKey: [Object], chainType: 2, messageKeys: {} },
    'BYFYxfH/ankUaBOFKPaaRno0E8ST/kigwe3VcX+7pLBL': { chainKey: [Object], chainType: 2, messageKeys: {} },
    BW1gKmwQfJO0j3hpHZnegwMsMM3JXQNxBwnxkl979Tgg: { chainKey: [Object], chainType: 2, messageKeys: {} },
    'BToi9iTTkTupOha5+ZKvBX0+mj6QJ0I1OWB/XDjN/rUy': { chainKey: [Object], chainType: 2, messageKeys: {} },
    BaPouBYHZhhOPZoVa5Ay1t2t3hzRpLT1PHINF132CYoY: { chainKey: [Object], chainType: 2, messageKeys: {} },
    'BUb8kGTSvY/QQ+2aKhahxapok6tnAtqDbgdPo8OsC/o+': { chainKey: [Object], chainType: 2, messageKeys: {} },
    'Bdblg7UtCkPMTfdCGaYsOW7tH1r5pHfR9NuqM/RQlmcK': { chainKey: [Object], chainType: 2, messageKeys: {} },
    'BT9+8euWA5RMxtfYVfpiyeGydQ3/oRT00uNzZeVuVwI7': { chainKey: [Object], chainType: 2, messageKeys: {} },
    'BSwwQpi4dpbwTovsk+tbI/zjtI+jFcDpged/NmL7Nv1Q': { chainKey: [Object], chainType: 2, messageKeys: {} },
    BRWCyxQRv6SFtMde7QqyqRPED6W72L0XaX1lQwLCeP81: { chainKey: [Object], chainType: 2, messageKeys: {} },
    'BR+Flr4SRfan6lgWN0YIbnGLcwaokKNnody6vCDAeMca': { chainKey: [Object], chainType: 2, messageKeys: {} },
    'Bef7yNRbqNmzRpZCZ/uWJ86D9y1xp3qi72OE6qYh/AZx': { chainKey: [Object], chainType: 2, messageKeys: {} },
    'BZRkM+OfcpxDa+VLlfGrYtFjCdQOQAbEyMBTGYsAlrxx': { chainKey: [Object], chainType: 2, messageKeys: {} },
    'BTJaLTlmwC7+Lk2gaK1fBTLUCgy7zb8eBcNLSyjE/884': { chainKey: [Object], chainType: 2, messageKeys: {} },
    BekuKHxTyXEbANkwPgj8o8LAcNKKJaHPeU2so1OG6Owz: { chainKey: [Object], chainType: 2, messageKeys: {} },
    'BXIBvZ2zdx447OTKLxLN/+j9QOD5/Sx74H6PcPSVhUce': { chainKey: [Object], chainType: 2, messageKeys: {} },
    Bfd6zOZm7A8FSYMGrzkIwOWrSRYya0r23hqV8PKy7LtD: { chainKey: [Object], chainType: 2, messageKeys: {} },
    BYOpp2PuazmYiX52VQodpMsR0bQF38qIca6ixwLBzp8d: { chainKey: [Object], chainType: 2, messageKeys: {} },
    'BTayN3IhMjrPlM6Q13T0Y8mjEv7l4TwM+y4+dYw76TBG': { chainKey: [Object], chainType: 2, messageKeys: {} },
    BTeTqI1MmBJ6UvBOGuzVtIrj5RnXDYMcGXUKZayvK8gy: { chainKey: [Object], chainType: 2, messageKeys: {} },
    BfEImFenzQAhkhvs4lgFoB1CVbBZqKOF9VKHJerVNV5P: { chainKey: [Object], chainType: 2, messageKeys: {} },
    'BQCU1JPpzNnfyr3ZjowFL+0lH2js9WP4pY+LlDbj5G5t': { chainKey: [Object], chainType: 2, messageKeys: {} },
    'BUHxg02vOUBqd/2pnixBtMfs3koZzC/sX42+0UM7rNYz': { chainKey: [Object], chainType: 2, messageKeys: {} },
    'BSa/JWt/M04/lvDP9xznejs+dixsGFpIy1sf0A8gNMgW': { chainKey: [Object], chainType: 2, messageKeys: {} },
    'Bc/glm9knLUpNpI5isMEXrvaqLajLtqySJtJMcZqaQ1i': { chainKey: [Object], chainType: 2, messageKeys: {} },
    'BfcVG0lPZO5yCobBNZrcqHphN/r/GBxyQnzucP7F/K9S': { chainKey: [Object], chainType: 2, messageKeys: {} },
    'BRYZUEWw+YS1EXHXv+TEGfisGNU7yKKl4rskHWJgBPdy': { chainKey: [Object], chainType: 2, messageKeys: {} },
    'Bc/mGDDgyBMgSmICVaNPoUycmQ6BFbz3/Zu+kkpyCKUG': { chainKey: [Object], chainType: 1, messageKeys: {} }
  },
  registrationId: 964615210,
  currentRatchet: {
    ephemeralKeyPair: {
      pubKey: <Buffer 05 cf e6 18 30 e0 c8 13 20 4a 62 02 55 a3 4f a1 4c 9c 99 0e 81 15 bc f7 fd 9b be 92 4a 72 08 a5 06>,
      privKey: <Buffer 68 86 c3 68 49 26 4f fb a2 51 f0 47 45 f4 48 a2 b8 77 aa ec 03 91 2b f5 65 7a 96 1c 07 50 b3 53>
    },
    lastRemoteEphemeralKey: <Buffer 05 16 19 50 45 b0 f9 84 b5 11 71 d7 bf e4 c4 19 f8 ac 18 d5 3b c8 a2 a5 e2 bb 24 1d 62 60 04 f7 72>,
    previousCounter: 14,
    rootKey: <Buffer 76 c6 66 fb a5 a2 c3 1f 78 14 24 1d e3 3c 9d 8b 6a 2d 35 5b 9b 20 2e d2 5d e8 d7 b6 74 bb 87 52>
  },
  indexInfo: {
    baseKey: <Buffer 05 ef 60 cd 8e 4a 23 81 ea e2 f7 f4 ac a4 02 24 c9 96 e7 1f 01 27 ae 46 2c d8 6b d9 5f a4 20 e6 1d>,
    baseKeyType: 1,
    closed: 1779332235094,
    used: 1779328078263,
    created: 1779294224472,
    remoteIdentityKey: <Buffer 05 fe 47 cf 1f 55 8d 8f f8 be d8 26 a8 79 33 df 4b e1 a6 55 a1 32 72 49 79 02 d0 b9 aa 31 bc 16 45>
  }
}
{"level":40,"time":1781194051661,"pid":38697,"hostname":"Mac-mini-2.local","msgId":"37804.64866-2249","msg":"timed out waiting for message"}
⚠️  Connection closed (reason: 408). Reconnecting in 3s...
✅ WhatsApp connected!
{"level":40,"time":1781194076078,"pid":38697,"hostname":"Mac-mini-2.local","msg":"Timeout in AwaitingInitialSync, forcing state to Online and flushing buffer"}
{"level":50,"time":1781213602299,"pid":38697,"hostname":"Mac-mini-2.local","fullErrorNode":{"tag":"stream:error","attrs":{"code":"503"}},"msg":"stream errored out"}
⚠️  Connection closed (reason: 503). Reconnecting in 3s...
✅ WhatsApp connected!
{"level":40,"time":1781213626877,"pid":38697,"hostname":"Mac-mini-2.local","msg":"Timeout in AwaitingInitialSync, forcing state to Online and flushing buffer"}
⚠️  Connection closed (reason: 428). Reconnecting in 3s...
✅ WhatsApp connected!
{"level":40,"time":1781220673815,"pid":38697,"hostname":"Mac-mini-2.local","msg":"Timeout in AwaitingInitialSync, forcing state to Online and flushing buffer"}
{"level":40,"time":1781222562735,"pid":38697,"hostname":"Mac-mini-2.local","msgId":"3EB0989B182F211104DBFA","trace":"Error [ERR_MODULE_NOT_FOUND]: Cannot find package 'link-preview-js' imported from /Users/ktoclaw/.hermes/hermes-agent/scripts/whatsapp-bridge/node_modules/@whiskeysockets/baileys/lib/Utils/link-preview.js\n    at Object.getPackageJSONURL (node:internal/modules/package_json_reader:301:9)\n    at packageResolve (node:internal/modules/esm/resolve:768:81)\n    at moduleResolve (node:internal/modules/esm/resolve:859:18)\n    at defaultResolve (node:internal/modules/esm/resolve:991:11)\n    at #cachedDefaultResolve (node:internal/modules/esm/loader:713:20)\n    at #resolveAndMaybeBlockOnLoaderThread (node:internal/modules/esm/loader:730:38)\n    at ModuleLoader.resolveSync (node:internal/modules/esm/loader:759:52)\n    at #resolve (node:internal/modules/esm/loader:695:17)\n    at ModuleLoader.getOrCreateModuleJob (node:internal/modules/esm/loader:615:35)\n    at onImport.tracePromise.__proto__ (node:internal/modules/esm/loader:644:32)","msg":"url generation failed"}
{"level":40,"time":1781222579601,"pid":38697,"hostname":"Mac-mini-2.local","msgId":"3EB06019C117B2F28363B6","trace":"Error [ERR_MODULE_NOT_FOUND]: Cannot find package 'link-preview-js' imported from /Users/ktoclaw/.hermes/hermes-agent/scripts/whatsapp-bridge/node_modules/@whiskeysockets/baileys/lib/Utils/link-preview.js\n    at Object.getPackageJSONURL (node:internal/modules/package_json_reader:301:9)\n    at packageResolve (node:internal/modules/esm/resolve:768:81)\n    at moduleResolve (node:internal/modules/esm/resolve:859:18)\n    at defaultResolve (node:internal/modules/esm/resolve:991:11)\n    at #cachedDefaultResolve (node:internal/modules/esm/loader:713:20)\n    at #resolveAndMaybeBlockOnLoaderThread (node:internal/modules/esm/loader:730:38)\n    at ModuleLoader.resolveSync (node:internal/modules/esm/loader:759:52)\n    at #resolve (node:internal/modules/esm/loader:695:17)\n    at ModuleLoader.getOrCreateModuleJob (node:internal/modules/esm/loader:615:35)\n    at onImport.tracePromise.__proto__ (node:internal/modules/esm/loader:644:32)","msg":"url generation failed"}
⚠️  Connection closed (reason: 428). Reconnecting in 3s...
✅ WhatsApp connected!
{"level":40,"time":1781256626435,"pid":38697,"hostname":"Mac-mini-2.local","msg":"Timeout in AwaitingInitialSync, forcing state to Online and flushing buffer"}
Closing session: SessionEntry {
  _chains: {
    'BQDcCTgpAXAOPkzK6GRbLjYdEud0tNXQsC/089644WVk': { chainKey: [Object], chainType: 2, messageKeys: {} },
    'BVrcO5Q9QR8v+o+3eJDyhN9SDzT5V4jqxYWubCH748kt': { chainKey: [Object], chainType: 2, messageKeys: {} },
    'BQjkuhlse3ulpDmzFe+ffaMh0C3EqPcqOUXtqzo4cvER': { chainKey: [Object], chainType: 1, messageKeys: {} }
  },
  registrationId: 964615210,
  currentRatchet: {
    ephemeralKeyPair: {
      pubKey: <Buffer 05 08 e4 ba 19 6c 7b 7b a5 a4 39 b3 15 ef 9f 7d a3 21 d0 2d c4 a8 f7 2a 39 45 ed ab 3a 38 72 f1 11>,
      privKey: <Buffer 70 35 b3 30 30 8f cf 7c 8c 95 7b d4 da e8 7d 16 af 88 9b ad f0 11 08 99 60 54 d8 c8 aa 25 0c 65>
    },
    lastRemoteEphemeralKey: <Buffer 05 5a dc 3b 94 3d 41 1f 2f fa 8f b7 78 90 f2 84 df 52 0f 34 f9 57 88 ea c5 85 ae 6c 21 fb e3 c9 2d>,
    previousCounter: 8,
    rootKey: <Buffer a2 9e 75 9e 5a b7 b4 9e 8e 53 db 33 ac cb f3 6c 56 08 de 1b 48 8e fb 2d c0 5e 43 d7 18 66 d7 6f>
  },
  indexInfo: {
    baseKey: <Buffer 05 52 1e 8c 31 7e 82 01 f4 9f 1b 92 15 3d f4 6c 30 6a fd 67 b5 47 75 e1 06 f2 3f 47 60 45 3d 2e 64>,
    baseKeyType: 1,
    closed: -1,
    used: 1781222537849,
    created: 1781185502805,
    remoteIdentityKey: <Buffer 05 fe 47 cf 1f 55 8d 8f f8 be d8 26 a8 79 33 df 4b e1 a6 55 a1 32 72 49 79 02 d0 b9 aa 31 bc 16 45>
  }
}
Closing session: SessionEntry {
  _chains: {
    'BW24W1vc3LpeHIcKgSUQBwuPo8LjLybrAw/sTqxMOR1Y': { chainKey: [Object], chainType: 1, messageKeys: {} }
  },
  registrationId: 569403322,
  currentRatchet: {
    ephemeralKeyPair: {
      pubKey: <Buffer 05 6d b8 5b 5b dc dc ba 5e 1c 87 0a 81 25 10 07 0b 8f a3 c2 e3 2f 26 eb 03 0f ec 4e ac 4c 39 1d 58>,
      privKey: <Buffer 10 15 85 d8 ba 17 00 ea d7 ca 26 09 1d 98 2e 7b 2a 90 d7 70 a2 05 9a 38 0d 01 ae f2 52 ed 05 4d>
    },
    lastRemoteEphemeralKey: <Buffer 05 05 aa bf 87 4d 6b 14 85 de 22 ae 5e a2 00 1c e4 91 2d c6 54 48 a6 9c e3 60 5f 42 9a de e8 a4 6b>,
    previousCounter: 0,
    rootKey: <Buffer 76 30 06 c1 3a 12 15 63 c1 a4 1c 37 08 d8 f2 9e 28 9f 65 88 f5 3e bd 97 bb cc 16 1f 01 bf dd f4>
  },
  indexInfo: {
    baseKey: <Buffer 05 2f e5 33 4c 8e 3b 60 3e 0b 7a 98 04 f2 89 1f 9a ad cd a4 c6 4f 27 67 8f 09 f9 23 ea d7 fe 80 4e>,
    baseKeyType: 1,
    closed: -1,
    used: 1781185502812,
    created: 1781185502812,
    remoteIdentityKey: <Buffer 05 80 f0 71 26 1a b2 e7 9a 91 38 3b cf b5 de 25 fe 0f 36 33 09 32 17 30 7e c3 f2 72 c9 1a 60 c6 1d>
  },
  pendingPreKey: {
    signedKeyId: 757561,
    baseKey: <Buffer 05 2f e5 33 4c 8e 3b 60 3e 0b 7a 98 04 f2 89 1f 9a ad cd a4 c6 4f 27 67 8f 09 f9 23 ea d7 fe 80 4e>,
    preKeyId: 12799087
  }
}
Removing old closed session: SessionEntry {
  _chains: {
    'BUBowGntUODtBBET8Z+4+gol5JNOQVSIp+lIIw9j1ssI': { chainKey: [Object], chainType: 1, messageKeys: {} }
  },
  registrationId: 569403322,
  currentRatchet: {
    ephemeralKeyPair: {
      pubKey: <Buffer 05 40 68 c0 69 ed 50 e0 ed 04 11 13 f1 9f b8 fa 0a 25 e4 93 4e 41 54 88 a7 e9 48 23 0f 63 d6 cb 08>,
      privKey: <Buffer 98 bd 75 1d 59 b1 3d c4 a2 f5 cd 99 10 28 39 1d b9 da 63 54 fd bb 01 20 88 8c a3 7e 80 10 03 7c>
    },
    lastRemoteEphemeralKey: <Buffer 05 1b 20 7a e9 f0 d8 15 81 58 cf ee 36 81 b1 e0 19 48 17 f1 e0 c8 9d 51 45 98 3f b6 28 bc c0 29 45>,
    previousCounter: 0,
    rootKey: <Buffer a5 a4 04 e4 2b c4 dd 7b 15 9e 8c 65 0e b0 b8 15 13 02 d7 f5 86 52 5c 27 c9 33 c5 61 5f 8d db 46>
  },
  indexInfo: {
    baseKey: <Buffer 05 f2 49 3e 89 26 5c 32 ec 9f f4 1d 7e 16 b8 85 a3 c3 5b 91 8a 10 23 09 55 ff a1 12 80 ee 52 88 64>,
    baseKeyType: 1,
    closed: 1779349938882,
    used: 1779348543110,
    created: 1779348543110,
    remoteIdentityKey: <Buffer 05 80 f0 71 26 1a b2 e7 9a 91 38 3b cf b5 de 25 fe 0f 36 33 09 32 17 30 7e c3 f2 72 c9 1a 60 c6 1d>
  },
  pendingPreKey: {
    signedKeyId: 757560,
    baseKey: <Buffer 05 f2 49 3e 89 26 5c 32 ec 9f f4 1d 7e 16 b8 85 a3 c3 5b 91 8a 10 23 09 55 ff a1 12 80 ee 52 88 64>,
    preKeyId: 12799085
  }
}
Removing old closed session: SessionEntry {
  _chains: {
    'BdIbMXicvt31Xl/oXcUMzI+ezAMAFQkHLYNJLY8cL+cM': { chainKey: [Object], chainType: 1, messageKeys: {} }
  },
  registrationId: 964615210,
  currentRatchet: {
    ephemeralKeyPair: {
      pubKey: <Buffer 05 d2 1b 31 78 9c be dd f5 5e 5f e8 5d c5 0c cc 8f 9e cc 03 00 15 09 07 2d 83 49 2d 8f 1c 2f e7 0c>,
      privKey: <Buffer e8 3e 1f 15 12 79 5a 70 d2 88 ac c3 e4 8b b8 0e 14 b8 9c 0c 27 8f 43 e2 a8 ea c4 7d 0d dc 33 61>
    },
    lastRemoteEphemeralKey: <Buffer 05 c2 be c7 d6 de a7 f0 eb 30 44 5f c3 78 1b 56 b3 1c 2f cf 81 0d 57 99 f7 25 ba db 9e 4e 33 48 4f>,
    previousCounter: 0,
    rootKey: <Buffer 55 f4 c4 c5 29 df e5 61 21 b8 5f 71 a7 42 7c 32 7e d1 d2 5e 5a f6 83 79 5f f8 01 9e e1 f9 c6 b5>
  },
  indexInfo: {
    baseKey: <Buffer 05 be f0 e1 8b 92 0f 2c ec 65 7b b0 08 3b 89 82 5a a9 eb 47 e5 7b 57 fe 03 7b cb 36 22 b4 87 58 6e>,
    baseKeyType: 1,
    closed: 1779349938876,
    used: 1779332235088,
    created: 1779332235088,
    remoteIdentityKey: <Buffer 05 fe 47 cf 1f 55 8d 8f f8 be d8 26 a8 79 33 df 4b e1 a6 55 a1 32 72 49 79 02 d0 b9 aa 31 bc 16 45>
  },
  pendingPreKey: {
    signedKeyId: 11851721,
    baseKey: <Buffer 05 be f0 e1 8b 92 0f 2c ec 65 7b b0 08 3b 89 82 5a a9 eb 47 e5 7b 57 fe 03 7b cb 36 22 b4 87 58 6e>,
    preKeyId: 12313
  }
}
{"level":40,"time":1781259933179,"pid":38697,"hostname":"Mac-mini-2.local","msgId":"59616.60421-128","msg":"timed out waiting for message"}
{"level":50,"time":1781271501773,"pid":38697,"hostname":"Mac-mini-2.local","fullErrorNode":{"tag":"stream:error","attrs":{"code":"503"}},"msg":"stream errored out"}
⚠️  Connection closed (reason: 503). Reconnecting in 3s...
✅ WhatsApp connected!
{"level":40,"time":1781271526494,"pid":38697,"hostname":"Mac-mini-2.local","msg":"Timeout in AwaitingInitialSync, forcing state to Online and flushing buffer"}
⚠️  Connection closed (reason: 428). Reconnecting in 3s...
✅ WhatsApp connected!
{"level":40,"time":1781289639003,"pid":38697,"hostname":"Mac-mini-2.local","msg":"Timeout in AwaitingInitialSync, forcing state to Online and flushing buffer"}
⚠️  Connection closed (reason: 428). Reconnecting in 3s...
✅ WhatsApp connected!
{"level":40,"time":1781300501638,"pid":38697,"hostname":"Mac-mini-2.local","msg":"Timeout in AwaitingInitialSync, forcing state to Online and flushing buffer"}
⚠️  Connection closed (reason: 428). Reconnecting in 3s...
✅ WhatsApp connected!
{"level":40,"time":1781309677286,"pid":38697,"hostname":"Mac-mini-2.local","msg":"Timeout in AwaitingInitialSync, forcing state to Online and flushing buffer"}
Closing session: SessionEntry {
  _chains: {
    'BXXehqTvporKMux/ZF7ex7gBoG4wP4oSfv8tSyqCUWVq': { chainKey: [Object], chainType: 1, messageKeys: {} }
  },
  registrationId: 1832884355,
  currentRatchet: {
    ephemeralKeyPair: {
      pubKey: <Buffer 05 75 de 86 a4 ef a6 8a ca 32 ec 7f 64 5e de c7 b8 01 a0 6e 30 3f 8a 12 7e ff 2d 4b 2a 82 51 65 6a>,
      privKey: <Buffer 80 f5 aa 4a 81 17 86 3a 90 cf 2a 41 d5 4b 1b 44 a9 2b a1 93 39 c4 04 4a 19 d9 03 50 a0 a8 1d 44>
    },
    lastRemoteEphemeralKey: <Buffer 05 75 ec cb 79 08 bf 4f 1e 29 3a b9 07 87 05 2c c4 63 53 39 71 16 3c 7c 97 c2 b4 6d f5 92 5a ce 7e>,
    previousCounter: 0,
    rootKey: <Buffer 6e 13 fa df 9e d0 5a 1f 85 f6 53 0f d6 97 c3 24 58 31 28 1e 1e d6 e3 0d a9 e5 b6 6e 42 a5 22 a9>
  },
  indexInfo: {
    baseKey: <Buffer 05 bb 61 c1 f4 5b ef 5b 34 00 a4 47 13 92 3c ef 61 5c 80 24 38 f7 8b 50 04 2a ec d7 f0 cc 5a 31 6d>,
    baseKeyType: 1,
    closed: -1,
    used: 1779369070560,
    created: 1779369070560,
    remoteIdentityKey: <Buffer 05 35 53 40 15 ed df d4 80 c3 56 5e 9c 0e 5f 82 67 ea 93 8c fe 78 6f 9d 9c e9 ee fc 00 0d 83 fd 00>
  },
  pendingPreKey: {
    signedKeyId: 4171954,
    baseKey: <Buffer 05 bb 61 c1 f4 5b ef 5b 34 00 a4 47 13 92 3c ef 61 5c 80 24 38 f7 8b 50 04 2a ec d7 f0 cc 5a 31 6d>,
    preKeyId: 14430810
  }
}
Closing session: SessionEntry {
  _chains: {
    'Be8MnzCtzw5/TMakoBnaOpd8suMiEdU3ORcTWvDzAYMP': { chainKey: [Object], chainType: 1, messageKeys: {} }
  },
  registrationId: 1656991293,
  currentRatchet: {
    ephemeralKeyPair: {
      pubKey: <Buffer 05 ef 0c 9f 30 ad cf 0e 7f 4c c6 a4 a0 19 da 3a 97 7c b2 e3 22 11 d5 37 39 17 13 5a f0 f3 01 83 0f>,
      privKey: <Buffer e8 91 c7 6f 29 38 9b 76 ec a4 3a 6a 84 bf f7 e2 87 2d f8 e0 50 ec f0 ed 3a f8 64 bd 80 97 d1 50>
    },
    lastRemoteEphemeralKey: <Buffer 05 a6 69 7d 22 88 25 47 77 e9 e7 90 36 c7 9b 22 61 bf 15 22 72 9a a1 19 c0 52 64 bb c4 a1 7e e5 66>,
    previousCounter: 0,
    rootKey: <Buffer c7 cd cc 25 0d 42 bc 6d 58 60 39 f9 b8 24 71 f2 47 36 cd 0b 23 ee c5 60 3e 6b 5e b2 03 d3 df 4e>
  },
  indexInfo: {
    baseKey: <Buffer 05 6e e6 b2 d2 01 01 86 3a 9e c9 0d 7e 12 2c a4 d1 a8 1f 55 1a a3 68 74 d0 9a 10 11 f4 64 ed 15 3d>,
    baseKeyType: 1,
    closed: -1,
    used: 1781317445402,
    created: 1781317445402,
    remoteIdentityKey: <Buffer 05 05 b6 d7 1d fe f8 f3 58 ff 16 03 8b 04 44 7b e5 23 c7 a9 e9 ce ad 37 f6 2c 3e 20 ad 60 a6 b7 1d>
  },
  pendingPreKey: {
    signedKeyId: 9561463,
    baseKey: <Buffer 05 6e e6 b2 d2 01 01 86 3a 9e c9 0d 7e 12 2c a4 d1 a8 1f 55 1a a3 68 74 d0 9a 10 11 f4 64 ed 15 3d>,
    preKeyId: 37
  }
}
Closing session: SessionEntry {
  _chains: {
    'BbCpmk6fM6+YQxF7QrhGQxPJvegUqZcZAnY1+UcJMVFI': { chainKey: [Object], chainType: 1, messageKeys: {} }
  },
  registrationId: 1656991293,
  currentRatchet: {
    ephemeralKeyPair: {
      pubKey: <Buffer 05 b0 a9 9a 4e 9f 33 af 98 43 11 7b 42 b8 46 43 13 c9 bd e8 14 a9 97 19 02 76 35 f9 47 09 31 51 48>,
      privKey: <Buffer 80 5e 6e 63 37 0c 5e c1 75 a0 91 3a b7 4b 21 77 5a 08 52 68 3d c7 51 e6 db 0a d7 a9 1b 40 cd 45>
    },
    lastRemoteEphemeralKey: <Buffer 05 a6 69 7d 22 88 25 47 77 e9 e7 90 36 c7 9b 22 61 bf 15 22 72 9a a1 19 c0 52 64 bb c4 a1 7e e5 66>,
    previousCounter: 0,
    rootKey: <Buffer d4 7c 41 7e ea 51 35 dd e9 99 31 2a 3f d1 1d 31 af a8 f7 00 3c 87 ed c4 bc b4 f3 7f 49 6e 35 8c>
  },
  indexInfo: {
    baseKey: <Buffer 05 f0 c2 d0 07 00 59 7c 1c 34 09 9a cd 38 db 22 46 cd 48 b7 bb 53 00 22 22 3a 58 38 cf a3 b1 f5 10>,
    baseKeyType: 1,
    closed: -1,
    used: 1781317446270,
    created: 1781317446270,
    remoteIdentityKey: <Buffer 05 05 b6 d7 1d fe f8 f3 58 ff 16 03 8b 04 44 7b e5 23 c7 a9 e9 ce ad 37 f6 2c 3e 20 ad 60 a6 b7 1d>
  },
  pendingPreKey: {
    signedKeyId: 9561463,
    baseKey: <Buffer 05 f0 c2 d0 07 00 59 7c 1c 34 09 9a cd 38 db 22 46 cd 48 b7 bb 53 00 22 22 3a 58 38 cf a3 b1 f5 10>,
    preKeyId: 47
  }
}
Closing session: SessionEntry {
  _chains: {
    'BQknD173Wq8KsViAixjfRV/x7F5kEiZ02KWdpKNtbQMI': { chainKey: [Object], chainType: 1, messageKeys: {} }
  },
  registrationId: 1656991293,
  currentRatchet: {
    ephemeralKeyPair: {
      pubKey: <Buffer 05 09 27 0f 5e f7 5a af 0a b1 58 80 8b 18 df 45 5f f1 ec 5e 64 12 26 74 d8 a5 9d a4 a3 6d 6d 03 08>,
      privKey: <Buffer 58 66 7e 0c 80 9d 54 a1 6f 8e 92 0a 6f 74 69 e5 9a 5b b0 ab a6 75 d4 dd d1 78 4c 78 87 f0 77 64>
    },
    lastRemoteEphemeralKey: <Buffer 05 a6 69 7d 22 88 25 47 77 e9 e7 90 36 c7 9b 22 61 bf 15 22 72 9a a1 19 c0 52 64 bb c4 a1 7e e5 66>,
    previousCounter: 0,
    rootKey: <Buffer 7b 37 a9 30 78 3c 85 b6 13 15 c2 3e ad 40 ef b6 b4 69 0e 17 e0 31 f1 71 69 01 9a 2f a6 40 d8 f5>
  },
  indexInfo: {
    baseKey: <Buffer 05 f3 f1 a3 91 27 b8 86 76 00 b4 40 71 f6 c4 79 7a 66 58 17 e2 fd 10 ef a5 44 e7 dd f2 aa 78 6b 71>,
    baseKeyType: 1,
    closed: -1,
    used: 1781317447309,
    created: 1781317447309,
    remoteIdentityKey: <Buffer 05 05 b6 d7 1d fe f8 f3 58 ff 16 03 8b 04 44 7b e5 23 c7 a9 e9 ce ad 37 f6 2c 3e 20 ad 60 a6 b7 1d>
  },
  pendingPreKey: {
    signedKeyId: 9561463,
    baseKey: <Buffer 05 f3 f1 a3 91 27 b8 86 76 00 b4 40 71 f6 c4 79 7a 66 58 17 e2 fd 10 ef a5 44 e7 dd f2 aa 78 6b 71>,
    preKeyId: 781
  }
}
Closing session: SessionEntry {
  _chains: {
    'BaKcFxzAcJ/YLpmuMqzj4dWUePJHQ7Y3xNioOtAyE1cX': { chainKey: [Object], chainType: 1, messageKeys: {} }
  },
  registrationId: 1656991293,
  currentRatchet: {
    ephemeralKeyPair: {
      pubKey: <Buffer 05 a2 9c 17 1c c0 70 9f d8 2e 99 ae 32 ac e3 e1 d5 94 78 f2 47 43 b6 37 c4 d8 a8 3a d0 32 13 57 17>,
      privKey: <Buffer 48 21 9a 65 6a 00 84 de aa 23 48 a7 0e 6d 85 70 dc ab 58 35 1e 8f 88 62 6c 04 9e 5a 16 a9 82 66>
    },
    lastRemoteEphemeralKey: <Buffer 05 a6 69 7d 22 88 25 47 77 e9 e7 90 36 c7 9b 22 61 bf 15 22 72 9a a1 19 c0 52 64 bb c4 a1 7e e5 66>,
    previousCounter: 0,
    rootKey: <Buffer 7d 6f 7a 27 0c 19 7b 4a 2e 81 29 8a 6d 47 92 51 6b 3e 05 fa 5f 15 22 d1 3c 77 1a bc 7a 9d c3 cb>
  },
  indexInfo: {
    baseKey: <Buffer 05 7b 0f bd de 46 1d b7 b9 b6 aa 5d 62 d9 8e 10 ed cd 4d 8f ff 60 d0 8f 9e 73 85 ae fe fe 4d be 1b>,
    baseKeyType: 1,
    closed: -1,
    used: 1781317448323,
    created: 1781317448323,
    remoteIdentityKey: <Buffer 05 05 b6 d7 1d fe f8 f3 58 ff 16 03 8b 04 44 7b e5 23 c7 a9 e9 ce ad 37 f6 2c 3e 20 ad 60 a6 b7 1d>
  },
  pendingPreKey: {
    signedKeyId: 9561463,
    baseKey: <Buffer 05 7b 0f bd de 46 1d b7 b9 b6 aa 5d 62 d9 8e 10 ed cd 4d 8f ff 60 d0 8f 9e 73 85 ae fe fe 4d be 1b>,
    preKeyId: 738
  }
}
Closing session: SessionEntry {
  _chains: {
    'BUESwpDQJVcnMKt/5jIIWiS6Vk7TJIXLTPh4uly0FxRH': { chainKey: [Object], chainType: 1, messageKeys: {} }
  },
  registrationId: 1656991293,
  currentRatchet: {
    ephemeralKeyPair: {
      pubKey: <Buffer 05 41 12 c2 90 d0 25 57 27 30 ab 7f e6 32 08 5a 24 ba 56 4e d3 24 85 cb 4c f8 78 ba 5c b4 17 14 47>,
      privKey: <Buffer c0 c5 e5 f8 67 90 f1 1a 32 8b 4a 88 61 00 15 34 53 38 9e ff 32 f6 f8 69 0b 34 3c 6d a5 69 ef 74>
    },
    lastRemoteEphemeralKey: <Buffer 05 a6 69 7d 22 88 25 47 77 e9 e7 90 36 c7 9b 22 61 bf 15 22 72 9a a1 19 c0 52 64 bb c4 a1 7e e5 66>,
    previousCounter: 0,
    rootKey: <Buffer 7b 77 28 b2 8d 0a a8 cb 1b 21 27 d6 fe b4 9f 04 9e e5 1d f0 e5 1e f6 d5 2e 5b fa 7e 5b 33 9e fb>
  },
  indexInfo: {
    baseKey: <Buffer 05 ea b4 f3 25 d6 9a 23 ea 65 d8 1c 19 86 cf cc bb d7 4f 7e 3a 87 c5 38 c2 d5 80 ad 6a cd 80 90 72>,
    baseKeyType: 1,
    closed: -1,
    used: 1781317449268,
    created: 1781317449268,
    remoteIdentityKey: <Buffer 05 05 b6 d7 1d fe f8 f3 58 ff 16 03 8b 04 44 7b e5 23 c7 a9 e9 ce ad 37 f6 2c 3e 20 ad 60 a6 b7 1d>
  },
  pendingPreKey: {
    signedKeyId: 9561463,
    baseKey: <Buffer 05 ea b4 f3 25 d6 9a 23 ea 65 d8 1c 19 86 cf cc bb d7 4f 7e 3a 87 c5 38 c2 d5 80 ad 6a cd 80 90 72>,
    preKeyId: 808
  }
}
Closing session: SessionEntry {
  _chains: {
    'Ba+A2mfWnV3O5skex1b0O8kZaTtyLsGdMecae5mYrdQS': { chainKey: [Object], chainType: 1, messageKeys: {} }
  },
  registrationId: 1656991293,
  currentRatchet: {
    ephemeralKeyPair: {
      pubKey: <Buffer 05 af 80 da 67 d6 9d 5d ce e6 c9 1e c7 56 f4 3b c9 19 69 3b 72 2e c1 9d 31 e7 1a 7b 99 98 ad d4 12>,
      privKey: <Buffer a0 b5 b9 3b e8 d9 8c 14 97 a8 23 57 86 bd ab 5e 8b 45 64 5c 92 cb 7f 9f 4d 55 84 c2 b6 9f 69 47>
    },
    lastRemoteEphemeralKey: <Buffer 05 a6 69 7d 22 88 25 47 77 e9 e7 90 36 c7 9b 22 61 bf 15 22 72 9a a1 19 c0 52 64 bb c4 a1 7e e5 66>,
    previousCounter: 0,
    rootKey: <Buffer 25 ed 65 15 ea 7e 51 24 8e 9d 3e 04 c7 96 65 a7 6f 7f 6e f7 0e a9 06 6b ff d3 56 93 84 b1 6e c8>
  },
  indexInfo: {
    baseKey: <Buffer 05 5f 25 3b 2d 1d 1f 95 60 e8 e3 6b e9 ce 1f 4c ca 1e f5 d8 69 58 b2 63 f0 df e1 20 81 3f 6a 5d 1d>,
    baseKeyType: 1,
    closed: -1,
    used: 1781317450311,
    created: 1781317450311,
    remoteIdentityKey: <Buffer 05 05 b6 d7 1d fe f8 f3 58 ff 16 03 8b 04 44 7b e5 23 c7 a9 e9 ce ad 37 f6 2c 3e 20 ad 60 a6 b7 1d>
  },
  pendingPreKey: {
    signedKeyId: 9561463,
    baseKey: <Buffer 05 5f 25 3b 2d 1d 1f 95 60 e8 e3 6b e9 ce 1f 4c ca 1e f5 d8 69 58 b2 63 f0 df e1 20 81 3f 6a 5d 1d>,
    preKeyId: 765
  }
}
Closing session: SessionEntry {
  _chains: {
    'BWLaGRutb/Urj6+mtaykUUO6Xp3JtRw+I9YJ/vbj7HA7': { chainKey: [Object], chainType: 1, messageKeys: {} }
  },
  registrationId: 1656991293,
  currentRatchet: {
    ephemeralKeyPair: {
      pubKey: <Buffer 05 62 da 19 1b ad 6f f5 2b 8f af a6 b5 ac a4 51 43 ba 5e 9d c9 b5 1c 3e 23 d6 09 fe f6 e3 ec 70 3b>,
      privKey: <Buffer a8 cc 94 86 7e 12 78 f2 0c 47 51 91 79 b9 e1 25 f6 b3 5f c2 10 4c 1c 76 62 19 fd 94 d4 eb 43 5c>
    },
    lastRemoteEphemeralKey: <Buffer 05 a6 69 7d 22 88 25 47 77 e9 e7 90 36 c7 9b 22 61 bf 15 22 72 9a a1 19 c0 52 64 bb c4 a1 7e e5 66>,
    previousCounter: 0,
    rootKey: <Buffer 72 13 7b e0 29 f2 dc 31 a9 9c cf b9 bc 1f 06 bd 7e 45 ae be b8 e5 9d b5 17 08 ab b7 47 d5 5f 30>
  },
  indexInfo: {
    baseKey: <Buffer 05 4b ae 99 74 51 74 fe da aa ce 9f 53 ec 8c 11 d8 fb 34 61 89 bd 67 74 51 ab 79 9b c7 1a da ce 06>,
    baseKeyType: 1,
    closed: -1,
    used: 1781317451301,
    created: 1781317451301,
    remoteIdentityKey: <Buffer 05 05 b6 d7 1d fe f8 f3 58 ff 16 03 8b 04 44 7b e5 23 c7 a9 e9 ce ad 37 f6 2c 3e 20 ad 60 a6 b7 1d>
  },
  pendingPreKey: {
    signedKeyId: 9561463,
    baseKey: <Buffer 05 4b ae 99 74 51 74 fe da aa ce 9f 53 ec 8c 11 d8 fb 34 61 89 bd 67 74 51 ab 79 9b c7 1a da ce 06>,
    preKeyId: 780
  }
}
Closing session: SessionEntry {
  _chains: {
    'BTjZPW+0smlm9JHejWT8zH90fZjrom30aDsE0eXaepJg': { chainKey: [Object], chainType: 1, messageKeys: {} }
  },
  registrationId: 1656991293,
  currentRatchet: {
    ephemeralKeyPair: {
      pubKey: <Buffer 05 38 d9 3d 6f b4 b2 69 66 f4 91 de 8d 64 fc cc 7f 74 7d 98 eb a2 6d f4 68 3b 04 d1 e5 da 7a 92 60>,
      privKey: <Buffer 00 e3 a4 25 b8 88 1e 0f c1 6f ff f5 d3 3d 1c a1 de f2 e8 b9 9f 31 d3 c7 12 5e 8b e4 83 69 28 71>
    },
    lastRemoteEphemeralKey: <Buffer 05 a6 69 7d 22 88 25 47 77 e9 e7 90 36 c7 9b 22 61 bf 15 22 72 9a a1 19 c0 52 64 bb c4 a1 7e e5 66>,
    previousCounter: 0,
    rootKey: <Buffer 0d 93 36 7f c7 c5 ad f0 73 41 ad 1e e7 88 97 c0 2f 2b 1d f7 56 92 5b b5 52 d5 03 76 5f 53 73 d1>
  },
  indexInfo: {
    baseKey: <Buffer 05 1e 06 bd 18 c1 cf ed 0e 2b c7 9a 15 fc ac f0 40 f5 14 73 11 5e 1a 44 3e e1 20 67 48 b6 bc 1d 43>,
    baseKeyType: 1,
    closed: -1,
    used: 1781317452279,
    created: 1781317452279,
    remoteIdentityKey: <Buffer 05 05 b6 d7 1d fe f8 f3 58 ff 16 03 8b 04 44 7b e5 23 c7 a9 e9 ce ad 37 f6 2c 3e 20 ad 60 a6 b7 1d>
  },
  pendingPreKey: {
    signedKeyId: 9561463,
    baseKey: <Buffer 05 1e 06 bd 18 c1 cf ed 0e 2b c7 9a 15 fc ac f0 40 f5 14 73 11 5e 1a 44 3e e1 20 67 48 b6 bc 1d 43>,
    preKeyId: 99
  }
}
Closing session: SessionEntry {
  _chains: {
    BS6wl8BBGUmZUxTsbcWjANKLd7xcM16CTQSBnzvyCiUF: { chainKey: [Object], chainType: 1, messageKeys: {} }
  },
  registrationId: 1656991293,
  currentRatchet: {
    ephemeralKeyPair: {
      pubKey: <Buffer 05 2e b0 97 c0 41 19 49 99 53 14 ec 6d c5 a3 00 d2 8b 77 bc 5c 33 5e 82 4d 04 81 9f 3b f2 0a 25 05>,
      privKey: <Buffer 78 22 12 05 58 b7 9e 33 50 20 f9 e9 6f 64 2b 9b 9c 74 57 d2 6d 1f 6b 6e fc 5f cc 3f 36 e9 3b 7b>
    },
    lastRemoteEphemeralKey: <Buffer 05 a6 69 7d 22 88 25 47 77 e9 e7 90 36 c7 9b 22 61 bf 15 22 72 9a a1 19 c0 52 64 bb c4 a1 7e e5 66>,
    previousCounter: 0,
    rootKey: <Buffer 24 81 f3 94 3c 96 16 65 44 9a b7 d6 b6 cf 98 1b 9d 30 79 38 af d9 38 2f c0 59 7d 98 07 f3 d2 f4>
  },
  indexInfo: {
    baseKey: <Buffer 05 9a 54 14 5c 15 1b 6f de 06 74 35 b6 89 dd 70 c1 5c 61 99 a3 58 c9 e7 a2 ca 97 ac 3b 80 11 5c 07>,
    baseKeyType: 1,
    closed: -1,
    used: 1781317453296,
    created: 1781317453296,
    remoteIdentityKey: <Buffer 05 05 b6 d7 1d fe f8 f3 58 ff 16 03 8b 04 44 7b e5 23 c7 a9 e9 ce ad 37 f6 2c 3e 20 ad 60 a6 b7 1d>
  },
  pendingPreKey: {
    signedKeyId: 9561463,
    baseKey: <Buffer 05 9a 54 14 5c 15 1b 6f de 06 74 35 b6 89 dd 70 c1 5c 61 99 a3 58 c9 e7 a2 ca 97 ac 3b 80 11 5c 07>,
    preKeyId: 720
  }
}
Closing session: SessionEntry {
  _chains: {
    'BUP2Ygm66PWh6QqJVMKYqdwy4cT/X8NU8snBMC5F9cJr': { chainKey: [Object], chainType: 1, messageKeys: {} }
  },
  registrationId: 1656991293,
  currentRatchet: {
    ephemeralKeyPair: {
      pubKey: <Buffer 05 43 f6 62 09 ba e8 f5 a1 e9 0a 89 54 c2 98 a9 dc 32 e1 c4 ff 5f c3 54 f2 c9 c1 30 2e 45 f5 c2 6b>,
      privKey: <Buffer e0 ba 49 f2 23 b9 d3 b5 3a 6a 2b 8e ba d8 1d 2e 00 1d 89 21 81 bb e4 cb a9 97 a5 ad 4d ca 4a 77>
    },
    lastRemoteEphemeralKey: <Buffer 05 a6 69 7d 22 88 25 47 77 e9 e7 90 36 c7 9b 22 61 bf 15 22 72 9a a1 19 c0 52 64 bb c4 a1 7e e5 66>,
    previousCounter: 0,
    rootKey: <Buffer 57 04 79 f5 f3 b7 d5 f3 30 6e fb aa 68 b4 fb 31 3c 2c e6 ba 54 fe 9f f0 63 2a ec 88 ea f8 41 b0>
  },
  indexInfo: {
    baseKey: <Buffer 05 47 00 cb a6 77 1f 5f c4 c9 cf e2 d8 5a eb fd e6 45 80 af 2f db 48 02 3b 18 d5 55 2b 77 40 ee 34>,
    baseKeyType: 1,
    closed: -1,
    used: 1781317454282,
    created: 1781317454282,
    remoteIdentityKey: <Buffer 05 05 b6 d7 1d fe f8 f3 58 ff 16 03 8b 04 44 7b e5 23 c7 a9 e9 ce ad 37 f6 2c 3e 20 ad 60 a6 b7 1d>
  },
  pendingPreKey: {
    signedKeyId: 9561463,
    baseKey: <Buffer 05 47 00 cb a6 77 1f 5f c4 c9 cf e2 d8 5a eb fd e6 45 80 af 2f db 48 02 3b 18 d5 55 2b 77 40 ee 34>,
    preKeyId: 78
  }
}
Closing session: SessionEntry {
  _chains: {
    'BQZJS4t7gMFGaB1NZEcdjAlgryiO+gVG3LfouF3TOWM8': { chainKey: [Object], chainType: 1, messageKeys: {} }
  },
  registrationId: 1656991293,
  currentRatchet: {
    ephemeralKeyPair: {
      pubKey: <Buffer 05 06 49 4b 8b 7b 80 c1 46 68 1d 4d 64 47 1d 8c 09 60 af 28 8e fa 05 46 dc b7 e8 b8 5d d3 39 63 3c>,
      privKey: <Buffer a8 5e b6 42 87 37 0b fc b0 5a 2d fe 8b f8 47 fa 55 6c 8c 3c 85 33 9a 94 2e 7f 1f be 0d da e8 6f>
    },
    lastRemoteEphemeralKey: <Buffer 05 a6 69 7d 22 88 25 47 77 e9 e7 90 36 c7 9b 22 61 bf 15 22 72 9a a1 19 c0 52 64 bb c4 a1 7e e5 66>,
    previousCounter: 0,
    rootKey: <Buffer 59 19 14 13 0c dd 12 04 24 bb b9 3d 86 9f e8 70 d5 04 fa 2e 98 cb b8 3a 3c b2 df 5f 5f f8 fc b7>
  },
  indexInfo: {
    baseKey: <Buffer 05 ac 78 50 e8 18 bb 63 39 b9 7c 32 d9 3e 22 86 ce 77 29 2d 9e e3 22 60 ac 7c 23 17 2a 8e ca b0 46>,
    baseKeyType: 1,
    closed: -1,
    used: 1781317455313,
    created: 1781317455313,
    remoteIdentityKey: <Buffer 05 05 b6 d7 1d fe f8 f3 58 ff 16 03 8b 04 44 7b e5 23 c7 a9 e9 ce ad 37 f6 2c 3e 20 ad 60 a6 b7 1d>
  },
  pendingPreKey: {
    signedKeyId: 9561463,
    baseKey: <Buffer 05 ac 78 50 e8 18 bb 63 39 b9 7c 32 d9 3e 22 86 ce 77 29 2d 9e e3 22 60 ac 7c 23 17 2a 8e ca b0 46>,
    preKeyId: 742
  }
}
Closing session: SessionEntry {
  _chains: {
    'BTyx/qHwtesH26lq0k3JK00yjBqwD9vEbM6RyvMvZRgw': { chainKey: [Object], chainType: 1, messageKeys: {} }
  },
  registrationId: 1656991293,
  currentRatchet: {
    ephemeralKeyPair: {
      pubKey: <Buffer 05 3c b1 fe a1 f0 b5 eb 07 db a9 6a d2 4d c9 2b 4d 32 8c 1a b0 0f db c4 6c ce 91 ca f3 2f 65 18 30>,
      privKey: <Buffer 30 bf c7 1b eb 2d ef d6 a5 be 5c f8 69 0c cb d2 fc 89 2c a9 9a 93 13 96 ce 36 b1 e8 db 19 03 53>
    },
    lastRemoteEphemeralKey: <Buffer 05 a6 69 7d 22 88 25 47 77 e9 e7 90 36 c7 9b 22 61 bf 15 22 72 9a a1 19 c0 52 64 bb c4 a1 7e e5 66>,
    previousCounter: 0,
    rootKey: <Buffer e0 52 98 16 59 b1 a2 e0 c6 7c 89 89 c6 86 f2 aa 80 d5 71 6d 4b 7c d3 a1 92 69 10 a3 9d 44 e5 3b>
  },
  indexInfo: {
    baseKey: <Buffer 05 8f f2 37 66 14 6d 36 5e a6 d0 fc a4 6f 8d c1 93 27 ba 2b 15 68 c4 bb da 10 4d 13 cc 3b 74 aa 14>,
    baseKeyType: 1,
    closed: -1,
    used: 1781317456313,
    created: 1781317456313,
    remoteIdentityKey: <Buffer 05 05 b6 d7 1d fe f8 f3 58 ff 16 03 8b 04 44 7b e5 23 c7 a9 e9 ce ad 37 f6 2c 3e 20 ad 60 a6 b7 1d>
  },
  pendingPreKey: {
    signedKeyId: 9561463,
    baseKey: <Buffer 05 8f f2 37 66 14 6d 36 5e a6 d0 fc a4 6f 8d c1 93 27 ba 2b 15 68 c4 bb da 10 4d 13 cc 3b 74 aa 14>,
    preKeyId: 95
  }
}
Closing session: SessionEntry {
  _chains: {
    'BWlIAYsHsy4rvR+3tcXhvZp+l8LNK5fCTN0NuPI29aY2': { chainKey: [Object], chainType: 1, messageKeys: {} }
  },
  registrationId: 1656991293,
  currentRatchet: {
    ephemeralKeyPair: {
      pubKey: <Buffer 05 69 48 01 8b 07 b3 2e 2b bd 1f b7 b5 c5 e1 bd 9a 7e 97 c2 cd 2b 97 c2 4c dd 0d b8 f2 36 f5 a6 36>,
      privKey: <Buffer 18 60 07 f1 7d ea e4 e1 41 a6 b5 e7 57 76 22 52 e3 b3 ef 33 d6 56 6b 9b a4 9d 5f 52 9d bb 82 59>
    },
    lastRemoteEphemeralKey: <Buffer 05 a6 69 7d 22 88 25 47 77 e9 e7 90 36 c7 9b 22 61 bf 15 22 72 9a a1 19 c0 52 64 bb c4 a1 7e e5 66>,
    previousCounter: 0,
    rootKey: <Buffer b7 a8 f4 50 47 a5 62 49 20 e4 08 46 9f 26 91 ee 22 9a e6 b6 34 18 aa 81 52 99 f9 e6 be d9 3c e3>
  },
  indexInfo: {
    baseKey: <Buffer 05 bf fd de 1c b5 f7 a2 a8 21 3c fb a6 f3 6b 64 91 fc 03 e3 d0 5c b1 d2 b9 c7 66 80 95 16 62 60 1b>,
    baseKeyType: 1,
    closed: -1,
    used: 1781317457278,
    created: 1781317457278,
    remoteIdentityKey: <Buffer 05 05 b6 d7 1d fe f8 f3 58 ff 16 03 8b 04 44 7b e5 23 c7 a9 e9 ce ad 37 f6 2c 3e 20 ad 60 a6 b7 1d>
  },
  pendingPreKey: {
    signedKeyId: 9561463,
    baseKey: <Buffer 05 bf fd de 1c b5 f7 a2 a8 21 3c fb a6 f3 6b 64 91 fc 03 e3 d0 5c b1 d2 b9 c7 66 80 95 16 62 60 1b>,
    preKeyId: 731
  }
}
Closing session: SessionEntry {
  _chains: {
    'BaFqcsL0aW/4NbOPtpZOfm8aji7Dsd3GUWpNPr0AJp9G': { chainKey: [Object], chainType: 1, messageKeys: {} }
  },
  registrationId: 1656991293,
  currentRatchet: {
    ephemeralKeyPair: {
      pubKey: <Buffer 05 a1 6a 72 c2 f4 69 6f f8 35 b3 8f b6 96 4e 7e 6f 1a 8e 2e c3 b1 dd c6 51 6a 4d 3e bd 00 26 9f 46>,
      privKey: <Buffer f8 07 6b 40 cf 40 48 b7 80 06 ce 0d 1e 29 d5 a3 3f 22 41 e8 15 e7 9c 1f 9d d7 04 56 3b 31 ac 68>
    },
    lastRemoteEphemeralKey: <Buffer 05 a6 69 7d 22 88 25 47 77 e9 e7 90 36 c7 9b 22 61 bf 15 22 72 9a a1 19 c0 52 64 bb c4 a1 7e e5 66>,
    previousCounter: 0,
    rootKey: <Buffer 94 93 17 27 3d f5 0e 80 01 3f 47 8e ad 83 03 73 85 69 c3 35 92 97 9a 3e 1e 19 5a 2f f4 f0 48 1a>
  },
  indexInfo: {
    baseKey: <Buffer 05 a3 c5 c1 50 e3 6b 4e f0 b1 96 88 6e 30 d2 05 00 17 bc 54 23 ca e3 b0 80 1e 74 bb 64 f4 84 06 30>,
    baseKeyType: 1,
    closed: -1,
    used: 1781317458504,
    created: 1781317458504,
    remoteIdentityKey: <Buffer 05 05 b6 d7 1d fe f8 f3 58 ff 16 03 8b 04 44 7b e5 23 c7 a9 e9 ce ad 37 f6 2c 3e 20 ad 60 a6 b7 1d>
  },
  pendingPreKey: {
    signedKeyId: 9561463,
    baseKey: <Buffer 05 a3 c5 c1 50 e3 6b 4e f0 b1 96 88 6e 30 d2 05 00 17 bc 54 23 ca e3 b0 80 1e 74 bb 64 f4 84 06 30>,
    preKeyId: 769
  }
}
Closing session: SessionEntry {
  _chains: {
    'BRGuH5iPb9k3f7uFcGdjB/avO2EccE/SMPrKiPTsju0x': { chainKey: [Object], chainType: 1, messageKeys: {} }
  },
  registrationId: 1656991293,
  currentRatchet: {
    ephemeralKeyPair: {
      pubKey: <Buffer 05 11 ae 1f 98 8f 6f d9 37 7f bb 85 70 67 63 07 f6 af 3b 61 1c 70 4f d2 30 fa ca 88 f4 ec 8e ed 31>,
      privKey: <Buffer 58 4a 17 e0 06 02 1a 42 b1 60 16 7f 4b 50 7d 03 96 64 20 b0 e9 af fc f3 02 01 31 b6 2b 25 39 68>
    },
    lastRemoteEphemeralKey: <Buffer 05 a6 69 7d 22 88 25 47 77 e9 e7 90 36 c7 9b 22 61 bf 15 22 72 9a a1 19 c0 52 64 bb c4 a1 7e e5 66>,
    previousCounter: 0,
    rootKey: <Buffer a6 90 e3 e3 de 48 7a 8f d5 f5 a0 10 da e1 32 a9 73 96 9d dc 34 bb 14 e8 ec e5 b7 19 fb 2c 73 35>
  },
  indexInfo: {
    baseKey: <Buffer 05 bf a4 78 e9 00 1b 5c f2 b3 ec 8e 03 d8 69 5f 72 69 d1 e1 5e a7 c0 d2 a4 ca aa 38 c2 a0 9e 0e 1b>,
    baseKeyType: 1,
    closed: -1,
    used: 1781317459481,
    created: 1781317459481,
    remoteIdentityKey: <Buffer 05 05 b6 d7 1d fe f8 f3 58 ff 16 03 8b 04 44 7b e5 23 c7 a9 e9 ce ad 37 f6 2c 3e 20 ad 60 a6 b7 1d>
  },
  pendingPreKey: {
    signedKeyId: 9561463,
    baseKey: <Buffer 05 bf a4 78 e9 00 1b 5c f2 b3 ec 8e 03 d8 69 5f 72 69 d1 e1 5e a7 c0 d2 a4 ca aa 38 c2 a0 9e 0e 1b>,
    preKeyId: 812
  }
}
Closing session: SessionEntry {
  _chains: {
    BRAwTXKV7XpfZqUpHE2ecY3PbJky7HiV4soKxbGuegNs: { chainKey: [Object], chainType: 1, messageKeys: {} }
  },
  registrationId: 1656991293,
  currentRatchet: {
    ephemeralKeyPair: {
      pubKey: <Buffer 05 10 30 4d 72 95 ed 7a 5f 66 a5 29 1c 4d 9e 71 8d cf 6c 99 32 ec 78 95 e2 ca 0a c5 b1 ae 7a 03 6c>,
      privKey: <Buffer 00 17 be e2 32 24 73 72 f2 77 1a 5a 5d c2 ef fa 98 a9 0b 82 8e bd e7 6a 0c c7 5d ec f0 78 13 4d>
    },
    lastRemoteEphemeralKey: <Buffer 05 a6 69 7d 22 88 25 47 77 e9 e7 90 36 c7 9b 22 61 bf 15 22 72 9a a1 19 c0 52 64 bb c4 a1 7e e5 66>,
    previousCounter: 0,
    rootKey: <Buffer f6 53 94 35 23 10 2d 8d 00 1e 3d e8 26 08 c6 e2 b1 ab 0a f2 66 34 91 2e f6 a9 a9 8a f6 2b 8e 88>
  },
  indexInfo: {
    baseKey: <Buffer 05 51 f5 83 fb 85 30 10 80 78 4c 1c 98 f4 4c e1 ab 4e 60 a6 1f 10 f5 d3 b7 74 b8 c9 20 5b eb 7e 64>,
    baseKeyType: 1,
    closed: -1,
    used: 1781317460450,
    created: 1781317460450,
    remoteIdentityKey: <Buffer 05 05 b6 d7 1d fe f8 f3 58 ff 16 03 8b 04 44 7b e5 23 c7 a9 e9 ce ad 37 f6 2c 3e 20 ad 60 a6 b7 1d>
  },
  pendingPreKey: {
    signedKeyId: 9561463,
    baseKey: <Buffer 05 51 f5 83 fb 85 30 10 80 78 4c 1c 98 f4 4c e1 ab 4e 60 a6 1f 10 f5 d3 b7 74 b8 c9 20 5b eb 7e 64>,
    preKeyId: 90
  }
}
Closing session: SessionEntry {
  _chains: {
    BTD1NzdgkR84tZDovhe5a2oP6nCkzutXIl3UBQaCgH8q: { chainKey: [Object], chainType: 1, messageKeys: {} }
  },
  registrationId: 1656991293,
  currentRatchet: {
    ephemeralKeyPair: {
      pubKey: <Buffer 05 30 f5 37 37 60 91 1f 38 b5 90 e8 be 17 b9 6b 6a 0f ea 70 a4 ce eb 57 22 5d d4 05 06 82 80 7f 2a>,
      privKey: <Buffer 78 85 1b 5e d8 0f e8 9c 9c 23 a4 e1 7a c1 71 90 4b 6d 4a 15 bb 6e 88 1e 56 1a 65 95 3f 25 2b 57>
    },
    lastRemoteEphemeralKey: <Buffer 05 a6 69 7d 22 88 25 47 77 e9 e7 90 36 c7 9b 22 61 bf 15 22 72 9a a1 19 c0 52 64 bb c4 a1 7e e5 66>,
    previousCounter: 0,
    rootKey: <Buffer 88 80 ae 11 af 8d f6 13 a9 85 b8 c9 3a 9a 89 ba c4 3c 35 76 56 65 a0 93 45 0e 2c a4 df bf 71 1e>
  },
  indexInfo: {
    baseKey: <Buffer 05 f2 dd 05 61 80 18 04 98 33 15 92 8f 3a 2c 0e 8b c7 57 86 ef f7 3b 06 e1 64 2c 92 86 6f 38 05 1d>,
    baseKeyType: 1,
    closed: -1,
    used: 1781317461460,
    created: 1781317461460,
    remoteIdentityKey: <Buffer 05 05 b6 d7 1d fe f8 f3 58 ff 16 03 8b 04 44 7b e5 23 c7 a9 e9 ce ad 37 f6 2c 3e 20 ad 60 a6 b7 1d>
  },
  pendingPreKey: {
    signedKeyId: 9561463,
    baseKey: <Buffer 05 f2 dd 05 61 80 18 04 98 33 15 92 8f 3a 2c 0e 8b c7 57 86 ef f7 3b 06 e1 64 2c 92 86 6f 38 05 1d>,
    preKeyId: 70
  }
}
Closing session: SessionEntry {
  _chains: {
    'BXUKpqbdqc6Vl7yvEtixAQLY8RXYOxbKOxKBYNh8T+1l': { chainKey: [Object], chainType: 1, messageKeys: {} }
  },
  registrationId: 1656991293,
  currentRatchet: {
    ephemeralKeyPair: {
      pubKey: <Buffer 05 75 0a a6 a6 dd a9 ce 95 97 bc af 12 d8 b1 01 02 d8 f1 15 d8 3b 16 ca 3b 12 81 60 d8 7c 4f ed 65>,
      privKey: <Buffer 88 34 c8 9b ce 00 16 78 42 3f 82 cb 39 04 11 f7 12 39 c7 dc 26 4b 7d e3 d0 d0 cf d8 1f e4 2b 6c>
    },
    lastRemoteEphemeralKey: <Buffer 05 a6 69 7d 22 88 25 47 77 e9 e7 90 36 c7 9b 22 61 bf 15 22 72 9a a1 19 c0 52 64 bb c4 a1 7e e5 66>,
    previousCounter: 0,
    rootKey: <Buffer bc 14 db 8c 5f cd 55 3f db 3a e1 b1 a2 c1 f9 ce 29 16 be 22 d8 73 c8 4c 34 a5 7b a3 be b4 27 e0>
  },
  indexInfo: {
    baseKey: <Buffer 05 6e 1f ff e0 d6 a1 76 ba e4 d9 7b ec b0 5b 87 bb 26 67 8c 51 58 d3 e3 d6 18 cd ec cb 3d f6 e5 46>,
    baseKeyType: 1,
    closed: -1,
    used: 1781317462490,
    created: 1781317462490,
    remoteIdentityKey: <Buffer 05 05 b6 d7 1d fe f8 f3 58 ff 16 03 8b 04 44 7b e5 23 c7 a9 e9 ce ad 37 f6 2c 3e 20 ad 60 a6 b7 1d>
  },
  pendingPreKey: {
    signedKeyId: 9561463,
    baseKey: <Buffer 05 6e 1f ff e0 d6 a1 76 ba e4 d9 7b ec b0 5b 87 bb 26 67 8c 51 58 d3 e3 d6 18 cd ec cb 3d f6 e5 46>,
    preKeyId: 763
  }
}
Closing session: SessionEntry {
  _chains: {
    'BY6NvuBG5SkmpLN8Q+tjCQwRLaTjmVfVGd+3Vgo6FpFn': { chainKey: [Object], chainType: 1, messageKeys: {} }
  },
  registrationId: 1656991293,
  currentRatchet: {
    ephemeralKeyPair: {
      pubKey: <Buffer 05 8e 8d be e0 46 e5 29 26 a4 b3 7c 43 eb 63 09 0c 11 2d a4 e3 99 57 d5 19 df b7 56 0a 3a 16 91 67>,
      privKey: <Buffer 90 75 34 11 be 88 4e ec cb b8 a1 11 ff c2 4e cb c9 5d 75 57 a6 a7 e8 f8 68 06 f1 0a 35 6b 8e 54>
    },
    lastRemoteEphemeralKey: <Buffer 05 a6 69 7d 22 88 25 47 77 e9 e7 90 36 c7 9b 22 61 bf 15 22 72 9a a1 19 c0 52 64 bb c4 a1 7e e5 66>,
    previousCounter: 0,
    rootKey: <Buffer dc b4 4b 1a 70 4d 31 56 d4 ad 0c 96 cc 95 63 56 60 ed 53 4c fc f6 ce 7b af 84 30 2b 86 cf b8 6d>
  },
  indexInfo: {
    baseKey: <Buffer 05 4d c7 c2 1e 35 7f 0a 84 7f 92 6c ac a5 11 62 50 ac 34 03 79 55 13 13 fc 1c 33 d3 4f 1b 3b ad 35>,
    baseKeyType: 1,
    closed: -1,
    used: 1781317463477,
    created: 1781317463477,
    remoteIdentityKey: <Buffer 05 05 b6 d7 1d fe f8 f3 58 ff 16 03 8b 04 44 7b e5 23 c7 a9 e9 ce ad 37 f6 2c 3e 20 ad 60 a6 b7 1d>
  },
  pendingPreKey: {
    signedKeyId: 9561463,
    baseKey: <Buffer 05 4d c7 c2 1e 35 7f 0a 84 7f 92 6c ac a5 11 62 50 ac 34 03 79 55 13 13 fc 1c 33 d3 4f 1b 3b ad 35>,
    preKeyId: 12
  }
}
Closing session: SessionEntry {
  _chains: {
    'BYPmqpXsLmIcJj4+PBlLVcaFdmiirTn762xmCSDrZpJf': { chainKey: [Object], chainType: 1, messageKeys: {} }
  },
  registrationId: 1656991293,
  currentRatchet: {
    ephemeralKeyPair: {
      pubKey: <Buffer 05 83 e6 aa 95 ec 2e 62 1c 26 3e 3e 3c 19 4b 55 c6 85 76 68 a2 ad 39 fb eb 6c 66 09 20 eb 66 92 5f>,
      privKey: <Buffer 90 02 e5 ae 6c a0 8f e0 d1 70 d5 70 70 ba c9 33 ee e6 1e 3f d3 28 16 f5 9d 08 ad 7d fe ff 97 42>
    },
    lastRemoteEphemeralKey: <Buffer 05 a6 69 7d 22 88 25 47 77 e9 e7 90 36 c7 9b 22 61 bf 15 22 72 9a a1 19 c0 52 64 bb c4 a1 7e e5 66>,
    previousCounter: 0,
    rootKey: <Buffer 6a 45 2a 59 26 6f d5 d7 31 dd f3 e6 0f 94 2e d0 34 2c 0a 04 fb 32 a0 e9 a5 ba 10 93 03 84 33 10>
  },
  indexInfo: {
    baseKey: <Buffer 05 2c d6 bc f2 d6 e7 c0 d3 6b fe 43 85 74 8c 96 a5 c3 80 a0 07 15 85 fc ef a9 b9 57 13 ba 0c b7 21>,
    baseKeyType: 1,
    closed: -1,
    used: 1781317464475,
    created: 1781317464475,
    remoteIdentityKey: <Buffer 05 05 b6 d7 1d fe f8 f3 58 ff 16 03 8b 04 44 7b e5 23 c7 a9 e9 ce ad 37 f6 2c 3e 20 ad 60 a6 b7 1d>
  },
  pendingPreKey: {
    signedKeyId: 9561463,
    baseKey: <Buffer 05 2c d6 bc f2 d6 e7 c0 d3 6b fe 43 85 74 8c 96 a5 c3 80 a0 07 15 85 fc ef a9 b9 57 13 ba 0c b7 21>,
    preKeyId: 806
  }
}
Closing session: SessionEntry {
  _chains: {
    BV7TunSHrBv2JHBXCLlKkUyajvCRgdVdBfPGDZV97uJg: { chainKey: [Object], chainType: 1, messageKeys: {} }
  },
  registrationId: 1656991293,
  currentRatchet: {
    ephemeralKeyPair: {
      pubKey: <Buffer 05 5e d3 ba 74 87 ac 1b f6 24 70 57 08 b9 4a 91 4c 9a 8e f0 91 81 d5 5d 05 f3 c6 0d 95 7d ee e2 60>,
      privKey: <Buffer a0 30 f9 63 f0 c2 45 30 3f 76 e4 0f 73 33 65 1f e9 34 d6 32 49 eb f0 e4 a6 a1 b4 01 d1 0a 75 54>
    },
    lastRemoteEphemeralKey: <Buffer 05 a6 69 7d 22 88 25 47 77 e9 e7 90 36 c7 9b 22 61 bf 15 22 72 9a a1 19 c0 52 64 bb c4 a1 7e e5 66>,
    previousCounter: 0,
    rootKey: <Buffer db 85 3b 97 6b 8b 34 ce 9b 48 3c a9 a8 fd 4d 18 b9 3b c9 c7 0e bd 2a 8e c6 94 8d 95 9a 3f c6 f9>
  },
  indexInfo: {
    baseKey: <Buffer 05 19 1d a6 b4 02 0a 6e 92 74 bb f7 69 b4 09 4a 47 5a 72 09 b5 61 90 4b 53 0c e9 f2 8d bf cb cf 3c>,
    baseKeyType: 1,
    closed: -1,
    used: 1781317465500,
    created: 1781317465500,
    remoteIdentityKey: <Buffer 05 05 b6 d7 1d fe f8 f3 58 ff 16 03 8b 04 44 7b e5 23 c7 a9 e9 ce ad 37 f6 2c 3e 20 ad 60 a6 b7 1d>
  },
  pendingPreKey: {
    signedKeyId: 9561463,
    baseKey: <Buffer 05 19 1d a6 b4 02 0a 6e 92 74 bb f7 69 b4 09 4a 47 5a 72 09 b5 61 90 4b 53 0c e9 f2 8d bf cb cf 3c>,
    preKeyId: 104
  }
}
Closing session: SessionEntry {
  _chains: {
    Bdq4K6MJl187PpJPiHbwwYz6xsn82OHO61AnfsQ2ylpA: { chainKey: [Object], chainType: 1, messageKeys: {} }
  },
  registrationId: 1656991293,
  currentRatchet: {
    ephemeralKeyPair: {
      pubKey: <Buffer 05 da b8 2b a3 09 97 5f 3b 3e 92 4f 88 76 f0 c1 8c fa c6 c9 fc d8 e1 ce eb 50 27 7e c4 36 ca 5a 40>,
      privKey: <Buffer 40 06 61 73 75 f3 07 cf 42 3d 2d df f4 05 fc ec 4a 67 9c 46 ee 5f 37 d1 73 c1 6e 2c 80 70 ed 54>
    },
    lastRemoteEphemeralKey: <Buffer 05 a6 69 7d 22 88 25 47 77 e9 e7 90 36 c7 9b 22 61 bf 15 22 72 9a a1 19 c0 52 64 bb c4 a1 7e e5 66>,
    previousCounter: 0,
    rootKey: <Buffer ac f8 fa 13 5d 39 b5 e4 9c c3 1c 1f 99 76 5f d2 8b f9 d1 6f 4b 3a 9a 5d e0 ad b0 e0 02 cb 98 68>
  },
  indexInfo: {
    baseKey: <Buffer 05 c9 e8 9c 1f 14 13 f5 77 15 31 b1 a4 cd cf 40 07 bb ac 8e 7e fd eb 3a 2f 8e d1 23 e8 f5 7b 7e 76>,
    baseKeyType: 1,
    closed: -1,
    used: 1781317466428,
    created: 1781317466428,
    remoteIdentityKey: <Buffer 05 05 b6 d7 1d fe f8 f3 58 ff 16 03 8b 04 44 7b e5 23 c7 a9 e9 ce ad 37 f6 2c 3e 20 ad 60 a6 b7 1d>
  },
  pendingPreKey: {
    signedKeyId: 9561463,
    baseKey: <Buffer 05 c9 e8 9c 1f 14 13 f5 77 15 31 b1 a4 cd cf 40 07 bb ac 8e 7e fd eb 3a 2f 8e d1 23 e8 f5 7b 7e 76>,
    preKeyId: 81
  }
}
Closing session: SessionEntry {
  _chains: {
    BRVfvaQIgQEdpYyb8sEsGiyywKN5v5cjQL5iu40mu4AK: { chainKey: [Object], chainType: 1, messageKeys: {} }
  },
  registrationId: 1656991293,
  currentRatchet: {
    ephemeralKeyPair: {
      pubKey: <Buffer 05 15 5f bd a4 08 81 01 1d a5 8c 9b f2 c1 2c 1a 2c b2 c0 a3 79 bf 97 23 40 be 62 bb 8d 26 bb 80 0a>,
      privKey: <Buffer 88 be bd 02 ea 54 32 14 8b b1 ea 83 7c 10 eb 13 cd d2 a1 2d c2 a6 69 8f a8 70 de 9e 39 80 07 5a>
    },
    lastRemoteEphemeralKey: <Buffer 05 a6 69 7d 22 88 25 47 77 e9 e7 90 36 c7 9b 22 61 bf 15 22 72 9a a1 19 c0 52 64 bb c4 a1 7e e5 66>,
    previousCounter: 0,
    rootKey: <Buffer 5f 27 dc 73 a6 cc 3f e7 c4 30 2d fe b3 c9 c9 e5 64 33 7c 06 5b f0 07 88 89 41 f9 6c 55 dd e4 7a>
  },
  indexInfo: {
    baseKey: <Buffer 05 df 12 68 24 fe 16 72 35 df 07 a1 82 c7 ec b4 69 c7 54 81 e4 4f 55 06 d8 76 3e 42 a1 bb 52 3d 4c>,
    baseKeyType: 1,
    closed: -1,
    used: 1781317467460,
    created: 1781317467460,
    remoteIdentityKey: <Buffer 05 05 b6 d7 1d fe f8 f3 58 ff 16 03 8b 04 44 7b e5 23 c7 a9 e9 ce ad 37 f6 2c 3e 20 ad 60 a6 b7 1d>
  },
  pendingPreKey: {
    signedKeyId: 9561463,
    baseKey: <Buffer 05 df 12 68 24 fe 16 72 35 df 07 a1 82 c7 ec b4 69 c7 54 81 e4 4f 55 06 d8 76 3e 42 a1 bb 52 3d 4c>,
    preKeyId: 797
  }
}
Closing session: SessionEntry {
  _chains: {
    BSGbCKTN8P8F67RNDNJKF6wx7y1WY2vb8S8jQPKEOSJA: { chainKey: [Object], chainType: 1, messageKeys: {} }
  },
  registrationId: 1656991293,
  currentRatchet: {
    ephemeralKeyPair: {
      pubKey: <Buffer 05 21 9b 08 a4 cd f0 ff 05 eb b4 4d 0c d2 4a 17 ac 31 ef 2d 56 63 6b db f1 2f 23 40 f2 84 39 22 40>,
      privKey: <Buffer 58 94 ed 2c f0 96 91 2c d2 7c 08 5a 8e 57 94 ce 89 a2 05 15 2d a0 24 74 09 09 d7 8e b7 19 50 63>
    },
    lastRemoteEphemeralKey: <Buffer 05 a6 69 7d 22 88 25 47 77 e9 e7 90 36 c7 9b 22 61 bf 15 22 72 9a a1 19 c0 52 64 bb c4 a1 7e e5 66>,
    previousCounter: 0,
    rootKey: <Buffer 83 85 b4 56 4f f5 61 ff c6 49 30 ae 75 01 f0 9c e5 43 14 d4 8d df cc f2 95 85 60 fd 81 ab 7a 62>
  },
  indexInfo: {
    baseKey: <Buffer 05 6f 21 dd ea e3 8a df ae 7e 6d d2 3e f1 73 02 bd 7b d5 ab 74 cf 45 83 0f 11 94 80 98 ce cb f8 6d>,
    baseKeyType: 1,
    closed: -1,
    used: 1781317468444,
    created: 1781317468444,
    remoteIdentityKey: <Buffer 05 05 b6 d7 1d fe f8 f3 58 ff 16 03 8b 04 44 7b e5 23 c7 a9 e9 ce ad 37 f6 2c 3e 20 ad 60 a6 b7 1d>
  },
  pendingPreKey: {
    signedKeyId: 9561463,
    baseKey: <Buffer 05 6f 21 dd ea e3 8a df ae 7e 6d d2 3e f1 73 02 bd 7b d5 ab 74 cf 45 83 0f 11 94 80 98 ce cb f8 6d>,
    preKeyId: 715
  }
}
Closing session: SessionEntry {
  _chains: {
    'BZAen8J3G49SpLcqcZ+25W4hGvOiyja770sG76etzol5': { chainKey: [Object], chainType: 1, messageKeys: {} }
  },
  registrationId: 1656991293,
  currentRatchet: {
    ephemeralKeyPair: {
      pubKey: <Buffer 05 90 1e 9f c2 77 1b 8f 52 a4 b7 2a 71 9f b6 e5 6e 21 1a f3 a2 ca 36 bb ef 4b 06 ef a7 ad ce 89 79>,
      privKey: <Buffer a0 5e bb d0 1f 96 5b 08 fd 72 3a ce 8f 06 bb d3 48 94 f2 49 ef 04 50 38 56 95 1b af a1 ec 00 5a>
    },
    lastRemoteEphemeralKey: <Buffer 05 a6 69 7d 22 88 25 47 77 e9 e7 90 36 c7 9b 22 61 bf 15 22 72 9a a1 19 c0 52 64 bb c4 a1 7e e5 66>,
    previousCounter: 0,
    rootKey: <Buffer 2d bf 76 55 5f 21 9e f3 14 11 65 38 8d 41 87 e3 ea 04 59 8f bc de 69 77 24 6c a0 88 68 c1 a6 bc>
  },
  indexInfo: {
    baseKey: <Buffer 05 2d ad 0d 6b c7 bb 95 a1 ed 11 ee ed c5 e6 45 f4 01 14 cc 44 57 79 c7 76 6c 11 b3 f5 82 f7 ed 1b>,
    baseKeyType: 1,
    closed: -1,
    used: 1781317469428,
    created: 1781317469428,
    remoteIdentityKey: <Buffer 05 05 b6 d7 1d fe f8 f3 58 ff 16 03 8b 04 44 7b e5 23 c7 a9 e9 ce ad 37 f6 2c 3e 20 ad 60 a6 b7 1d>
  },
  pendingPreKey: {
    signedKeyId: 9561463,
    baseKey: <Buffer 05 2d ad 0d 6b c7 bb 95 a1 ed 11 ee ed c5 e6 45 f4 01 14 cc 44 57 79 c7 76 6c 11 b3 f5 82 f7 ed 1b>,
    preKeyId: 802
  }
}
Closing session: SessionEntry {
  _chains: {
    'BRyXCFf7/C9m6t6sf2cbvy9YbLtc4clvHTjjN2POOFZV': { chainKey: [Object], chainType: 1, messageKeys: {} }
  },
  registrationId: 1656991293,
  currentRatchet: {
    ephemeralKeyPair: {
      pubKey: <Buffer 05 1c 97 08 57 fb fc 2f 66 ea de ac 7f 67 1b bf 2f 58 6c bb 5c e1 c9 6f 1d 38 e3 37 63 ce 38 56 55>,
      privKey: <Buffer 68 e7 45 f4 04 7b af 3e 2e d8 f3 24 db 15 15 7e 17 15 f5 5a 95 bb 1d da 00 46 c7 bb 76 0e 63 62>
    },
    lastRemoteEphemeralKey: <Buffer 05 a6 69 7d 22 88 25 47 77 e9 e7 90 36 c7 9b 22 61 bf 15 22 72 9a a1 19 c0 52 64 bb c4 a1 7e e5 66>,
    previousCounter: 0,
    rootKey: <Buffer 91 c3 85 3c 43 f5 c7 20 5f 1f 1f 7e f2 b4 9a ea 5f 29 75 30 2f 5e 18 45 31 65 05 82 bd d1 ef 34>
  },
  indexInfo: {
    baseKey: <Buffer 05 ea 2c 36 bb 08 52 e9 6f c4 b8 9b dd 0c 1d 29 29 9f 9e a9 8d af 38 ae 4a c0 ff 47 f4 fa 9b a6 48>,
    baseKeyType: 1,
    closed: -1,
    used: 1781317470432,
    created: 1781317470432,
    remoteIdentityKey: <Buffer 05 05 b6 d7 1d fe f8 f3 58 ff 16 03 8b 04 44 7b e5 23 c7 a9 e9 ce ad 37 f6 2c 3e 20 ad 60 a6 b7 1d>
  },
  pendingPreKey: {
    signedKeyId: 9561463,
    baseKey: <Buffer 05 ea 2c 36 bb 08 52 e9 6f c4 b8 9b dd 0c 1d 29 29 9f 9e a9 8d af 38 ae 4a c0 ff 47 f4 fa 9b a6 48>,
    preKeyId: 109
  }
}
Closing session: SessionEntry {
  _chains: {
    'Be48OtM0pZ1pgh9Lsela778MW3N+bcZagv4+u4qaUuEY': { chainKey: [Object], chainType: 1, messageKeys: {} }
  },
  registrationId: 1656991293,
  currentRatchet: {
    ephemeralKeyPair: {
      pubKey: <Buffer 05 ee 3c 3a d3 34 a5 9d 69 82 1f 4b b1 e9 5a ef bf 0c 5b 73 7e 6d c6 5a 82 fe 3e bb 8a 9a 52 e1 18>,
      privKey: <Buffer 30 34 7d 39 2f e7 4a a0 10 f9 47 d0 ee c6 63 97 59 d6 d6 fc de 33 03 e2 c8 de e2 d0 de ac 49 71>
    },
    lastRemoteEphemeralKey: <Buffer 05 a6 69 7d 22 88 25 47 77 e9 e7 90 36 c7 9b 22 61 bf 15 22 72 9a a1 19 c0 52 64 bb c4 a1 7e e5 66>,
    previousCounter: 0,
    rootKey: <Buffer 88 5b 71 d6 34 bc 95 4b b5 2c 9b a6 56 5b c9 80 eb 25 26 a3 e2 36 c4 6b 89 d4 db 3d b9 aa ff a8>
  },
  indexInfo: {
    baseKey: <Buffer 05 ad 13 3d 46 ad fb dc c0 c1 0d d3 3a d5 a5 25 d6 78 2b 21 e8 b1 82 90 8c cc b1 f0 d5 1d 5d 5f 23>,
    baseKeyType: 1,
    closed: -1,
    used: 1781317471459,
    created: 1781317471459,
    remoteIdentityKey: <Buffer 05 05 b6 d7 1d fe f8 f3 58 ff 16 03 8b 04 44 7b e5 23 c7 a9 e9 ce ad 37 f6 2c 3e 20 ad 60 a6 b7 1d>
  },
  pendingPreKey: {
    signedKeyId: 9561463,
    baseKey: <Buffer 05 ad 13 3d 46 ad fb dc c0 c1 0d d3 3a d5 a5 25 d6 78 2b 21 e8 b1 82 90 8c cc b1 f0 d5 1d 5d 5f 23>,
    preKeyId: 791
  }
}
Closing session: SessionEntry {
  _chains: {
    'BTAoRv0FM1FitMKEly32ack9o6CL1IF2EGFxFnP/Achr': { chainKey: [Object], chainType: 1, messageKeys: {} }
  },
  registrationId: 1656991293,
  currentRatchet: {
    ephemeralKeyPair: {
      pubKey: <Buffer 05 30 28 46 fd 05 33 51 62 b4 c2 84 97 2d f6 69 c9 3d a3 a0 8b d4 81 76 10 61 71 16 73 ff 01 c8 6b>,
      privKey: <Buffer e0 ab a5 41 99 5d 0b 59 ce 75 13 a4 63 6a a4 b3 da d9 e2 2e 96 31 22 3a 8a 85 01 26 c2 6f cb 61>
    },
    lastRemoteEphemeralKey: <Buffer 05 a6 69 7d 22 88 25 47 77 e9 e7 90 36 c7 9b 22 61 bf 15 22 72 9a a1 19 c0 52 64 bb c4 a1 7e e5 66>,
    previousCounter: 0,
    rootKey: <Buffer 1a 4a ac c3 0d c2 80 39 48 45 d9 45 7f 5b 24 d3 4f 50 38 f2 90 cb c8 a1 15 73 c4 2a 6e 5d a5 10>
  },
  indexInfo: {
    baseKey: <Buffer 05 cb 0f ea 7d b8 00 d2 98 b5 52 70 8f eb 9c 13 aa a3 d0 7a 89 33 e0 72 76 cf af 4c b8 f3 5c 44 5e>,
    baseKeyType: 1,
    closed: -1,
    used: 1781317472449,
    created: 1781317472449,
    remoteIdentityKey: <Buffer 05 05 b6 d7 1d fe f8 f3 58 ff 16 03 8b 04 44 7b e5 23 c7 a9 e9 ce ad 37 f6 2c 3e 20 ad 60 a6 b7 1d>
  },
  pendingPreKey: {
    signedKeyId: 9561463,
    baseKey: <Buffer 05 cb 0f ea 7d b8 00 d2 98 b5 52 70 8f eb 9c 13 aa a3 d0 7a 89 33 e0 72 76 cf af 4c b8 f3 5c 44 5e>,
    preKeyId: 41
  }
}
Closing session: SessionEntry {
  _chains: {
    'BX66BeM6KfHv2Wo7N7nJRk4tkE77cCy96zBKyg+pI/4w': { chainKey: [Object], chainType: 1, messageKeys: {} }
  },
  registrationId: 1656991293,
  currentRatchet: {
    ephemeralKeyPair: {
      pubKey: <Buffer 05 7e ba 05 e3 3a 29 f1 ef d9 6a 3b 37 b9 c9 46 4e 2d 90 4e fb 70 2c bd eb 30 4a ca 0f a9 23 fe 30>,
      privKey: <Buffer 20 50 79 a1 27 4e 40 34 5b c5 ef 5c aa 54 0b 5e ec 60 6e bd 71 6e 4b 24 8c 82 32 7f 83 f0 46 58>
    },
    lastRemoteEphemeralKey: <Buffer 05 a6 69 7d 22 88 25 47 77 e9 e7 90 36 c7 9b 22 61 bf 15 22 72 9a a1 19 c0 52 64 bb c4 a1 7e e5 66>,
    previousCounter: 0,
    rootKey: <Buffer 53 0b 65 ed a5 27 0f 1c 07 22 26 08 fa b4 9e 5d 59 8e 13 1c d1 6c a2 10 ca cd d4 9d 67 fd e1 46>
  },
  indexInfo: {
    baseKey: <Buffer 05 df 6c 79 e8 80 85 89 2c 2d 36 25 ad e1 f9 ca aa 85 9e e6 4d 68 0e e3 31 da a9 74 fc 73 ea 1d 6e>,
    baseKeyType: 1,
    closed: -1,
    used: 1781317473444,
    created: 1781317473444,
    remoteIdentityKey: <Buffer 05 05 b6 d7 1d fe f8 f3 58 ff 16 03 8b 04 44 7b e5 23 c7 a9 e9 ce ad 37 f6 2c 3e 20 ad 60 a6 b7 1d>
  },
  pendingPreKey: {
    signedKeyId: 9561463,
    baseKey: <Buffer 05 df 6c 79 e8 80 85 89 2c 2d 36 25 ad e1 f9 ca aa 85 9e e6 4d 68 0e e3 31 da a9 74 fc 73 ea 1d 6e>,
    preKeyId: 723
  }
}
Closing session: SessionEntry {
  _chains: {
    Bf3YAkyH4PcD13D12zXGYSSx3AlWus8HtYIG7yTo1IFb: { chainKey: [Object], chainType: 1, messageKeys: {} }
  },
  registrationId: 1656991293,
  currentRatchet: {
    ephemeralKeyPair: {
      pubKey: <Buffer 05 fd d8 02 4c 87 e0 f7 03 d7 70 f5 db 35 c6 61 24 b1 dc 09 56 ba cf 07 b5 82 06 ef 24 e8 d4 81 5b>,
      privKey: <Buffer f0 b3 9e 39 18 55 aa fa bd 61 31 71 17 45 68 37 0a 64 87 b6 db b8 e8 82 96 3b 2f 61 2a 4a c5 7f>
    },
    lastRemoteEphemeralKey: <Buffer 05 a6 69 7d 22 88 25 47 77 e9 e7 90 36 c7 9b 22 61 bf 15 22 72 9a a1 19 c0 52 64 bb c4 a1 7e e5 66>,
    previousCounter: 0,
    rootKey: <Buffer 84 ee 49 73 c0 77 96 c6 b9 87 3d 57 65 37 5d c2 5a c7 68 e5 53 37 a9 f4 83 dc 8d 23 df 56 d4 00>
  },
  indexInfo: {
    baseKey: <Buffer 05 73 0f 1e 89 e2 8a 28 ab bb 45 98 d7 c8 d9 5a 3d db 02 e1 e9 22 3a 8e 7a 38 99 c8 54 ec c6 eb 67>,
    baseKeyType: 1,
    closed: -1,
    used: 1781317474424,
    created: 1781317474424,
    remoteIdentityKey: <Buffer 05 05 b6 d7 1d fe f8 f3 58 ff 16 03 8b 04 44 7b e5 23 c7 a9 e9 ce ad 37 f6 2c 3e 20 ad 60 a6 b7 1d>
  },
  pendingPreKey: {
    signedKeyId: 9561463,
    baseKey: <Buffer 05 73 0f 1e 89 e2 8a 28 ab bb 45 98 d7 c8 d9 5a 3d db 02 e1 e9 22 3a 8e 7a 38 99 c8 54 ec c6 eb 67>,
    preKeyId: 701
  }
}
Closing session: SessionEntry {
  _chains: {
    'BdWEU2e/KcvwhraMkO8bYRdeYw4MGa/6u/HymjtSP2Ea': { chainKey: [Object], chainType: 1, messageKeys: {} }
  },
  registrationId: 1656991293,
  currentRatchet: {
    ephemeralKeyPair: {
      pubKey: <Buffer 05 d5 84 53 67 bf 29 cb f0 86 b6 8c 90 ef 1b 61 17 5e 63 0e 0c 19 af fa bb f1 f2 9a 3b 52 3f 61 1a>,
      privKey: <Buffer 18 25 f1 8d b8 42 c0 96 c3 44 c1 fd 1c 69 e7 f5 72 2d 56 0b 18 4b e9 b9 01 40 8b 98 3f 91 05 6e>
    },
    lastRemoteEphemeralKey: <Buffer 05 a6 69 7d 22 88 25 47 77 e9 e7 90 36 c7 9b 22 61 bf 15 22 72 9a a1 19 c0 52 64 bb c4 a1 7e e5 66>,
    previousCounter: 0,
    rootKey: <Buffer 39 5a ce 5d 3e 02 04 08 8a 7d e3 ca d6 9a a3 c0 a3 ae 4b 56 54 a9 cc 37 90 c5 fe fa 05 96 40 3b>
  },
  indexInfo: {
    baseKey: <Buffer 05 f2 9d 74 08 f2 d1 e8 ba d9 f1 b1 6f 0a 48 f5 de 00 20 6b 7e 5e 13 a2 7c 44 d8 e7 f8 f9 45 09 60>,
    baseKeyType: 1,
    closed: -1,
    used: 1781317475465,
    created: 1781317475465,
    remoteIdentityKey: <Buffer 05 05 b6 d7 1d fe f8 f3 58 ff 16 03 8b 04 44 7b e5 23 c7 a9 e9 ce ad 37 f6 2c 3e 20 ad 60 a6 b7 1d>
  },
  pendingPreKey: {
    signedKeyId: 9561463,
    baseKey: <Buffer 05 f2 9d 74 08 f2 d1 e8 ba d9 f1 b1 6f 0a 48 f5 de 00 20 6b 7e 5e 13 a2 7c 44 d8 e7 f8 f9 45 09 60>,
    preKeyId: 64
  }
}
Closing session: SessionEntry {
  _chains: {
    'BaD6p8L4CRmmS2SnwYUIVkYGL5v+u0DTkVLglstUstBR': { chainKey: [Object], chainType: 1, messageKeys: {} }
  },
  registrationId: 1656991293,
  currentRatchet: {
    ephemeralKeyPair: {
      pubKey: <Buffer 05 a0 fa a7 c2 f8 09 19 a6 4b 64 a7 c1 85 08 56 46 06 2f 9b fe bb 40 d3 91 52 e0 96 cb 54 b2 d0 51>,
      privKey: <Buffer 30 7d 05 f2 d6 a4 8e bd 88 46 eb d3 38 08 50 ec 61 9f 93 3a 60 ac d9 2a 2d a3 e7 d0 c2 d6 01 71>
    },
    lastRemoteEphemeralKey: <Buffer 05 a6 69 7d 22 88 25 47 77 e9 e7 90 36 c7 9b 22 61 bf 15 22 72 9a a1 19 c0 52 64 bb c4 a1 7e e5 66>,
    previousCounter: 0,
    rootKey: <Buffer 93 a9 d5 5a 48 fa 2f 87 0f 7a 48 88 34 9c d1 e1 fe 11 26 bc 1c 2f ee c3 84 2b 1a a4 ab 9a 81 f3>
  },
  indexInfo: {
    baseKey: <Buffer 05 b5 15 95 93 0f 5c 0c 41 90 34 13 83 1b b8 fb d7 04 6f 9c 42 0e db ca 4e a0 6f 72 bc 4f 93 de 5a>,
    baseKeyType: 1,
    closed: -1,
    used: 1781317476475,
    created: 1781317476475,
    remoteIdentityKey: <Buffer 05 05 b6 d7 1d fe f8 f3 58 ff 16 03 8b 04 44 7b e5 23 c7 a9 e9 ce ad 37 f6 2c 3e 20 ad 60 a6 b7 1d>
  },
  pendingPreKey: {
    signedKeyId: 9561463,
    baseKey: <Buffer 05 b5 15 95 93 0f 5c 0c 41 90 34 13 83 1b b8 fb d7 04 6f 9c 42 0e db ca 4e a0 6f 72 bc 4f 93 de 5a>,
    preKeyId: 732
  }
}
Closing session: SessionEntry {
  _chains: {
    'BScNNpufE/WQSU68QABFvUZghi2TFZ00QRPRMp3c44Z7': { chainKey: [Object], chainType: 1, messageKeys: {} }
  },
  registrationId: 1656991293,
  currentRatchet: {
    ephemeralKeyPair: {
      pubKey: <Buffer 05 27 0d 36 9b 9f 13 f5 90 49 4e bc 40 00 45 bd 46 60 86 2d 93 15 9d 34 41 13 d1 32 9d dc e3 86 7b>,
      privKey: <Buffer 00 00 d0 30 3b 11 88 31 ab 71 c2 96 4b a5 2a db 9a 2a 00 50 7b fc c4 51 19 5b bf 83 f3 78 f4 60>
    },
    lastRemoteEphemeralKey: <Buffer 05 a6 69 7d 22 88 25 47 77 e9 e7 90 36 c7 9b 22 61 bf 15 22 72 9a a1 19 c0 52 64 bb c4 a1 7e e5 66>,
    previousCounter: 0,
    rootKey: <Buffer 6c 5e 55 8a 1d 63 04 32 cb 89 ce 6c 5b 38 82 fe 56 33 6b 28 60 9d cf af 42 f0 f6 f9 e8 32 a5 5c>
  },
  indexInfo: {
    baseKey: <Buffer 05 65 8c 0c 27 49 c1 47 43 a9 cf 68 3b 9e 70 96 ee 45 1e d7 e6 20 2a a4 02 ce 46 dd 10 03 d0 0c 4d>,
    baseKeyType: 1,
    closed: -1,
    used: 1781317477433,
    created: 1781317477433,
    remoteIdentityKey: <Buffer 05 05 b6 d7 1d fe f8 f3 58 ff 16 03 8b 04 44 7b e5 23 c7 a9 e9 ce ad 37 f6 2c 3e 20 ad 60 a6 b7 1d>
  },
  pendingPreKey: {
    signedKeyId: 9561463,
    baseKey: <Buffer 05 65 8c 0c 27 49 c1 47 43 a9 cf 68 3b 9e 70 96 ee 45 1e d7 e6 20 2a a4 02 ce 46 dd 10 03 d0 0c 4d>,
    preKeyId: 23
  }
}
Closing session: SessionEntry {
  _chains: {
    'BazpnjBrfnQJQvU5bd0VSBuS8opugTfn71ISbfJrrq5+': { chainKey: [Object], chainType: 1, messageKeys: {} }
  },
  registrationId: 1656991293,
  currentRatchet: {
    ephemeralKeyPair: {
      pubKey: <Buffer 05 ac e9 9e 30 6b 7e 74 09 42 f5 39 6d dd 15 48 1b 92 f2 8a 6e 81 37 e7 ef 52 12 6d f2 6b ae ae 7e>,
      privKey: <Buffer 40 39 8b 76 b6 04 f5 94 ba a0 fb 01 3a aa e5 20 4d 2d 5c 3b e1 b8 0e de a1 d1 86 83 da e9 ea 60>
    },
    lastRemoteEphemeralKey: <Buffer 05 a6 69 7d 22 88 25 47 77 e9 e7 90 36 c7 9b 22 61 bf 15 22 72 9a a1 19 c0 52 64 bb c4 a1 7e e5 66>,
    previousCounter: 0,
    rootKey: <Buffer 2c 22 f0 eb c7 95 e7 df 3b cd e2 94 bc 00 53 59 4d 97 36 9c d0 9e e7 e4 75 02 4c 91 b5 57 02 d4>
  },
  indexInfo: {
    baseKey: <Buffer 05 18 65 33 ef d1 98 bb 6f 99 74 6e 06 bb 21 d1 a0 73 9a 90 ee b6 f6 81 cf ab 91 c6 f2 e8 c9 38 0a>,
    baseKeyType: 1,
    closed: -1,
    used: 1781317478475,
    created: 1781317478475,
    remoteIdentityKey: <Buffer 05 05 b6 d7 1d fe f8 f3 58 ff 16 03 8b 04 44 7b e5 23 c7 a9 e9 ce ad 37 f6 2c 3e 20 ad 60 a6 b7 1d>
  },
  pendingPreKey: {
    signedKeyId: 9561463,
    baseKey: <Buffer 05 18 65 33 ef d1 98 bb 6f 99 74 6e 06 bb 21 d1 a0 73 9a 90 ee b6 f6 81 cf ab 91 c6 f2 e8 c9 38 0a>,
    preKeyId: 760
  }
}
Closing session: SessionEntry {
  _chains: {
    'Ba+U2Awk84bRXOQBl9pquaqGEkgONbr2TkcMjZ/8AedC': { chainKey: [Object], chainType: 1, messageKeys: {} }
  },
  registrationId: 1656991293,
  currentRatchet: {
    ephemeralKeyPair: {
      pubKey: <Buffer 05 af 94 d8 0c 24 f3 86 d1 5c e4 01 97 da 6a b9 aa 86 12 48 0e 35 ba f6 4e 47 0c 8d 9f fc 01 e7 42>,
      privKey: <Buffer 48 d6 01 f0 b9 80 e4 2d b4 01 bf 25 5a 18 59 c1 40 08 67 e2 1c 7d 89 e5 92 eb 30 2e 7b e8 1a 77>
    },
    lastRemoteEphemeralKey: <Buffer 05 a6 69 7d 22 88 25 47 77 e9 e7 90 36 c7 9b 22 61 bf 15 22 72 9a a1 19 c0 52 64 bb c4 a1 7e e5 66>,
    previousCounter: 0,
    rootKey: <Buffer 65 57 14 27 12 44 e5 df c6 ee 6b 69 8c b2 99 53 08 c5 7a c3 68 8a f7 86 9a 5f ff 26 f0 54 a7 f8>
  },
  indexInfo: {
    baseKey: <Buffer 05 46 85 84 48 e9 b4 89 bc 6d 3e fc 8a ba 52 18 a7 b9 8f f1 f3 db 11 b5 a5 13 99 2c 75 a0 55 f1 5a>,
    baseKeyType: 1,
    closed: -1,
    used: 1781317479491,
    created: 1781317479491,
    remoteIdentityKey: <Buffer 05 05 b6 d7 1d fe f8 f3 58 ff 16 03 8b 04 44 7b e5 23 c7 a9 e9 ce ad 37 f6 2c 3e 20 ad 60 a6 b7 1d>
  },
  pendingPreKey: {
    signedKeyId: 9561463,
    baseKey: <Buffer 05 46 85 84 48 e9 b4 89 bc 6d 3e fc 8a ba 52 18 a7 b9 8f f1 f3 db 11 b5 a5 13 99 2c 75 a0 55 f1 5a>,
    preKeyId: 767
  }
}
Closing session: SessionEntry {
  _chains: {
    'BX2RtNCqzIZNeZwMLiwvD1UeKuNug5QU+ptdMYrqW6dR': { chainKey: [Object], chainType: 1, messageKeys: {} }
  },
  registrationId: 1656991293,
  currentRatchet: {
    ephemeralKeyPair: {
      pubKey: <Buffer 05 7d 91 b4 d0 aa cc 86 4d 79 9c 0c 2e 2c 2f 0f 55 1e 2a e3 6e 83 94 14 fa 9b 5d 31 8a ea 5b a7 51>,
      privKey: <Buffer a0 2c 50 9a a9 e3 3c 62 b2 ab 7c 8c 9e 5c f8 a2 bf 48 97 43 8f d8 50 aa 08 9e 17 cc b8 c6 95 51>
    },
    lastRemoteEphemeralKey: <Buffer 05 a6 69 7d 22 88 25 47 77 e9 e7 90 36 c7 9b 22 61 bf 15 22 72 9a a1 19 c0 52 64 bb c4 a1 7e e5 66>,
    previousCounter: 0,
    rootKey: <Buffer 35 08 68 e1 3f e8 58 be 58 0b 5f 2e 61 20 6b f5 2a e8 40 15 14 70 25 ce 42 dd 59 e4 b9 d5 79 d8>
  },
  indexInfo: {
    baseKey: <Buffer 05 83 59 01 3b a9 b7 83 70 92 43 17 da b3 8c 91 15 c8 34 6b 76 be 56 b5 a9 f1 8f 7d e1 4e ef a4 2f>,
    baseKeyType: 1,
    closed: -1,
    used: 1781317480509,
    created: 1781317480509,
    remoteIdentityKey: <Buffer 05 05 b6 d7 1d fe f8 f3 58 ff 16 03 8b 04 44 7b e5 23 c7 a9 e9 ce ad 37 f6 2c 3e 20 ad 60 a6 b7 1d>
  },
  pendingPreKey: {
    signedKeyId: 9561463,
    baseKey: <Buffer 05 83 59 01 3b a9 b7 83 70 92 43 17 da b3 8c 91 15 c8 34 6b 76 be 56 b5 a9 f1 8f 7d e1 4e ef a4 2f>,
    preKeyId: 772
  }
}
Closing session: SessionEntry {
  _chains: {
    'BRZbJwpSEea4e7NZPsogMKFupMiMGb+VprUHC5S4QJxH': { chainKey: [Object], chainType: 1, messageKeys: {} }
  },
  registrationId: 1656991293,
  currentRatchet: {
    ephemeralKeyPair: {
      pubKey: <Buffer 05 16 5b 27 0a 52 11 e6 b8 7b b3 59 3e ca 20 30 a1 6e a4 c8 8c 19 bf 95 a6 b5 07 0b 94 b8 40 9c 47>,
      privKey: <Buffer 70 01 6c 51 4c 21 89 3d c6 99 4e d6 9b aa 42 4c 67 47 b5 a1 41 c9 32 88 40 e4 d3 ce 29 12 01 54>
    },
    lastRemoteEphemeralKey: <Buffer 05 a6 69 7d 22 88 25 47 77 e9 e7 90 36 c7 9b 22 61 bf 15 22 72 9a a1 19 c0 52 64 bb c4 a1 7e e5 66>,
    previousCounter: 0,
    rootKey: <Buffer 65 2b 0c c4 7d 14 f6 36 9e 1b 16 90 ce d3 c1 3a 61 af 1a a1 ad 0d 6d ea 23 ea 87 1f ed 8b 76 3e>
  },
  indexInfo: {
    baseKey: <Buffer 05 68 24 c3 f3 5a ed 46 ad d3 ed 4c 92 04 81 6b 7e ff 88 9f cc 54 5a 39 9d d8 8e f1 8a c4 42 b5 7f>,
    baseKeyType: 1,
    closed: -1,
    used: 1781317481525,
    created: 1781317481525,
    remoteIdentityKey: <Buffer 05 05 b6 d7 1d fe f8 f3 58 ff 16 03 8b 04 44 7b e5 23 c7 a9 e9 ce ad 37 f6 2c 3e 20 ad 60 a6 b7 1d>
  },
  pendingPreKey: {
    signedKeyId: 9561463,
    baseKey: <Buffer 05 68 24 c3 f3 5a ed 46 ad d3 ed 4c 92 04 81 6b 7e ff 88 9f cc 54 5a 39 9d d8 8e f1 8a c4 42 b5 7f>,
    preKeyId: 717
  }
}
Closing session: SessionEntry {
  _chains: {
    'BdoG/nx1qG2cHn9AkBXMhO8VwdmTqBd34X2LXUQexbNU': { chainKey: [Object], chainType: 1, messageKeys: {} }
  },
  registrationId: 1656991293,
  currentRatchet: {
    ephemeralKeyPair: {
      pubKey: <Buffer 05 da 06 fe 7c 75 a8 6d 9c 1e 7f 40 90 15 cc 84 ef 15 c1 d9 93 a8 17 77 e1 7d 8b 5d 44 1e c5 b3 54>,
      privKey: <Buffer 20 06 08 b4 db 96 f4 f1 c8 92 f0 99 20 28 0e 1a c8 32 78 53 09 93 3b 33 f9 a6 e0 5d 78 2b ce 7a>
    },
    lastRemoteEphemeralKey: <Buffer 05 a6 69 7d 22 88 25 47 77 e9 e7 90 36 c7 9b 22 61 bf 15 22 72 9a a1 19 c0 52 64 bb c4 a1 7e e5 66>,
    previousCounter: 0,
    rootKey: <Buffer c6 df 18 94 9b a1 23 fa fd f4 1e d2 d6 8f b7 e5 fb ca 49 4f 7b 0c 9b e8 73 a3 56 70 79 3f 4d bf>
  },
  indexInfo: {
    baseKey: <Buffer 05 4f e7 35 e6 4d 0e c2 1d 0c ea 9e 0f bc d4 67 32 46 79 0e ab 87 ed ba f1 b6 39 6d 98 90 3f f8 3d>,
    baseKeyType: 1,
    closed: -1,
    used: 1781317482544,
    created: 1781317482544,
    remoteIdentityKey: <Buffer 05 05 b6 d7 1d fe f8 f3 58 ff 16 03 8b 04 44 7b e5 23 c7 a9 e9 ce ad 37 f6 2c 3e 20 ad 60 a6 b7 1d>
  },
  pendingPreKey: {
    signedKeyId: 9561463,
    baseKey: <Buffer 05 4f e7 35 e6 4d 0e c2 1d 0c ea 9e 0f bc d4 67 32 46 79 0e ab 87 ed ba f1 b6 39 6d 98 90 3f f8 3d>,
    preKeyId: 3
  }
}
Closing session: SessionEntry {
  _chains: {
    'BY4/plJob8Bt2CuAbJkzDRmnT+uI3b1QVqyj32NtoKVf': { chainKey: [Object], chainType: 1, messageKeys: {} }
  },
  registrationId: 1656991293,
  currentRatchet: {
    ephemeralKeyPair: {
      pubKey: <Buffer 05 8e 3f a6 52 68 6f c0 6d d8 2b 80 6c 99 33 0d 19 a7 4f eb 88 dd bd 50 56 ac a3 df 63 6d a0 a5 5f>,
      privKey: <Buffer 40 93 70 ad 81 4e 5e f2 bd 3e 0e d2 72 31 19 e9 cc c9 e2 9e 0b 3b c5 63 97 d7 e3 a0 f1 b7 3f 43>
    },
    lastRemoteEphemeralKey: <Buffer 05 a6 69 7d 22 88 25 47 77 e9 e7 90 36 c7 9b 22 61 bf 15 22 72 9a a1 19 c0 52 64 bb c4 a1 7e e5 66>,
    previousCounter: 0,
    rootKey: <Buffer 37 b1 a1 e8 68 6c 81 7c 58 36 03 a1 35 65 d0 1b 19 36 36 81 f3 27 fa 30 8e 64 e6 5f e6 c1 6f ac>
  },
  indexInfo: {
    baseKey: <Buffer 05 ee 5a d8 90 14 9d 40 a3 54 5a 46 92 38 9c 25 28 da d3 13 af dd 04 a9 72 86 fc 5a 40 4f dd 15 0c>,
    baseKeyType: 1,
    closed: -1,
    used: 1781317931541,
    created: 1781317931541,
    remoteIdentityKey: <Buffer 05 05 b6 d7 1d fe f8 f3 58 ff 16 03 8b 04 44 7b e5 23 c7 a9 e9 ce ad 37 f6 2c 3e 20 ad 60 a6 b7 1d>
  },
  pendingPreKey: {
    signedKeyId: 9561463,
    baseKey: <Buffer 05 ee 5a d8 90 14 9d 40 a3 54 5a 46 92 38 9c 25 28 da d3 13 af dd 04 a9 72 86 fc 5a 40 4f dd 15 0c>,
    preKeyId: 786
  }
}
Removing old closed session: SessionEntry {
  _chains: {
    'BXXehqTvporKMux/ZF7ex7gBoG4wP4oSfv8tSyqCUWVq': { chainKey: [Object], chainType: 1, messageKeys: {} }
  },
  registrationId: 1832884355,
  currentRatchet: {
    ephemeralKeyPair: {
      pubKey: <Buffer 05 75 de 86 a4 ef a6 8a ca 32 ec 7f 64 5e de c7 b8 01 a0 6e 30 3f 8a 12 7e ff 2d 4b 2a 82 51 65 6a>,
      privKey: <Buffer 80 f5 aa 4a 81 17 86 3a 90 cf 2a 41 d5 4b 1b 44 a9 2b a1 93 39 c4 04 4a 19 d9 03 50 a0 a8 1d 44>
    },
    lastRemoteEphemeralKey: <Buffer 05 75 ec cb 79 08 bf 4f 1e 29 3a b9 07 87 05 2c c4 63 53 39 71 16 3c 7c 97 c2 b4 6d f5 92 5a ce 7e>,
    previousCounter: 0,
    rootKey: <Buffer 6e 13 fa df 9e d0 5a 1f 85 f6 53 0f d6 97 c3 24 58 31 28 1e 1e d6 e3 0d a9 e5 b6 6e 42 a5 22 a9>
  },
  indexInfo: {
    baseKey: <Buffer 05 bb 61 c1 f4 5b ef 5b 34 00 a4 47 13 92 3c ef 61 5c 80 24 38 f7 8b 50 04 2a ec d7 f0 cc 5a 31 6d>,
    baseKeyType: 1,
    closed: 1781317445405,
    used: 1779369070560,
    created: 1779369070560,
    remoteIdentityKey: <Buffer 05 35 53 40 15 ed df d4 80 c3 56 5e 9c 0e 5f 82 67 ea 93 8c fe 78 6f 9d 9c e9 ee fc 00 0d 83 fd 00>
  },
  pendingPreKey: {
    signedKeyId: 4171954,
    baseKey: <Buffer 05 bb 61 c1 f4 5b ef 5b 34 00 a4 47 13 92 3c ef 61 5c 80 24 38 f7 8b 50 04 2a ec d7 f0 cc 5a 31 6d>,
    preKeyId: 14430810
  }
}
Closing session: SessionEntry {
  _chains: {
    'BQxYJRdeIv5sh+8+IS0Dc6GWLf22L6UnwYHuAKc9pqJL': { chainKey: [Object], chainType: 1, messageKeys: {} }
  },
  registrationId: 1656991293,
  currentRatchet: {
    ephemeralKeyPair: {
      pubKey: <Buffer 05 0c 58 25 17 5e 22 fe 6c 87 ef 3e 21 2d 03 73 a1 96 2d fd b6 2f a5 27 c1 81 ee 00 a7 3d a6 a2 4b>,
      privKey: <Buffer d0 9d a6 ca 41 54 9b 86 38 02 dd 1f 78 f4 aa b0 14 a8 76 79 c9 3c 0f 1e 01 7d 68 ae 34 0f e8 48>
    },
    lastRemoteEphemeralKey: <Buffer 05 a6 69 7d 22 88 25 47 77 e9 e7 90 36 c7 9b 22 61 bf 15 22 72 9a a1 19 c0 52 64 bb c4 a1 7e e5 66>,
    previousCounter: 0,
    rootKey: <Buffer f0 fb e4 ef b0 69 61 f7 e4 70 c6 eb 9b 13 e3 5f bf e3 4f 63 a7 ba fb d9 95 c5 9b de 7c 9d 1a fb>
  },
  indexInfo: {
    baseKey: <Buffer 05 5d b9 d6 d7 1f 5b b5 1f 95 b2 a8 90 ca 06 55 7e 26 4b 52 09 f1 bf fc b4 fd 97 bb 7c 69 79 9c 20>,
    baseKeyType: 1,
    closed: -1,
    used: 1781317932571,
    created: 1781317932571,
    remoteIdentityKey: <Buffer 05 05 b6 d7 1d fe f8 f3 58 ff 16 03 8b 04 44 7b e5 23 c7 a9 e9 ce ad 37 f6 2c 3e 20 ad 60 a6 b7 1d>
  },
  pendingPreKey: {
    signedKeyId: 9561463,
    baseKey: <Buffer 05 5d b9 d6 d7 1f 5b b5 1f 95 b2 a8 90 ca 06 55 7e 26 4b 52 09 f1 bf fc b4 fd 97 bb 7c 69 79 9c 20>,
    preKeyId: 127
  }
}
Removing old closed session: SessionEntry {
  _chains: {
    'Be8MnzCtzw5/TMakoBnaOpd8suMiEdU3ORcTWvDzAYMP': { chainKey: [Object], chainType: 1, messageKeys: {} }
  },
  registrationId: 1656991293,
  currentRatchet: {
    ephemeralKeyPair: {
      pubKey: <Buffer 05 ef 0c 9f 30 ad cf 0e 7f 4c c6 a4 a0 19 da 3a 97 7c b2 e3 22 11 d5 37 39 17 13 5a f0 f3 01 83 0f>,
      privKey: <Buffer e8 91 c7 6f 29 38 9b 76 ec a4 3a 6a 84 bf f7 e2 87 2d f8 e0 50 ec f0 ed 3a f8 64 bd 80 97 d1 50>
    },
    lastRemoteEphemeralKey: <Buffer 05 a6 69 7d 22 88 25 47 77 e9 e7 90 36 c7 9b 22 61 bf 15 22 72 9a a1 19 c0 52 64 bb c4 a1 7e e5 66>,
    previousCounter: 0,
    rootKey: <Buffer c7 cd cc 25 0d 42 bc 6d 58 60 39 f9 b8 24 71 f2 47 36 cd 0b 23 ee c5 60 3e 6b 5e b2 03 d3 df 4e>
  },
  indexInfo: {
    baseKey: <Buffer 05 6e e6 b2 d2 01 01 86 3a 9e c9 0d 7e 12 2c a4 d1 a8 1f 55 1a a3 68 74 d0 9a 10 11 f4 64 ed 15 3d>,
    baseKeyType: 1,
    closed: 1781317446271,
    used: 1781317445402,
    created: 1781317445402,
    remoteIdentityKey: <Buffer 05 05 b6 d7 1d fe f8 f3 58 ff 16 03 8b 04 44 7b e5 23 c7 a9 e9 ce ad 37 f6 2c 3e 20 ad 60 a6 b7 1d>
  },
  pendingPreKey: {
    signedKeyId: 9561463,
    baseKey: <Buffer 05 6e e6 b2 d2 01 01 86 3a 9e c9 0d 7e 12 2c a4 d1 a8 1f 55 1a a3 68 74 d0 9a 10 11 f4 64 ed 15 3d>,
    preKeyId: 37
  }
}
Closing session: SessionEntry {
  _chains: {
    'BfSYAQZmfb1nzCMuirHjrzxUKnMuUd5+6rTMkbSPKTcS': { chainKey: [Object], chainType: 1, messageKeys: {} }
  },
  registrationId: 1656991293,
  currentRatchet: {
    ephemeralKeyPair: {
      pubKey: <Buffer 05 f4 98 01 06 66 7d bd 67 cc 23 2e 8a b1 e3 af 3c 54 2a 73 2e 51 de 7e ea b4 cc 91 b4 8f 29 37 12>,
      privKey: <Buffer 70 6e 9d c2 df 00 51 f6 9d 39 16 9c 1c 3d 1b 7f fe fb 51 6a 3b f8 3c 3a 0b ca d0 fe 9a c2 b9 6b>
    },
    lastRemoteEphemeralKey: <Buffer 05 a6 69 7d 22 88 25 47 77 e9 e7 90 36 c7 9b 22 61 bf 15 22 72 9a a1 19 c0 52 64 bb c4 a1 7e e5 66>,
    previousCounter: 0,
    rootKey: <Buffer be 51 b3 71 32 a9 9a c2 9f ab af 98 5e 7e a6 b9 53 f6 0a de 97 1b 98 09 55 9c b9 2f b0 f7 37 63>
  },
  indexInfo: {
    baseKey: <Buffer 05 af 2a 04 39 ef a5 ed 1d c7 db e7 26 44 45 64 cd 67 fb 4c ac 5a fe 71 2c 27 41 b4 81 6b 66 9c 42>,
    baseKeyType: 1,
    closed: -1,
    used: 1781317933614,
    created: 1781317933614,
    remoteIdentityKey: <Buffer 05 05 b6 d7 1d fe f8 f3 58 ff 16 03 8b 04 44 7b e5 23 c7 a9 e9 ce ad 37 f6 2c 3e 20 ad 60 a6 b7 1d>
  },
  pendingPreKey: {
    signedKeyId: 9561463,
    baseKey: <Buffer 05 af 2a 04 39 ef a5 ed 1d c7 db e7 26 44 45 64 cd 67 fb 4c ac 5a fe 71 2c 27 41 b4 81 6b 66 9c 42>,
    preKeyId: 703
  }
}
Removing old closed session: SessionEntry {
  _chains: {
    'BbCpmk6fM6+YQxF7QrhGQxPJvegUqZcZAnY1+UcJMVFI': { chainKey: [Object], chainType: 1, messageKeys: {} }
  },
  registrationId: 1656991293,
  currentRatchet: {
    ephemeralKeyPair: {
      pubKey: <Buffer 05 b0 a9 9a 4e 9f 33 af 98 43 11 7b 42 b8 46 43 13 c9 bd e8 14 a9 97 19 02 76 35 f9 47 09 31 51 48>,
      privKey: <Buffer 80 5e 6e 63 37 0c 5e c1 75 a0 91 3a b7 4b 21 77 5a 08 52 68 3d c7 51 e6 db 0a d7 a9 1b 40 cd 45>
    },
    lastRemoteEphemeralKey: <Buffer 05 a6 69 7d 22 88 25 47 77 e9 e7 90 36 c7 9b 22 61 bf 15 22 72 9a a1 19 c0 52 64 bb c4 a1 7e e5 66>,
    previousCounter: 0,
    rootKey: <Buffer d4 7c 41 7e ea 51 35 dd e9 99 31 2a 3f d1 1d 31 af a8 f7 00 3c 87 ed c4 bc b4 f3 7f 49 6e 35 8c>
  },
  indexInfo: {
    baseKey: <Buffer 05 f0 c2 d0 07 00 59 7c 1c 34 09 9a cd 38 db 22 46 cd 48 b7 bb 53 00 22 22 3a 58 38 cf a3 b1 f5 10>,
    baseKeyType: 1,
    closed: 1781317447311,
    used: 1781317446270,
    created: 1781317446270,
    remoteIdentityKey: <Buffer 05 05 b6 d7 1d fe f8 f3 58 ff 16 03 8b 04 44 7b e5 23 c7 a9 e9 ce ad 37 f6 2c 3e 20 ad 60 a6 b7 1d>
  },
  pendingPreKey: {
    signedKeyId: 9561463,
    baseKey: <Buffer 05 f0 c2 d0 07 00 59 7c 1c 34 09 9a cd 38 db 22 46 cd 48 b7 bb 53 00 22 22 3a 58 38 cf a3 b1 f5 10>,
    preKeyId: 47
  }
}
Closing session: SessionEntry {
  _chains: {
    Be48CoVgQW5HkeKMT2OdouJXvqbF95NvfVnmbCwSMpkJ: { chainKey: [Object], chainType: 1, messageKeys: {} }
  },
  registrationId: 1656991293,
  currentRatchet: {
    ephemeralKeyPair: {
      pubKey: <Buffer 05 ee 3c 0a 85 60 41 6e 47 91 e2 8c 4f 63 9d a2 e2 57 be a6 c5 f7 93 6f 7d 59 e6 6c 2c 12 32 99 09>,
      privKey: <Buffer 68 a6 39 4c 11 60 be 4d 7e 43 9a 37 fc e1 e2 24 8e 0c 6a 1c e3 11 bb 70 9a 1b 5d f8 4b 93 68 5d>
    },
    lastRemoteEphemeralKey: <Buffer 05 a6 69 7d 22 88 25 47 77 e9 e7 90 36 c7 9b 22 61 bf 15 22 72 9a a1 19 c0 52 64 bb c4 a1 7e e5 66>,
    previousCounter: 0,
    rootKey: <Buffer 51 19 0f 54 cb f4 fe a0 72 de 07 ea 98 ea 1c 69 b7 93 e1 e3 01 a2 2f bd ce 0b f8 08 55 37 ae 6e>
  },
  indexInfo: {
    baseKey: <Buffer 05 1d 18 e1 c7 0a d0 6b 0a fd 8c bf 2c 07 94 18 c7 a0 e8 51 cd 95 b8 e6 f0 54 67 91 b4 6e f4 9f 5e>,
    baseKeyType: 1,
    closed: -1,
    used: 1781317934599,
    created: 1781317934599,
    remoteIdentityKey: <Buffer 05 05 b6 d7 1d fe f8 f3 58 ff 16 03 8b 04 44 7b e5 23 c7 a9 e9 ce ad 37 f6 2c 3e 20 ad 60 a6 b7 1d>
  },
  pendingPreKey: {
    signedKeyId: 9561463,
    baseKey: <Buffer 05 1d 18 e1 c7 0a d0 6b 0a fd 8c bf 2c 07 94 18 c7 a0 e8 51 cd 95 b8 e6 f0 54 67 91 b4 6e f4 9f 5e>,
    preKeyId: 676
  }
}
Removing old closed session: SessionEntry {
  _chains: {
    'BQknD173Wq8KsViAixjfRV/x7F5kEiZ02KWdpKNtbQMI': { chainKey: [Object], chainType: 1, messageKeys: {} }
  },
  registrationId: 1656991293,
  currentRatchet: {
    ephemeralKeyPair: {
      pubKey: <Buffer 05 09 27 0f 5e f7 5a af 0a b1 58 80 8b 18 df 45 5f f1 ec 5e 64 12 26 74 d8 a5 9d a4 a3 6d 6d 03 08>,
      privKey: <Buffer 58 66 7e 0c 80 9d 54 a1 6f 8e 92 0a 6f 74 69 e5 9a 5b b0 ab a6 75 d4 dd d1 78 4c 78 87 f0 77 64>
    },
    lastRemoteEphemeralKey: <Buffer 05 a6 69 7d 22 88 25 47 77 e9 e7 90 36 c7 9b 22 61 bf 15 22 72 9a a1 19 c0 52 64 bb c4 a1 7e e5 66>,
    previousCounter: 0,
    rootKey: <Buffer 7b 37 a9 30 78 3c 85 b6 13 15 c2 3e ad 40 ef b6 b4 69 0e 17 e0 31 f1 71 69 01 9a 2f a6 40 d8 f5>
  },
  indexInfo: {
    baseKey: <Buffer 05 f3 f1 a3 91 27 b8 86 76 00 b4 40 71 f6 c4 79 7a 66 58 17 e2 fd 10 ef a5 44 e7 dd f2 aa 78 6b 71>,
    baseKeyType: 1,
    closed: 1781317448324,
    used: 1781317447309,
    created: 1781317447309,
    remoteIdentityKey: <Buffer 05 05 b6 d7 1d fe f8 f3 58 ff 16 03 8b 04 44 7b e5 23 c7 a9 e9 ce ad 37 f6 2c 3e 20 ad 60 a6 b7 1d>
  },
  pendingPreKey: {
    signedKeyId: 9561463,
    baseKey: <Buffer 05 f3 f1 a3 91 27 b8 86 76 00 b4 40 71 f6 c4 79 7a 66 58 17 e2 fd 10 ef a5 44 e7 dd f2 aa 78 6b 71>,
    preKeyId: 781
  }
}
Closing session: SessionEntry {
  _chains: {
    BbrssBqTJLKHUMweK8jbeHPIH2ByDn9wJRZsIqnfpQNp: { chainKey: [Object], chainType: 1, messageKeys: {} }
  },
  registrationId: 1656991293,
  currentRatchet: {
    ephemeralKeyPair: {
      pubKey: <Buffer 05 ba ec b0 1a 93 24 b2 87 50 cc 1e 2b c8 db 78 73 c8 1f 60 72 0e 7f 70 25 16 6c 22 a9 df a5 03 69>,
      privKey: <Buffer c0 f7 ae 6a 00 6e 70 38 d2 66 e5 64 f3 76 26 e3 d1 f8 e0 12 fb 2b 9a db 83 bb 66 cb 0b e9 95 4b>
    },
    lastRemoteEphemeralKey: <Buffer 05 a6 69 7d 22 88 25 47 77 e9 e7 90 36 c7 9b 22 61 bf 15 22 72 9a a1 19 c0 52 64 bb c4 a1 7e e5 66>,
    previousCounter: 0,
    rootKey: <Buffer 10 78 b4 c5 5a a0 6f 4b db 88 0c c4 c5 99 87 57 76 69 eb e9 f7 c5 d1 6f 09 78 9e e2 7e 04 79 ca>
  },
  indexInfo: {
    baseKey: <Buffer 05 a9 c1 68 8b 71 d3 e0 d7 a7 d6 0e 5a 5c 4c 9a 3d a0 fc cd 0e 9a 29 af f3 cb 53 cb 4f b3 ec e6 49>,
    baseKeyType: 1,
    closed: -1,
    used: 1781317935618,
    created: 1781317935618,
    remoteIdentityKey: <Buffer 05 05 b6 d7 1d fe f8 f3 58 ff 16 03 8b 04 44 7b e5 23 c7 a9 e9 ce ad 37 f6 2c 3e 20 ad 60 a6 b7 1d>
  },
  pendingPreKey: {
    signedKeyId: 9561463,
    baseKey: <Buffer 05 a9 c1 68 8b 71 d3 e0 d7 a7 d6 0e 5a 5c 4c 9a 3d a0 fc cd 0e 9a 29 af f3 cb 53 cb 4f b3 ec e6 49>,
    preKeyId: 702
  }
}
Removing old closed session: SessionEntry {
  _chains: {
    'BaKcFxzAcJ/YLpmuMqzj4dWUePJHQ7Y3xNioOtAyE1cX': { chainKey: [Object], chainType: 1, messageKeys: {} }
  },
  registrationId: 1656991293,
  currentRatchet: {
    ephemeralKeyPair: {
      pubKey: <Buffer 05 a2 9c 17 1c c0 70 9f d8 2e 99 ae 32 ac e3 e1 d5 94 78 f2 47 43 b6 37 c4 d8 a8 3a d0 32 13 57 17>,
      privKey: <Buffer 48 21 9a 65 6a 00 84 de aa 23 48 a7 0e 6d 85 70 dc ab 58 35 1e 8f 88 62 6c 04 9e 5a 16 a9 82 66>
    },
    lastRemoteEphemeralKey: <Buffer 05 a6 69 7d 22 88 25 47 77 e9 e7 90 36 c7 9b 22 61 bf 15 22 72 9a a1 19 c0 52 64 bb c4 a1 7e e5 66>,
    previousCounter: 0,
    rootKey: <Buffer 7d 6f 7a 27 0c 19 7b 4a 2e 81 29 8a 6d 47 92 51 6b 3e 05 fa 5f 15 22 d1 3c 77 1a bc 7a 9d c3 cb>
  },
  indexInfo: {
    baseKey: <Buffer 05 7b 0f bd de 46 1d b7 b9 b6 aa 5d 62 d9 8e 10 ed cd 4d 8f ff 60 d0 8f 9e 73 85 ae fe fe 4d be 1b>,
    baseKeyType: 1,
    closed: 1781317449269,
    used: 1781317448323,
    created: 1781317448323,
    remoteIdentityKey: <Buffer 05 05 b6 d7 1d fe f8 f3 58 ff 16 03 8b 04 44 7b e5 23 c7 a9 e9 ce ad 37 f6 2c 3e 20 ad 60 a6 b7 1d>
  },
  pendingPreKey: {
    signedKeyId: 9561463,
    baseKey: <Buffer 05 7b 0f bd de 46 1d b7 b9 b6 aa 5d 62 d9 8e 10 ed cd 4d 8f ff 60 d0 8f 9e 73 85 ae fe fe 4d be 1b>,
    preKeyId: 738
  }
}
Closing session: SessionEntry {
  _chains: {
    BZuYXc2sDJO1XV9MtObF5AhtRAifkWVHqDWaRIcvzNJV: { chainKey: [Object], chainType: 1, messageKeys: {} }
  },
  registrationId: 1656991293,
  currentRatchet: {
    ephemeralKeyPair: {
      pubKey: <Buffer 05 9b 98 5d cd ac 0c 93 b5 5d 5f 4c b4 e6 c5 e4 08 6d 44 08 9f 91 65 47 a8 35 9a 44 87 2f cc d2 55>,
      privKey: <Buffer 58 f6 3b 5c 10 ab 1e 42 94 de ad cd 9c 2a 6f 4e c3 bc 8f a1 b8 98 8a d9 a6 bf e8 e7 f3 85 41 7f>
    },
    lastRemoteEphemeralKey: <Buffer 05 a6 69 7d 22 88 25 47 77 e9 e7 90 36 c7 9b 22 61 bf 15 22 72 9a a1 19 c0 52 64 bb c4 a1 7e e5 66>,
    previousCounter: 0,
    rootKey: <Buffer e8 ee 1b 8f 80 d9 8d be 97 38 f3 c1 0e 2c de 08 7c e0 f2 54 5b cd d8 95 f2 66 e9 47 b9 52 46 d4>
  },
  indexInfo: {
    baseKey: <Buffer 05 47 f2 a6 d1 29 26 3c b3 32 be fb 65 46 e8 1e d1 7c 0c f6 f4 6a 16 71 df d3 68 17 01 44 19 34 4b>,
    baseKeyType: 1,
    closed: -1,
    used: 1781317936628,
    created: 1781317936628,
    remoteIdentityKey: <Buffer 05 05 b6 d7 1d fe f8 f3 58 ff 16 03 8b 04 44 7b e5 23 c7 a9 e9 ce ad 37 f6 2c 3e 20 ad 60 a6 b7 1d>
  },
  pendingPreKey: {
    signedKeyId: 9561463,
    baseKey: <Buffer 05 47 f2 a6 d1 29 26 3c b3 32 be fb 65 46 e8 1e d1 7c 0c f6 f4 6a 16 71 df d3 68 17 01 44 19 34 4b>,
    preKeyId: 100
  }
}
Removing old closed session: SessionEntry {
  _chains: {
    'BUESwpDQJVcnMKt/5jIIWiS6Vk7TJIXLTPh4uly0FxRH': { chainKey: [Object], chainType: 1, messageKeys: {} }
  },
  registrationId: 1656991293,
  currentRatchet: {
    ephemeralKeyPair: {
      pubKey: <Buffer 05 41 12 c2 90 d0 25 57 27 30 ab 7f e6 32 08 5a 24 ba 56 4e d3 24 85 cb 4c f8 78 ba 5c b4 17 14 47>,
      privKey: <Buffer c0 c5 e5 f8 67 90 f1 1a 32 8b 4a 88 61 00 15 34 53 38 9e ff 32 f6 f8 69 0b 34 3c 6d a5 69 ef 74>
    },
    lastRemoteEphemeralKey: <Buffer 05 a6 69 7d 22 88 25 47 77 e9 e7 90 36 c7 9b 22 61 bf 15 22 72 9a a1 19 c0 52 64 bb c4 a1 7e e5 66>,
    previousCounter: 0,
    rootKey: <Buffer 7b 77 28 b2 8d 0a a8 cb 1b 21 27 d6 fe b4 9f 04 9e e5 1d f0 e5 1e f6 d5 2e 5b fa 7e 5b 33 9e fb>
  },
  indexInfo: {
    baseKey: <Buffer 05 ea b4 f3 25 d6 9a 23 ea 65 d8 1c 19 86 cf cc bb d7 4f 7e 3a 87 c5 38 c2 d5 80 ad 6a cd 80 90 72>,
    baseKeyType: 1,
    closed: 1781317450313,
    used: 1781317449268,
    created: 1781317449268,
    remoteIdentityKey: <Buffer 05 05 b6 d7 1d fe f8 f3 58 ff 16 03 8b 04 44 7b e5 23 c7 a9 e9 ce ad 37 f6 2c 3e 20 ad 60 a6 b7 1d>
  },
  pendingPreKey: {
    signedKeyId: 9561463,
    baseKey: <Buffer 05 ea b4 f3 25 d6 9a 23 ea 65 d8 1c 19 86 cf cc bb d7 4f 7e 3a 87 c5 38 c2 d5 80 ad 6a cd 80 90 72>,
    preKeyId: 808
  }
}
Closing session: SessionEntry {
  _chains: {
    'Bcry8I2OJxDwIgWK3Ts7Wjno0uWPsNP3h5wT/VZdpnZU': { chainKey: [Object], chainType: 1, messageKeys: {} }
  },
  registrationId: 1656991293,
  currentRatchet: {
    ephemeralKeyPair: {
      pubKey: <Buffer 05 ca f2 f0 8d 8e 27 10 f0 22 05 8a dd 3b 3b 5a 39 e8 d2 e5 8f b0 d3 f7 87 9c 13 fd 56 5d a6 76 54>,
      privKey: <Buffer 50 40 85 fd 8d 47 40 73 94 a3 10 de 49 19 39 d2 7a 87 a5 70 64 a9 81 04 16 56 83 2e b5 1b fe 49>
    },
    lastRemoteEphemeralKey: <Buffer 05 a6 69 7d 22 88 25 47 77 e9 e7 90 36 c7 9b 22 61 bf 15 22 72 9a a1 19 c0 52 64 bb c4 a1 7e e5 66>,
    previousCounter: 0,
    rootKey: <Buffer 05 ef d9 a8 56 57 7a e2 10 03 53 3b 7b 87 79 ae 5d 79 f8 71 4c e8 4e 92 0e 97 9b c7 89 ef 39 f8>
  },
  indexInfo: {
    baseKey: <Buffer 05 d2 0d 7e 9d 42 92 e2 98 fd 87 b9 a5 dd e2 1c 27 20 44 b9 a6 ba 52 10 cd 29 d6 d0 c1 35 bc 0a 28>,
    baseKeyType: 1,
    closed: -1,
    used: 1781317937626,
    created: 1781317937626,
    remoteIdentityKey: <Buffer 05 05 b6 d7 1d fe f8 f3 58 ff 16 03 8b 04 44 7b e5 23 c7 a9 e9 ce ad 37 f6 2c 3e 20 ad 60 a6 b7 1d>
  },
  pendingPreKey: {
    signedKeyId: 9561463,
    baseKey: <Buffer 05 d2 0d 7e 9d 42 92 e2 98 fd 87 b9 a5 dd e2 1c 27 20 44 b9 a6 ba 52 10 cd 29 d6 d0 c1 35 bc 0a 28>,
    preKeyId: 805
  }
}
Removing old closed session: SessionEntry {
  _chains: {
    'Ba+A2mfWnV3O5skex1b0O8kZaTtyLsGdMecae5mYrdQS': { chainKey: [Object], chainType: 1, messageKeys: {} }
  },
  registrationId: 1656991293,
  currentRatchet: {
    ephemeralKeyPair: {
      pubKey: <Buffer 05 af 80 da 67 d6 9d 5d ce e6 c9 1e c7 56 f4 3b c9 19 69 3b 72 2e c1 9d 31 e7 1a 7b 99 98 ad d4 12>,
      privKey: <Buffer a0 b5 b9 3b e8 d9 8c 14 97 a8 23 57 86 bd ab 5e 8b 45 64 5c 92 cb 7f 9f 4d 55 84 c2 b6 9f 69 47>
    },
    lastRemoteEphemeralKey: <Buffer 05 a6 69 7d 22 88 25 47 77 e9 e7 90 36 c7 9b 22 61 bf 15 22 72 9a a1 19 c0 52 64 bb c4 a1 7e e5 66>,
    previousCounter: 0,
    rootKey: <Buffer 25 ed 65 15 ea 7e 51 24 8e 9d 3e 04 c7 96 65 a7 6f 7f 6e f7 0e a9 06 6b ff d3 56 93 84 b1 6e c8>
  },
  indexInfo: {
    baseKey: <Buffer 05 5f 25 3b 2d 1d 1f 95 60 e8 e3 6b e9 ce 1f 4c ca 1e f5 d8 69 58 b2 63 f0 df e1 20 81 3f 6a 5d 1d>,
    baseKeyType: 1,
    closed: 1781317451303,
    used: 1781317450311,
    created: 1781317450311,
    remoteIdentityKey: <Buffer 05 05 b6 d7 1d fe f8 f3 58 ff 16 03 8b 04 44 7b e5 23 c7 a9 e9 ce ad 37 f6 2c 3e 20 ad 60 a6 b7 1d>
  },
  pendingPreKey: {
    signedKeyId: 9561463,
    baseKey: <Buffer 05 5f 25 3b 2d 1d 1f 95 60 e8 e3 6b e9 ce 1f 4c ca 1e f5 d8 69 58 b2 63 f0 df e1 20 81 3f 6a 5d 1d>,
    preKeyId: 765
  }
}
Closing session: SessionEntry {
  _chains: {
    'BfcmCjKiIbLHbzVey8HjYch/SOxfhI4WN3PXB/shriwy': { chainKey: [Object], chainType: 1, messageKeys: {} }
  },
  registrationId: 1656991293,
  currentRatchet: {
    ephemeralKeyPair: {
      pubKey: <Buffer 05 f7 26 0a 32 a2 21 b2 c7 6f 35 5e cb c1 e3 61 c8 7f 48 ec 5f 84 8e 16 37 73 d7 07 fb 21 ae 2c 32>,
      privKey: <Buffer 20 17 a2 3d 88 73 63 29 0f 7c 45 47 28 b4 a1 12 5c ec 0d d5 93 fc c8 41 50 e7 bb c3 d7 65 99 41>
    },
    lastRemoteEphemeralKey: <Buffer 05 a6 69 7d 22 88 25 47 77 e9 e7 90 36 c7 9b 22 61 bf 15 22 72 9a a1 19 c0 52 64 bb c4 a1 7e e5 66>,
    previousCounter: 0,
    rootKey: <Buffer 03 1f 06 b5 ec fe 45 1a 2d 6d 55 49 c9 84 af 23 d3 28 8b 56 08 9f e3 2e d1 b0 9a 53 1f 47 c1 69>
  },
  indexInfo: {
    baseKey: <Buffer 05 f5 21 a5 23 99 0c a6 91 e5 8c 5a eb bd 81 f3 45 69 f9 a5 cc 69 b3 36 13 08 ef 8b f3 89 04 27 76>,
    baseKeyType: 1,
    closed: -1,
    used: 1781317938674,
    created: 1781317938674,
    remoteIdentityKey: <Buffer 05 05 b6 d7 1d fe f8 f3 58 ff 16 03 8b 04 44 7b e5 23 c7 a9 e9 ce ad 37 f6 2c 3e 20 ad 60 a6 b7 1d>
  },
  pendingPreKey: {
    signedKeyId: 9561463,
    baseKey: <Buffer 05 f5 21 a5 23 99 0c a6 91 e5 8c 5a eb bd 81 f3 45 69 f9 a5 cc 69 b3 36 13 08 ef 8b f3 89 04 27 76>,
    preKeyId: 683
  }
}
Removing old closed session: SessionEntry {
  _chains: {
    'BWLaGRutb/Urj6+mtaykUUO6Xp3JtRw+I9YJ/vbj7HA7': { chainKey: [Object], chainType: 1, messageKeys: {} }
  },
  registrationId: 1656991293,
  currentRatchet: {
    ephemeralKeyPair: {
      pubKey: <Buffer 05 62 da 19 1b ad 6f f5 2b 8f af a6 b5 ac a4 51 43 ba 5e 9d c9 b5 1c 3e 23 d6 09 fe f6 e3 ec 70 3b>,
      privKey: <Buffer a8 cc 94 86 7e 12 78 f2 0c 47 51 91 79 b9 e1 25 f6 b3 5f c2 10 4c 1c 76 62 19 fd 94 d4 eb 43 5c>
    },
    lastRemoteEphemeralKey: <Buffer 05 a6 69 7d 22 88 25 47 77 e9 e7 90 36 c7 9b 22 61 bf 15 22 72 9a a1 19 c0 52 64 bb c4 a1 7e e5 66>,
    previousCounter: 0,
    rootKey: <Buffer 72 13 7b e0 29 f2 dc 31 a9 9c cf b9 bc 1f 06 bd 7e 45 ae be b8 e5 9d b5 17 08 ab b7 47 d5 5f 30>
  },
  indexInfo: {
    baseKey: <Buffer 05 4b ae 99 74 51 74 fe da aa ce 9f 53 ec 8c 11 d8 fb 34 61 89 bd 67 74 51 ab 79 9b c7 1a da ce 06>,
    baseKeyType: 1,
    closed: 1781317452281,
    used: 1781317451301,
    created: 1781317451301,
    remoteIdentityKey: <Buffer 05 05 b6 d7 1d fe f8 f3 58 ff 16 03 8b 04 44 7b e5 23 c7 a9 e9 ce ad 37 f6 2c 3e 20 ad 60 a6 b7 1d>
  },
  pendingPreKey: {
    signedKeyId: 9561463,
    baseKey: <Buffer 05 4b ae 99 74 51 74 fe da aa ce 9f 53 ec 8c 11 d8 fb 34 61 89 bd 67 74 51 ab 79 9b c7 1a da ce 06>,
    preKeyId: 780
  }
}
Closing session: SessionEntry {
  _chains: {
    'BdkGOaEKh2HEjiCbOAhnR5sdrnh8i69SOuKM9K/0onkK': { chainKey: [Object], chainType: 1, messageKeys: {} }
  },
  registrationId: 1656991293,
  currentRatchet: {
    ephemeralKeyPair: {
      pubKey: <Buffer 05 d9 06 39 a1 0a 87 61 c4 8e 20 9b 38 08 67 47 9b 1d ae 78 7c 8b af 52 3a e2 8c f4 af f4 a2 79 0a>,
      privKey: <Buffer 98 7d a9 06 93 49 dc f8 6c 28 d3 58 35 e7 78 0f ef 8b 2b c2 b7 49 22 83 4d 91 69 1e f6 b6 5f 60>
    },
    lastRemoteEphemeralKey: <Buffer 05 a6 69 7d 22 88 25 47 77 e9 e7 90 36 c7 9b 22 61 bf 15 22 72 9a a1 19 c0 52 64 bb c4 a1 7e e5 66>,
    previousCounter: 0,
    rootKey: <Buffer 22 3f 28 a6 24 89 f7 01 7e 17 12 82 ef d5 ee b1 15 60 42 c5 1f 44 c4 00 ee 6f 09 18 79 92 89 ee>
  },
  indexInfo: {
    baseKey: <Buffer 05 0b c3 9a f9 9f 80 7b 49 68 dd b4 d7 2c a8 de 37 9f 40 50 fc 8c fc 20 e9 0e ff 42 87 0d 3f ba 67>,
    baseKeyType: 1,
    closed: -1,
    used: 1781317939684,
    created: 1781317939684,
    remoteIdentityKey: <Buffer 05 05 b6 d7 1d fe f8 f3 58 ff 16 03 8b 04 44 7b e5 23 c7 a9 e9 ce ad 37 f6 2c 3e 20 ad 60 a6 b7 1d>
  },
  pendingPreKey: {
    signedKeyId: 9561463,
    baseKey: <Buffer 05 0b c3 9a f9 9f 80 7b 49 68 dd b4 d7 2c a8 de 37 9f 40 50 fc 8c fc 20 e9 0e ff 42 87 0d 3f ba 67>,
    preKeyId: 784
  }
}
Removing old closed session: SessionEntry {
  _chains: {
    'BTjZPW+0smlm9JHejWT8zH90fZjrom30aDsE0eXaepJg': { chainKey: [Object], chainType: 1, messageKeys: {} }
  },
  registrationId: 1656991293,
  currentRatchet: {
    ephemeralKeyPair: {
      pubKey: <Buffer 05 38 d9 3d 6f b4 b2 69 66 f4 91 de 8d 64 fc cc 7f 74 7d 98 eb a2 6d f4 68 3b 04 d1 e5 da 7a 92 60>,
      privKey: <Buffer 00 e3 a4 25 b8 88 1e 0f c1 6f ff f5 d3 3d 1c a1 de f2 e8 b9 9f 31 d3 c7 12 5e 8b e4 83 69 28 71>
    },
    lastRemoteEphemeralKey: <Buffer 05 a6 69 7d 22 88 25 47 77 e9 e7 90 36 c7 9b 22 61 bf 15 22 72 9a a1 19 c0 52 64 bb c4 a1 7e e5 66>,
    previousCounter: 0,
    rootKey: <Buffer 0d 93 36 7f c7 c5 ad f0 73 41 ad 1e e7 88 97 c0 2f 2b 1d f7 56 92 5b b5 52 d5 03 76 5f 53 73 d1>
  },
  indexInfo: {
    baseKey: <Buffer 05 1e 06 bd 18 c1 cf ed 0e 2b c7 9a 15 fc ac f0 40 f5 14 73 11 5e 1a 44 3e e1 20 67 48 b6 bc 1d 43>,
    baseKeyType: 1,
    closed: 1781317453297,
    used: 1781317452279,
    created: 1781317452279,
    remoteIdentityKey: <Buffer 05 05 b6 d7 1d fe f8 f3 58 ff 16 03 8b 04 44 7b e5 23 c7 a9 e9 ce ad 37 f6 2c 3e 20 ad 60 a6 b7 1d>
  },
  pendingPreKey: {
    signedKeyId: 9561463,
    baseKey: <Buffer 05 1e 06 bd 18 c1 cf ed 0e 2b c7 9a 15 fc ac f0 40 f5 14 73 11 5e 1a 44 3e e1 20 67 48 b6 bc 1d 43>,
    preKeyId: 99
  }
}
Closing session: SessionEntry {
  _chains: {
    BfNk5VMuHHonwN17CFKzw5fb3pvF7sJMDKsOsfFTZfdv: { chainKey: [Object], chainType: 1, messageKeys: {} }
  },
  registrationId: 1656991293,
  currentRatchet: {
    ephemeralKeyPair: {
      pubKey: <Buffer 05 f3 64 e5 53 2e 1c 7a 27 c0 dd 7b 08 52 b3 c3 97 db de 9b c5 ee c2 4c 0c ab 0e b1 f1 53 65 f7 6f>,
      privKey: <Buffer b0 a1 06 f5 29 cd 7d d5 66 f8 d8 62 00 1a 09 ac bb 19 8f ed ce 6c fc 23 b1 46 05 ef 93 06 e2 42>
    },
    lastRemoteEphemeralKey: <Buffer 05 a6 69 7d 22 88 25 47 77 e9 e7 90 36 c7 9b 22 61 bf 15 22 72 9a a1 19 c0 52 64 bb c4 a1 7e e5 66>,
    previousCounter: 0,
    rootKey: <Buffer da 7b 9f e2 a8 79 5c 9c 42 1e 14 b6 44 72 76 2c 41 82 3d 8a 6c 12 91 55 fe 3c 4b 0b 01 cf 8b ec>
  },
  indexInfo: {
    baseKey: <Buffer 05 a7 6d 6a 22 8e 5f 69 78 a8 f6 48 9c 77 6b 59 3b 2a 34 70 93 f0 2f c4 e4 a9 b6 20 23 36 1c c6 75>,
    baseKeyType: 1,
    closed: -1,
    used: 1781317940648,
    created: 1781317940648,
    remoteIdentityKey: <Buffer 05 05 b6 d7 1d fe f8 f3 58 ff 16 03 8b 04 44 7b e5 23 c7 a9 e9 ce ad 37 f6 2c 3e 20 ad 60 a6 b7 1d>
  },
  pendingPreKey: {
    signedKeyId: 9561463,
    baseKey: <Buffer 05 a7 6d 6a 22 8e 5f 69 78 a8 f6 48 9c 77 6b 59 3b 2a 34 70 93 f0 2f c4 e4 a9 b6 20 23 36 1c c6 75>,
    preKeyId: 692
  }
}
Removing old closed session: SessionEntry {
  _chains: {
    BS6wl8BBGUmZUxTsbcWjANKLd7xcM16CTQSBnzvyCiUF: { chainKey: [Object], chainType: 1, messageKeys: {} }
  },
  registrationId: 1656991293,
  currentRatchet: {
    ephemeralKeyPair: {
      pubKey: <Buffer 05 2e b0 97 c0 41 19 49 99 53 14 ec 6d c5 a3 00 d2 8b 77 bc 5c 33 5e 82 4d 04 81 9f 3b f2 0a 25 05>,
      privKey: <Buffer 78 22 12 05 58 b7 9e 33 50 20 f9 e9 6f 64 2b 9b 9c 74 57 d2 6d 1f 6b 6e fc 5f cc 3f 36 e9 3b 7b>
    },
    lastRemoteEphemeralKey: <Buffer 05 a6 69 7d 22 88 25 47 77 e9 e7 90 36 c7 9b 22 61 bf 15 22 72 9a a1 19 c0 52 64 bb c4 a1 7e e5 66>,
    previousCounter: 0,
    rootKey: <Buffer 24 81 f3 94 3c 96 16 65 44 9a b7 d6 b6 cf 98 1b 9d 30 79 38 af d9 38 2f c0 59 7d 98 07 f3 d2 f4>
  },
  indexInfo: {
    baseKey: <Buffer 05 9a 54 14 5c 15 1b 6f de 06 74 35 b6 89 dd 70 c1 5c 61 99 a3 58 c9 e7 a2 ca 97 ac 3b 80 11 5c 07>,
    baseKeyType: 1,
    closed: 1781317454283,
    used: 1781317453296,
    created: 1781317453296,
    remoteIdentityKey: <Buffer 05 05 b6 d7 1d fe f8 f3 58 ff 16 03 8b 04 44 7b e5 23 c7 a9 e9 ce ad 37 f6 2c 3e 20 ad 60 a6 b7 1d>
  },
  pendingPreKey: {
    signedKeyId: 9561463,
    baseKey: <Buffer 05 9a 54 14 5c 15 1b 6f de 06 74 35 b6 89 dd 70 c1 5c 61 99 a3 58 c9 e7 a2 ca 97 ac 3b 80 11 5c 07>,
    preKeyId: 720
  }
}
Closing session: SessionEntry {
  _chains: {
    BYKG6dtCOwJc8pWvO5l1N4C0hgY2s1ZOUJYJce18x9kM: { chainKey: [Object], chainType: 1, messageKeys: {} }
  },
  registrationId: 1656991293,
  currentRatchet: {
    ephemeralKeyPair: {
      pubKey: <Buffer 05 82 86 e9 db 42 3b 02 5c f2 95 af 3b 99 75 37 80 b4 86 06 36 b3 56 4e 50 96 09 71 ed 7c c7 d9 0c>,
      privKey: <Buffer c8 20 2f bd 84 17 a8 42 02 61 6e 06 2c d2 41 74 05 d6 bf 0f 74 fc fb c0 98 93 04 da 76 2e 6e 4f>
    },
    lastRemoteEphemeralKey: <Buffer 05 a6 69 7d 22 88 25 47 77 e9 e7 90 36 c7 9b 22 61 bf 15 22 72 9a a1 19 c0 52 64 bb c4 a1 7e e5 66>,
    previousCounter: 0,
    rootKey: <Buffer 22 cb af 25 83 b9 6d 0c f4 f4 ae 01 43 7e e4 93 46 63 cf b2 c5 0a c9 6d be f7 ff a4 77 52 ce 2a>
  },
  indexInfo: {
    baseKey: <Buffer 05 6c 9b 7e e3 bd d7 99 5a 8a ea ee f5 fb a5 33 68 de 0c 49 32 aa 53 7a 64 0a fb 2b c5 8c dc c5 77>,
    baseKeyType: 1,
    closed: -1,
    used: 1781317941691,
    created: 1781317941691,
    remoteIdentityKey: <Buffer 05 05 b6 d7 1d fe f8 f3 58 ff 16 03 8b 04 44 7b e5 23 c7 a9 e9 ce ad 37 f6 2c 3e 20 ad 60 a6 b7 1d>
  },
  pendingPreKey: {
    signedKeyId: 9561463,
    baseKey: <Buffer 05 6c 9b 7e e3 bd d7 99 5a 8a ea ee f5 fb a5 33 68 de 0c 49 32 aa 53 7a 64 0a fb 2b c5 8c dc c5 77>,
    preKeyId: 677
  }
}
Removing old closed session: SessionEntry {
  _chains: {
    'BUP2Ygm66PWh6QqJVMKYqdwy4cT/X8NU8snBMC5F9cJr': { chainKey: [Object], chainType: 1, messageKeys: {} }
  },
  registrationId: 1656991293,
  currentRatchet: {
    ephemeralKeyPair: {
      pubKey: <Buffer 05 43 f6 62 09 ba e8 f5 a1 e9 0a 89 54 c2 98 a9 dc 32 e1 c4 ff 5f c3 54 f2 c9 c1 30 2e 45 f5 c2 6b>,
      privKey: <Buffer e0 ba 49 f2 23 b9 d3 b5 3a 6a 2b 8e ba d8 1d 2e 00 1d 89 21 81 bb e4 cb a9 97 a5 ad 4d ca 4a 77>
    },
    lastRemoteEphemeralKey: <Buffer 05 a6 69 7d 22 88 25 47 77 e9 e7 90 36 c7 9b 22 61 bf 15 22 72 9a a1 19 c0 52 64 bb c4 a1 7e e5 66>,
    previousCounter: 0,
    rootKey: <Buffer 57 04 79 f5 f3 b7 d5 f3 30 6e fb aa 68 b4 fb 31 3c 2c e6 ba 54 fe 9f f0 63 2a ec 88 ea f8 41 b0>
  },
  indexInfo: {
    baseKey: <Buffer 05 47 00 cb a6 77 1f 5f c4 c9 cf e2 d8 5a eb fd e6 45 80 af 2f db 48 02 3b 18 d5 55 2b 77 40 ee 34>,
    baseKeyType: 1,
    closed: 1781317455314,
    used: 1781317454282,
    created: 1781317454282,
    remoteIdentityKey: <Buffer 05 05 b6 d7 1d fe f8 f3 58 ff 16 03 8b 04 44 7b e5 23 c7 a9 e9 ce ad 37 f6 2c 3e 20 ad 60 a6 b7 1d>
  },
  pendingPreKey: {
    signedKeyId: 9561463,
    baseKey: <Buffer 05 47 00 cb a6 77 1f 5f c4 c9 cf e2 d8 5a eb fd e6 45 80 af 2f db 48 02 3b 18 d5 55 2b 77 40 ee 34>,
    preKeyId: 78
  }
}
Closing session: SessionEntry {
  _chains: {
    'BTDo6J1dFdM8rEbinOp1xdr2lk9UzyS+qwkO7aox1Hg1': { chainKey: [Object], chainType: 1, messageKeys: {} }
  },
  registrationId: 1656991293,
  currentRatchet: {
    ephemeralKeyPair: {
      pubKey: <Buffer 05 30 e8 e8 9d 5d 15 d3 3c ac 46 e2 9c ea 75 c5 da f6 96 4f 54 cf 24 be ab 09 0e ed aa 31 d4 78 35>,
      privKey: <Buffer 38 c9 f7 dd 71 8e 85 0a 07 8f e8 27 f2 e4 2f 95 9c a6 8f fd 39 80 76 bf 7a a0 6a 0e 11 ae 66 7a>
    },
    lastRemoteEphemeralKey: <Buffer 05 a6 69 7d 22 88 25 47 77 e9 e7 90 36 c7 9b 22 61 bf 15 22 72 9a a1 19 c0 52 64 bb c4 a1 7e e5 66>,
    previousCounter: 0,
    rootKey: <Buffer fa 15 70 93 a0 08 24 e4 cf 70 ec 6b 60 68 bb e6 33 aa 58 5f d0 be 2a ce 99 16 f7 be 88 fe 47 40>
  },
  indexInfo: {
    baseKey: <Buffer 05 44 90 b0 61 39 ca 7c d4 0f b6 9e 74 52 83 91 93 ec 8a 0e b6 c4 20 95 53 c7 83 51 a0 af af 83 77>,
    baseKeyType: 1,
    closed: -1,
    used: 1781317942705,
    created: 1781317942705,
    remoteIdentityKey: <Buffer 05 05 b6 d7 1d fe f8 f3 58 ff 16 03 8b 04 44 7b e5 23 c7 a9 e9 ce ad 37 f6 2c 3e 20 ad 60 a6 b7 1d>
  },
  pendingPreKey: {
    signedKeyId: 9561463,
    baseKey: <Buffer 05 44 90 b0 61 39 ca 7c d4 0f b6 9e 74 52 83 91 93 ec 8a 0e b6 c4 20 95 53 c7 83 51 a0 af af 83 77>,
    preKeyId: 690
  }
}
Removing old closed session: SessionEntry {
  _chains: {
    'BQZJS4t7gMFGaB1NZEcdjAlgryiO+gVG3LfouF3TOWM8': { chainKey: [Object], chainType: 1, messageKeys: {} }
  },
  registrationId: 1656991293,
  currentRatchet: {
    ephemeralKeyPair: {
      pubKey: <Buffer 05 06 49 4b 8b 7b 80 c1 46 68 1d 4d 64 47 1d 8c 09 60 af 28 8e fa 05 46 dc b7 e8 b8 5d d3 39 63 3c>,
      privKey: <Buffer a8 5e b6 42 87 37 0b fc b0 5a 2d fe 8b f8 47 fa 55 6c 8c 3c 85 33 9a 94 2e 7f 1f be 0d da e8 6f>
    },
    lastRemoteEphemeralKey: <Buffer 05 a6 69 7d 22 88 25 47 77 e9 e7 90 36 c7 9b 22 61 bf 15 22 72 9a a1 19 c0 52 64 bb c4 a1 7e e5 66>,
    previousCounter: 0,
    rootKey: <Buffer 59 19 14 13 0c dd 12 04 24 bb b9 3d 86 9f e8 70 d5 04 fa 2e 98 cb b8 3a 3c b2 df 5f 5f f8 fc b7>
  },
  indexInfo: {
    baseKey: <Buffer 05 ac 78 50 e8 18 bb 63 39 b9 7c 32 d9 3e 22 86 ce 77 29 2d 9e e3 22 60 ac 7c 23 17 2a 8e ca b0 46>,
    baseKeyType: 1,
    closed: 1781317456315,
    used: 1781317455313,
    created: 1781317455313,
    remoteIdentityKey: <Buffer 05 05 b6 d7 1d fe f8 f3 58 ff 16 03 8b 04 44 7b e5 23 c7 a9 e9 ce ad 37 f6 2c 3e 20 ad 60 a6 b7 1d>
  },
  pendingPreKey: {
    signedKeyId: 9561463,
    baseKey: <Buffer 05 ac 78 50 e8 18 bb 63 39 b9 7c 32 d9 3e 22 86 ce 77 29 2d 9e e3 22 60 ac 7c 23 17 2a 8e ca b0 46>,
    preKeyId: 742
  }
}
Closing session: SessionEntry {
  _chains: {
    'BTyg0apAIVfD/L723Hr6fXImxMtN4B+zlsRdU/ALiy94': { chainKey: [Object], chainType: 1, messageKeys: {} }
  },
  registrationId: 1656991293,
  currentRatchet: {
    ephemeralKeyPair: {
      pubKey: <Buffer 05 3c a0 d1 aa 40 21 57 c3 fc be f6 dc 7a fa 7d 72 26 c4 cb 4d e0 1f b3 96 c4 5d 53 f0 0b 8b 2f 78>,
      privKey: <Buffer b0 16 7c 9f 4d 20 fa 5f c4 63 5b e9 db ac cf 49 d8 5b 42 a1 e7 39 10 7a 90 9f a9 2c 17 61 f4 47>
    },
    lastRemoteEphemeralKey: <Buffer 05 a6 69 7d 22 88 25 47 77 e9 e7 90 36 c7 9b 22 61 bf 15 22 72 9a a1 19 c0 52 64 bb c4 a1 7e e5 66>,
    previousCounter: 0,
    rootKey: <Buffer 7a 67 73 2e 3f dd e1 92 e1 87 29 3a f4 af 29 02 69 77 0d f1 72 8b 26 8f 79 f7 b4 27 62 fe 02 d3>
  },
  indexInfo: {
    baseKey: <Buffer 05 4f 00 14 77 22 d2 c8 d3 04 eb 2d 85 8b dc 69 87 cc 2d f6 a3 5a 54 58 dd d3 77 42 53 93 6c c6 42>,
    baseKeyType: 1,
    closed: -1,
    used: 1781317943750,
    created: 1781317943750,
    remoteIdentityKey: <Buffer 05 05 b6 d7 1d fe f8 f3 58 ff 16 03 8b 04 44 7b e5 23 c7 a9 e9 ce ad 37 f6 2c 3e 20 ad 60 a6 b7 1d>
  },
  pendingPreKey: {
    signedKeyId: 9561463,
    baseKey: <Buffer 05 4f 00 14 77 22 d2 c8 d3 04 eb 2d 85 8b dc 69 87 cc 2d f6 a3 5a 54 58 dd d3 77 42 53 93 6c c6 42>,
    preKeyId: 704
  }
}
Removing old closed session: SessionEntry {
  _chains: {
    'BTyx/qHwtesH26lq0k3JK00yjBqwD9vEbM6RyvMvZRgw': { chainKey: [Object], chainType: 1, messageKeys: {} }
  },
  registrationId: 1656991293,
  currentRatchet: {
    ephemeralKeyPair: {
      pubKey: <Buffer 05 3c b1 fe a1 f0 b5 eb 07 db a9 6a d2 4d c9 2b 4d 32 8c 1a b0 0f db c4 6c ce 91 ca f3 2f 65 18 30>,
      privKey: <Buffer 30 bf c7 1b eb 2d ef d6 a5 be 5c f8 69 0c cb d2 fc 89 2c a9 9a 93 13 96 ce 36 b1 e8 db 19 03 53>
    },
    lastRemoteEphemeralKey: <Buffer 05 a6 69 7d 22 88 25 47 77 e9 e7 90 36 c7 9b 22 61 bf 15 22 72 9a a1 19 c0 52 64 bb c4 a1 7e e5 66>,
    previousCounter: 0,
    rootKey: <Buffer e0 52 98 16 59 b1 a2 e0 c6 7c 89 89 c6 86 f2 aa 80 d5 71 6d 4b 7c d3 a1 92 69 10 a3 9d 44 e5 3b>
  },
  indexInfo: {
    baseKey: <Buffer 05 8f f2 37 66 14 6d 36 5e a6 d0 fc a4 6f 8d c1 93 27 ba 2b 15 68 c4 bb da 10 4d 13 cc 3b 74 aa 14>,
    baseKeyType: 1,
    closed: 1781317457279,
    used: 1781317456313,
    created: 1781317456313,
    remoteIdentityKey: <Buffer 05 05 b6 d7 1d fe f8 f3 58 ff 16 03 8b 04 44 7b e5 23 c7 a9 e9 ce ad 37 f6 2c 3e 20 ad 60 a6 b7 1d>
  },
  pendingPreKey: {
    signedKeyId: 9561463,
    baseKey: <Buffer 05 8f f2 37 66 14 6d 36 5e a6 d0 fc a4 6f 8d c1 93 27 ba 2b 15 68 c4 bb da 10 4d 13 cc 3b 74 aa 14>,
    preKeyId: 95
  }
}
Closing session: SessionEntry {
  _chains: {
    BShlPh1G1bgU2CutcTtZwKY3DE0t3P9Qn89CDtRg0x4X: { chainKey: [Object], chainType: 1, messageKeys: {} }
  },
  registrationId: 1656991293,
  currentRatchet: {
    ephemeralKeyPair: {
      pubKey: <Buffer 05 28 65 3e 1d 46 d5 b8 14 d8 2b ad 71 3b 59 c0 a6 37 0c 4d 2d dc ff 50 9f cf 42 0e d4 60 d3 1e 17>,
      privKey: <Buffer 38 35 33 a2 13 2f ac 0f 8f 2e a7 bd 4b 87 e0 64 04 d1 7a 00 62 c6 ad 13 94 f0 0c bf a2 f8 84 75>
    },
    lastRemoteEphemeralKey: <Buffer 05 a6 69 7d 22 88 25 47 77 e9 e7 90 36 c7 9b 22 61 bf 15 22 72 9a a1 19 c0 52 64 bb c4 a1 7e e5 66>,
    previousCounter: 0,
    rootKey: <Buffer c0 e6 70 95 6c f6 2e 27 13 5b 50 10 19 1e 10 d3 00 05 81 1d 08 22 19 87 a9 24 50 02 d1 cf 4d 94>
  },
  indexInfo: {
    baseKey: <Buffer 05 02 40 e8 16 32 30 45 4f a7 49 d6 63 67 d2 a7 92 33 f3 02 e1 1d 6c f4 ca 0d 2c e4 54 76 9f 38 48>,
    baseKeyType: 1,
    closed: -1,
    used: 1781317944728,
    created: 1781317944728,
    remoteIdentityKey: <Buffer 05 05 b6 d7 1d fe f8 f3 58 ff 16 03 8b 04 44 7b e5 23 c7 a9 e9 ce ad 37 f6 2c 3e 20 ad 60 a6 b7 1d>
  },
  pendingPreKey: {
    signedKeyId: 9561463,
    baseKey: <Buffer 05 02 40 e8 16 32 30 45 4f a7 49 d6 63 67 d2 a7 92 33 f3 02 e1 1d 6c f4 ca 0d 2c e4 54 76 9f 38 48>,
    preKeyId: 724
  }
}
Removing old closed session: SessionEntry {
  _chains: {
    'BWlIAYsHsy4rvR+3tcXhvZp+l8LNK5fCTN0NuPI29aY2': { chainKey: [Object], chainType: 1, messageKeys: {} }
  },
  registrationId: 1656991293,
  currentRatchet: {
    ephemeralKeyPair: {
      pubKey: <Buffer 05 69 48 01 8b 07 b3 2e 2b bd 1f b7 b5 c5 e1 bd 9a 7e 97 c2 cd 2b 97 c2 4c dd 0d b8 f2 36 f5 a6 36>,
      privKey: <Buffer 18 60 07 f1 7d ea e4 e1 41 a6 b5 e7 57 76 22 52 e3 b3 ef 33 d6 56 6b 9b a4 9d 5f 52 9d bb 82 59>
    },
    lastRemoteEphemeralKey: <Buffer 05 a6 69 7d 22 88 25 47 77 e9 e7 90 36 c7 9b 22 61 bf 15 22 72 9a a1 19 c0 52 64 bb c4 a1 7e e5 66>,
    previousCounter: 0,
    rootKey: <Buffer b7 a8 f4 50 47 a5 62 49 20 e4 08 46 9f 26 91 ee 22 9a e6 b6 34 18 aa 81 52 99 f9 e6 be d9 3c e3>
  },
  indexInfo: {
    baseKey: <Buffer 05 bf fd de 1c b5 f7 a2 a8 21 3c fb a6 f3 6b 64 91 fc 03 e3 d0 5c b1 d2 b9 c7 66 80 95 16 62 60 1b>,
    baseKeyType: 1,
    closed: 1781317458516,
    used: 1781317457278,
    created: 1781317457278,
    remoteIdentityKey: <Buffer 05 05 b6 d7 1d fe f8 f3 58 ff 16 03 8b 04 44 7b e5 23 c7 a9 e9 ce ad 37 f6 2c 3e 20 ad 60 a6 b7 1d>
  },
  pendingPreKey: {
    signedKeyId: 9561463,
    baseKey: <Buffer 05 bf fd de 1c b5 f7 a2 a8 21 3c fb a6 f3 6b 64 91 fc 03 e3 d0 5c b1 d2 b9 c7 66 80 95 16 62 60 1b>,
    preKeyId: 731
  }
}
Closing session: SessionEntry {
  _chains: {
    'BUKCb45aEoeV3qYu+RyMXKNRwXifqo3Cw7VnJERTYbs8': { chainKey: [Object], chainType: 1, messageKeys: {} }
  },
  registrationId: 1656991293,
  currentRatchet: {
    ephemeralKeyPair: {
      pubKey: <Buffer 05 42 82 6f 8e 5a 12 87 95 de a6 2e f9 1c 8c 5c a3 51 c1 78 9f aa 8d c2 c3 b5 67 24 44 53 61 bb 3c>,
      privKey: <Buffer 50 63 13 71 c5 37 b9 07 8f d6 aa 71 de 04 1b 0f f0 15 47 8d a2 de bb 5f f5 a0 c1 cc dc b3 a8 5e>
    },
    lastRemoteEphemeralKey: <Buffer 05 a6 69 7d 22 88 25 47 77 e9 e7 90 36 c7 9b 22 61 bf 15 22 72 9a a1 19 c0 52 64 bb c4 a1 7e e5 66>,
    previousCounter: 0,
    rootKey: <Buffer fc c1 78 ed 18 b0 d5 0a 0a ee 12 c0 39 91 a3 4e 16 d5 e7 cd a2 e0 72 66 bd 01 de 64 35 fa 76 70>
  },
  indexInfo: {
    baseKey: <Buffer 05 75 2b ec 73 62 2a 89 0f c1 07 8f 5d 76 82 2f 06 d1 32 65 58 8b a8 e5 ab a4 7f 0e 7e 95 2b ba 55>,
    baseKeyType: 1,
    closed: -1,
    used: 1781317945711,
    created: 1781317945711,
    remoteIdentityKey: <Buffer 05 05 b6 d7 1d fe f8 f3 58 ff 16 03 8b 04 44 7b e5 23 c7 a9 e9 ce ad 37 f6 2c 3e 20 ad 60 a6 b7 1d>
  },
  pendingPreKey: {
    signedKeyId: 9561463,
    baseKey: <Buffer 05 75 2b ec 73 62 2a 89 0f c1 07 8f 5d 76 82 2f 06 d1 32 65 58 8b a8 e5 ab a4 7f 0e 7e 95 2b ba 55>,
    preKeyId: 810
  }
}
Removing old closed session: SessionEntry {
  _chains: {
    'BaFqcsL0aW/4NbOPtpZOfm8aji7Dsd3GUWpNPr0AJp9G': { chainKey: [Object], chainType: 1, messageKeys: {} }
  },
  registrationId: 1656991293,
  currentRatchet: {
    ephemeralKeyPair: {
      pubKey: <Buffer 05 a1 6a 72 c2 f4 69 6f f8 35 b3 8f b6 96 4e 7e 6f 1a 8e 2e c3 b1 dd c6 51 6a 4d 3e bd 00 26 9f 46>,
      privKey: <Buffer f8 07 6b 40 cf 40 48 b7 80 06 ce 0d 1e 29 d5 a3 3f 22 41 e8 15 e7 9c 1f 9d d7 04 56 3b 31 ac 68>
    },
    lastRemoteEphemeralKey: <Buffer 05 a6 69 7d 22 88 25 47 77 e9 e7 90 36 c7 9b 22 61 bf 15 22 72 9a a1 19 c0 52 64 bb c4 a1 7e e5 66>,
    previousCounter: 0,
    rootKey: <Buffer 94 93 17 27 3d f5 0e 80 01 3f 47 8e ad 83 03 73 85 69 c3 35 92 97 9a 3e 1e 19 5a 2f f4 f0 48 1a>
  },
  indexInfo: {
    baseKey: <Buffer 05 a3 c5 c1 50 e3 6b 4e f0 b1 96 88 6e 30 d2 05 00 17 bc 54 23 ca e3 b0 80 1e 74 bb 64 f4 84 06 30>,
    baseKeyType: 1,
    closed: 1781317459482,
    used: 1781317458504,
    created: 1781317458504,
    remoteIdentityKey: <Buffer 05 05 b6 d7 1d fe f8 f3 58 ff 16 03 8b 04 44 7b e5 23 c7 a9 e9 ce ad 37 f6 2c 3e 20 ad 60 a6 b7 1d>
  },
  pendingPreKey: {
    signedKeyId: 9561463,
    baseKey: <Buffer 05 a3 c5 c1 50 e3 6b 4e f0 b1 96 88 6e 30 d2 05 00 17 bc 54 23 ca e3 b0 80 1e 74 bb 64 f4 84 06 30>,
    preKeyId: 769
  }
}
Closing session: SessionEntry {
  _chains: {
    'BSNZmHj/Rf3J5n0vcduzX5KCoYtr7IHEYNFIuMiumloM': { chainKey: [Object], chainType: 1, messageKeys: {} }
  },
  registrationId: 1656991293,
  currentRatchet: {
    ephemeralKeyPair: {
      pubKey: <Buffer 05 23 59 98 78 ff 45 fd c9 e6 7d 2f 71 db b3 5f 92 82 a1 8b 6b ec 81 c4 60 d1 48 b8 c8 ae 9a 5a 0c>,
      privKey: <Buffer 60 0f 7a 7b b3 22 89 18 25 f4 41 5a f0 80 a5 95 3b 57 b3 1c 06 4c fd 9a c8 ff 5b 2b ce dd cc 7c>
    },
    lastRemoteEphemeralKey: <Buffer 05 a6 69 7d 22 88 25 47 77 e9 e7 90 36 c7 9b 22 61 bf 15 22 72 9a a1 19 c0 52 64 bb c4 a1 7e e5 66>,
    previousCounter: 0,
    rootKey: <Buffer 16 df 60 2c 01 99 32 3e 9d c0 77 5c 4d 3c d2 1b 75 86 bb b4 ad f5 d6 34 7a db 5a 20 b6 81 99 5d>
  },
  indexInfo: {
    baseKey: <Buffer 05 46 76 2a 3f 3c 62 df 32 0c 45 a4 74 5f a2 80 7d 98 9e b2 74 a0 e9 f3 0e a5 8a da 7f 26 68 79 6d>,
    baseKeyType: 1,
    closed: -1,
    used: 1781317946724,
    created: 1781317946724,
    remoteIdentityKey: <Buffer 05 05 b6 d7 1d fe f8 f3 58 ff 16 03 8b 04 44 7b e5 23 c7 a9 e9 ce ad 37 f6 2c 3e 20 ad 60 a6 b7 1d>
  },
  pendingPreKey: {
    signedKeyId: 9561463,
    baseKey: <Buffer 05 46 76 2a 3f 3c 62 df 32 0c 45 a4 74 5f a2 80 7d 98 9e b2 74 a0 e9 f3 0e a5 8a da 7f 26 68 79 6d>,
    preKeyId: 66
  }
}
Removing old closed session: SessionEntry {
  _chains: {
    'BRGuH5iPb9k3f7uFcGdjB/avO2EccE/SMPrKiPTsju0x': { chainKey: [Object], chainType: 1, messageKeys: {} }
  },
  registrationId: 1656991293,
  currentRatchet: {
    ephemeralKeyPair: {
      pubKey: <Buffer 05 11 ae 1f 98 8f 6f d9 37 7f bb 85 70 67 63 07 f6 af 3b 61 1c 70 4f d2 30 fa ca 88 f4 ec 8e ed 31>,
      privKey: <Buffer 58 4a 17 e0 06 02 1a 42 b1 60 16 7f 4b 50 7d 03 96 64 20 b0 e9 af fc f3 02 01 31 b6 2b 25 39 68>
    },
    lastRemoteEphemeralKey: <Buffer 05 a6 69 7d 22 88 25 47 77 e9 e7 90 36 c7 9b 22 61 bf 15 22 72 9a a1 19 c0 52 64 bb c4 a1 7e e5 66>,
    previousCounter: 0,
    rootKey: <Buffer a6 90 e3 e3 de 48 7a 8f d5 f5 a0 10 da e1 32 a9 73 96 9d dc 34 bb 14 e8 ec e5 b7 19 fb 2c 73 35>
  },
  indexInfo: {
    baseKey: <Buffer 05 bf a4 78 e9 00 1b 5c f2 b3 ec 8e 03 d8 69 5f 72 69 d1 e1 5e a7 c0 d2 a4 ca aa 38 c2 a0 9e 0e 1b>,
    baseKeyType: 1,
    closed: 1781317460453,
    used: 1781317459481,
    created: 1781317459481,
    remoteIdentityKey: <Buffer 05 05 b6 d7 1d fe f8 f3 58 ff 16 03 8b 04 44 7b e5 23 c7 a9 e9 ce ad 37 f6 2c 3e 20 ad 60 a6 b7 1d>
  },
  pendingPreKey: {
    signedKeyId: 9561463,
    baseKey: <Buffer 05 bf a4 78 e9 00 1b 5c f2 b3 ec 8e 03 d8 69 5f 72 69 d1 e1 5e a7 c0 d2 a4 ca aa 38 c2 a0 9e 0e 1b>,
    preKeyId: 812
  }
}
Closing session: SessionEntry {
  _chains: {
    'BdU5N3JlLLocEJZCfmG3AeGoF1cq/uTOXwcDBFel/FBI': { chainKey: [Object], chainType: 1, messageKeys: {} }
  },
  registrationId: 1656991293,
  currentRatchet: {
    ephemeralKeyPair: {
      pubKey: <Buffer 05 d5 39 37 72 65 2c ba 1c 10 96 42 7e 61 b7 01 e1 a8 17 57 2a fe e4 ce 5f 07 03 04 57 a5 fc 50 48>,
      privKey: <Buffer 50 73 25 49 6a 21 c8 fc b7 06 ae 40 51 e8 81 c3 c8 a7 4b 6f c9 20 21 cf 15 9b bc be 37 e1 89 6f>
    },
    lastRemoteEphemeralKey: <Buffer 05 a6 69 7d 22 88 25 47 77 e9 e7 90 36 c7 9b 22 61 bf 15 22 72 9a a1 19 c0 52 64 bb c4 a1 7e e5 66>,
    previousCounter: 0,
    rootKey: <Buffer ce 8d 40 0a 7b 6e ab ef 25 b8 23 5e 87 8e ff 2c 5a c0 f7 63 24 26 8a ca 48 7b 22 53 29 ff eb 1f>
  },
  indexInfo: {
    baseKey: <Buffer 05 37 22 1d 32 44 c4 c9 35 4d 8f 44 de 44 96 49 4b c2 a2 64 15 f3 15 e9 b4 7a 70 e7 bf b0 14 3a 0c>,
    baseKeyType: 1,
    closed: -1,
    used: 1781317947870,
    created: 1781317947870,
    remoteIdentityKey: <Buffer 05 05 b6 d7 1d fe f8 f3 58 ff 16 03 8b 04 44 7b e5 23 c7 a9 e9 ce ad 37 f6 2c 3e 20 ad 60 a6 b7 1d>
  },
  pendingPreKey: {
    signedKeyId: 9561463,
    baseKey: <Buffer 05 37 22 1d 32 44 c4 c9 35 4d 8f 44 de 44 96 49 4b c2 a2 64 15 f3 15 e9 b4 7a 70 e7 bf b0 14 3a 0c>,
    preKeyId: 734
  }
}
Removing old closed session: SessionEntry {
  _chains: {
    BRAwTXKV7XpfZqUpHE2ecY3PbJky7HiV4soKxbGuegNs: { chainKey: [Object], chainType: 1, messageKeys: {} }
  },
  registrationId: 1656991293,
  currentRatchet: {
    ephemeralKeyPair: {
      pubKey: <Buffer 05 10 30 4d 72 95 ed 7a 5f 66 a5 29 1c 4d 9e 71 8d cf 6c 99 32 ec 78 95 e2 ca 0a c5 b1 ae 7a 03 6c>,
      privKey: <Buffer 00 17 be e2 32 24 73 72 f2 77 1a 5a 5d c2 ef fa 98 a9 0b 82 8e bd e7 6a 0c c7 5d ec f0 78 13 4d>
    },
    lastRemoteEphemeralKey: <Buffer 05 a6 69 7d 22 88 25 47 77 e9 e7 90 36 c7 9b 22 61 bf 15 22 72 9a a1 19 c0 52 64 bb c4 a1 7e e5 66>,
    previousCounter: 0,
    rootKey: <Buffer f6 53 94 35 23 10 2d 8d 00 1e 3d e8 26 08 c6 e2 b1 ab 0a f2 66 34 91 2e f6 a9 a9 8a f6 2b 8e 88>
  },
  indexInfo: {
    baseKey: <Buffer 05 51 f5 83 fb 85 30 10 80 78 4c 1c 98 f4 4c e1 ab 4e 60 a6 1f 10 f5 d3 b7 74 b8 c9 20 5b eb 7e 64>,
    baseKeyType: 1,
    closed: 1781317461461,
    used: 1781317460450,
    created: 1781317460450,
    remoteIdentityKey: <Buffer 05 05 b6 d7 1d fe f8 f3 58 ff 16 03 8b 04 44 7b e5 23 c7 a9 e9 ce ad 37 f6 2c 3e 20 ad 60 a6 b7 1d>
  },
  pendingPreKey: {
    signedKeyId: 9561463,
    baseKey: <Buffer 05 51 f5 83 fb 85 30 10 80 78 4c 1c 98 f4 4c e1 ab 4e 60 a6 1f 10 f5 d3 b7 74 b8 c9 20 5b eb 7e 64>,
    preKeyId: 90
  }
}
Closing session: SessionEntry {
  _chains: {
    'Bc8WmSGWvfUkRQLAddvkBBWC0/4nh13kSEHfri52HeZu': { chainKey: [Object], chainType: 1, messageKeys: {} }
  },
  registrationId: 1656991293,
  currentRatchet: {
    ephemeralKeyPair: {
      pubKey: <Buffer 05 cf 16 99 21 96 bd f5 24 45 02 c0 75 db e4 04 15 82 d3 fe 27 87 5d e4 48 41 df ae 2e 76 1d e6 6e>,
      privKey: <Buffer 18 cc 70 b7 be 78 12 f5 be 8f 5e 4b 48 4f 45 25 1f 6b d7 ad e4 05 df f8 d1 1a 11 0c 65 84 f9 77>
    },
    lastRemoteEphemeralKey: <Buffer 05 a6 69 7d 22 88 25 47 77 e9 e7 90 36 c7 9b 22 61 bf 15 22 72 9a a1 19 c0 52 64 bb c4 a1 7e e5 66>,
    previousCounter: 0,
    rootKey: <Buffer 7a 53 9e 72 d6 9a f6 99 f6 be 8d 1c b5 59 c7 b9 6a 69 7f a2 67 3b a3 c6 77 33 a6 3e 85 ae f6 b4>
  },
  indexInfo: {
    baseKey: <Buffer 05 0c 9f 13 53 55 69 df f9 73 0a 28 e7 82 c9 06 71 b7 87 f0 5f 6f c0 c2 a5 cc b7 30 52 2d 00 09 77>,
    baseKeyType: 1,
    closed: -1,
    used: 1781317948907,
    created: 1781317948907,
    remoteIdentityKey: <Buffer 05 05 b6 d7 1d fe f8 f3 58 ff 16 03 8b 04 44 7b e5 23 c7 a9 e9 ce ad 37 f6 2c 3e 20 ad 60 a6 b7 1d>
  },
  pendingPreKey: {
    signedKeyId: 9561463,
    baseKey: <Buffer 05 0c 9f 13 53 55 69 df f9 73 0a 28 e7 82 c9 06 71 b7 87 f0 5f 6f c0 c2 a5 cc b7 30 52 2d 00 09 77>,
    preKeyId: 708
  }
}
Removing old closed session: SessionEntry {
  _chains: {
    BTD1NzdgkR84tZDovhe5a2oP6nCkzutXIl3UBQaCgH8q: { chainKey: [Object], chainType: 1, messageKeys: {} }
  },
  registrationId: 1656991293,
  currentRatchet: {
    ephemeralKeyPair: {
      pubKey: <Buffer 05 30 f5 37 37 60 91 1f 38 b5 90 e8 be 17 b9 6b 6a 0f ea 70 a4 ce eb 57 22 5d d4 05 06 82 80 7f 2a>,
      privKey: <Buffer 78 85 1b 5e d8 0f e8 9c 9c 23 a4 e1 7a c1 71 90 4b 6d 4a 15 bb 6e 88 1e 56 1a 65 95 3f 25 2b 57>
    },
    lastRemoteEphemeralKey: <Buffer 05 a6 69 7d 22 88 25 47 77 e9 e7 90 36 c7 9b 22 61 bf 15 22 72 9a a1 19 c0 52 64 bb c4 a1 7e e5 66>,
    previousCounter: 0,
    rootKey: <Buffer 88 80 ae 11 af 8d f6 13 a9 85 b8 c9 3a 9a 89 ba c4 3c 35 76 56 65 a0 93 45 0e 2c a4 df bf 71 1e>
  },
  indexInfo: {
    baseKey: <Buffer 05 f2 dd 05 61 80 18 04 98 33 15 92 8f 3a 2c 0e 8b c7 57 86 ef f7 3b 06 e1 64 2c 92 86 6f 38 05 1d>,
    baseKeyType: 1,
    closed: 1781317462492,
    used: 1781317461460,
    created: 1781317461460,
    remoteIdentityKey: <Buffer 05 05 b6 d7 1d fe f8 f3 58 ff 16 03 8b 04 44 7b e5 23 c7 a9 e9 ce ad 37 f6 2c 3e 20 ad 60 a6 b7 1d>
  },
  pendingPreKey: {
    signedKeyId: 9561463,
    baseKey: <Buffer 05 f2 dd 05 61 80 18 04 98 33 15 92 8f 3a 2c 0e 8b c7 57 86 ef f7 3b 06 e1 64 2c 92 86 6f 38 05 1d>,
    preKeyId: 70
  }
}
Closing session: SessionEntry {
  _chains: {
    'Ba5+6sZxxdbrCkAFJ7k/Xhe+SI95frIpIODc7PepJmdR': { chainKey: [Object], chainType: 1, messageKeys: {} }
  },
  registrationId: 1656991293,
  currentRatchet: {
    ephemeralKeyPair: {
      pubKey: <Buffer 05 ae 7e ea c6 71 c5 d6 eb 0a 40 05 27 b9 3f 5e 17 be 48 8f 79 7e b2 29 20 e0 dc ec f7 a9 26 67 51>,
      privKey: <Buffer 80 82 76 ce 53 56 da d6 2f 79 a9 96 3f ee 3b 24 55 1a b0 6f c4 ca 14 e0 2b 49 09 12 a8 26 b7 5e>
    },
    lastRemoteEphemeralKey: <Buffer 05 a6 69 7d 22 88 25 47 77 e9 e7 90 36 c7 9b 22 61 bf 15 22 72 9a a1 19 c0 52 64 bb c4 a1 7e e5 66>,
    previousCounter: 0,
    rootKey: <Buffer 51 4f e1 0d 25 c2 38 70 63 0c 18 ff e6 a8 a2 1a 3d 40 00 44 63 5b 16 4a 43 bc 29 8f a5 59 ff 69>
  },
  indexInfo: {
    baseKey: <Buffer 05 c3 c8 15 82 28 15 a1 bd bf c1 ee a3 3f ed bf f5 28 28 01 f8 ae 64 98 f3 52 b8 08 aa d7 b4 64 63>,
    baseKeyType: 1,
    closed: -1,
    used: 1781317949881,
    created: 1781317949881,
    remoteIdentityKey: <Buffer 05 05 b6 d7 1d fe f8 f3 58 ff 16 03 8b 04 44 7b e5 23 c7 a9 e9 ce ad 37 f6 2c 3e 20 ad 60 a6 b7 1d>
  },
  pendingPreKey: {
    signedKeyId: 9561463,
    baseKey: <Buffer 05 c3 c8 15 82 28 15 a1 bd bf c1 ee a3 3f ed bf f5 28 28 01 f8 ae 64 98 f3 52 b8 08 aa d7 b4 64 63>,
    preKeyId: 53
  }
}
Removing old closed session: SessionEntry {
  _chains: {
    'BXUKpqbdqc6Vl7yvEtixAQLY8RXYOxbKOxKBYNh8T+1l': { chainKey: [Object], chainType: 1, messageKeys: {} }
  },
  registrationId: 1656991293,
  currentRatchet: {
    ephemeralKeyPair: {
      pubKey: <Buffer 05 75 0a a6 a6 dd a9 ce 95 97 bc af 12 d8 b1 01 02 d8 f1 15 d8 3b 16 ca 3b 12 81 60 d8 7c 4f ed 65>,
      privKey: <Buffer 88 34 c8 9b ce 00 16 78 42 3f 82 cb 39 04 11 f7 12 39 c7 dc 26 4b 7d e3 d0 d0 cf d8 1f e4 2b 6c>
    },
    lastRemoteEphemeralKey: <Buffer 05 a6 69 7d 22 88 25 47 77 e9 e7 90 36 c7 9b 22 61 bf 15 22 72 9a a1 19 c0 52 64 bb c4 a1 7e e5 66>,
    previousCounter: 0,
    rootKey: <Buffer bc 14 db 8c 5f cd 55 3f db 3a e1 b1 a2 c1 f9 ce 29 16 be 22 d8 73 c8 4c 34 a5 7b a3 be b4 27 e0>
  },
  indexInfo: {
    baseKey: <Buffer 05 6e 1f ff e0 d6 a1 76 ba e4 d9 7b ec b0 5b 87 bb 26 67 8c 51 58 d3 e3 d6 18 cd ec cb 3d f6 e5 46>,
    baseKeyType: 1,
    closed: 1781317463479,
    used: 1781317462490,
    created: 1781317462490,
    remoteIdentityKey: <Buffer 05 05 b6 d7 1d fe f8 f3 58 ff 16 03 8b 04 44 7b e5 23 c7 a9 e9 ce ad 37 f6 2c 3e 20 ad 60 a6 b7 1d>
  },
  pendingPreKey: {
    signedKeyId: 9561463,
    baseKey: <Buffer 05 6e 1f ff e0 d6 a1 76 ba e4 d9 7b ec b0 5b 87 bb 26 67 8c 51 58 d3 e3 d6 18 cd ec cb 3d f6 e5 46>,
    preKeyId: 763
  }
}
Closing session: SessionEntry {
  _chains: {
    BV98uy3u0QeHKIPsdK8qxsZWwm98EBFf43zLVohBmNp5: { chainKey: [Object], chainType: 1, messageKeys: {} }
  },
  registrationId: 1656991293,
  currentRatchet: {
    ephemeralKeyPair: {
      pubKey: <Buffer 05 5f 7c bb 2d ee d1 07 87 28 83 ec 74 af 2a c6 c6 56 c2 6f 7c 10 11 5f e3 7c cb 56 88 41 98 da 79>,
      privKey: <Buffer c8 33 8f de b8 33 2a 5f 59 f5 64 17 db 28 b0 b5 ed 62 16 b9 d4 11 5b 03 ac aa 54 2d 03 5b 23 46>
    },
    lastRemoteEphemeralKey: <Buffer 05 a6 69 7d 22 88 25 47 77 e9 e7 90 36 c7 9b 22 61 bf 15 22 72 9a a1 19 c0 52 64 bb c4 a1 7e e5 66>,
    previousCounter: 0,
    rootKey: <Buffer c6 15 36 c7 1d a7 4c 72 af 51 86 f9 88 b4 4a d1 0d d2 6e dc d0 91 52 11 8f 87 41 10 08 29 36 fe>
  },
  indexInfo: {
    baseKey: <Buffer 05 7d b4 8b 95 ca 9e 32 5e b6 a5 cc cd f5 6c 74 03 fc ee 75 bb 1f df 6b cd 5f 20 96 89 58 45 95 07>,
    baseKeyType: 1,
    closed: -1,
    used: 1781317950885,
    created: 1781317950885,
    remoteIdentityKey: <Buffer 05 05 b6 d7 1d fe f8 f3 58 ff 16 03 8b 04 44 7b e5 23 c7 a9 e9 ce ad 37 f6 2c 3e 20 ad 60 a6 b7 1d>
  },
  pendingPreKey: {
    signedKeyId: 9561463,
    baseKey: <Buffer 05 7d b4 8b 95 ca 9e 32 5e b6 a5 cc cd f5 6c 74 03 fc ee 75 bb 1f df 6b cd 5f 20 96 89 58 45 95 07>,
    preKeyId: 121
  }
}
Removing old closed session: SessionEntry {
  _chains: {
    'BY6NvuBG5SkmpLN8Q+tjCQwRLaTjmVfVGd+3Vgo6FpFn': { chainKey: [Object], chainType: 1, messageKeys: {} }
  },
  registrationId: 1656991293,
  currentRatchet: {
    ephemeralKeyPair: {
      pubKey: <Buffer 05 8e 8d be e0 46 e5 29 26 a4 b3 7c 43 eb 63 09 0c 11 2d a4 e3 99 57 d5 19 df b7 56 0a 3a 16 91 67>,
      privKey: <Buffer 90 75 34 11 be 88 4e ec cb b8 a1 11 ff c2 4e cb c9 5d 75 57 a6 a7 e8 f8 68 06 f1 0a 35 6b 8e 54>
    },
    lastRemoteEphemeralKey: <Buffer 05 a6 69 7d 22 88 25 47 77 e9 e7 90 36 c7 9b 22 61 bf 15 22 72 9a a1 19 c0 52 64 bb c4 a1 7e e5 66>,
    previousCounter: 0,
    rootKey: <Buffer dc b4 4b 1a 70 4d 31 56 d4 ad 0c 96 cc 95 63 56 60 ed 53 4c fc f6 ce 7b af 84 30 2b 86 cf b8 6d>
  },
  indexInfo: {
    baseKey: <Buffer 05 4d c7 c2 1e 35 7f 0a 84 7f 92 6c ac a5 11 62 50 ac 34 03 79 55 13 13 fc 1c 33 d3 4f 1b 3b ad 35>,
    baseKeyType: 1,
    closed: 1781317464477,
    used: 1781317463477,
    created: 1781317463477,
    remoteIdentityKey: <Buffer 05 05 b6 d7 1d fe f8 f3 58 ff 16 03 8b 04 44 7b e5 23 c7 a9 e9 ce ad 37 f6 2c 3e 20 ad 60 a6 b7 1d>
  },
  pendingPreKey: {
    signedKeyId: 9561463,
    baseKey: <Buffer 05 4d c7 c2 1e 35 7f 0a 84 7f 92 6c ac a5 11 62 50 ac 34 03 79 55 13 13 fc 1c 33 d3 4f 1b 3b ad 35>,
    preKeyId: 12
  }
}
Closing session: SessionEntry {
  _chains: {
    BQVgkCCFGusufSu8BLfoMyMOiOhweTOaJpbjGW8bMntq: { chainKey: [Object], chainType: 1, messageKeys: {} }
  },
  registrationId: 1656991293,
  currentRatchet: {
    ephemeralKeyPair: {
      pubKey: <Buffer 05 05 60 90 20 85 1a eb 2e 7d 2b bc 04 b7 e8 33 23 0e 88 e8 70 79 33 9a 26 96 e3 19 6f 1b 32 7b 6a>,
      privKey: <Buffer d8 4c a4 d6 3b ef dc 5a 74 2e 19 a5 e9 06 ea f4 fd 75 a6 f1 9d de 00 22 77 4c 86 c0 fc 94 91 7c>
    },
    lastRemoteEphemeralKey: <Buffer 05 a6 69 7d 22 88 25 47 77 e9 e7 90 36 c7 9b 22 61 bf 15 22 72 9a a1 19 c0 52 64 bb c4 a1 7e e5 66>,
    previousCounter: 0,
    rootKey: <Buffer 6a b9 a6 e9 e9 4d f1 bf e6 e8 6e 66 d2 07 e3 e6 ed ea da 74 77 a7 2c 59 f3 72 a3 6c 31 d0 ad 75>
  },
  indexInfo: {
    baseKey: <Buffer 05 41 ba fa 93 6b 2b 6d a5 23 57 cf d6 82 5a bd 9d 56 4b ce 76 91 44 51 8e 3e 5d 1f d6 35 3b 45 2c>,
    baseKeyType: 1,
    closed: -1,
    used: 1781317951862,
    created: 1781317951862,
    remoteIdentityKey: <Buffer 05 05 b6 d7 1d fe f8 f3 58 ff 16 03 8b 04 44 7b e5 23 c7 a9 e9 ce ad 37 f6 2c 3e 20 ad 60 a6 b7 1d>
  },
  pendingPreKey: {
    signedKeyId: 9561463,
    baseKey: <Buffer 05 41 ba fa 93 6b 2b 6d a5 23 57 cf d6 82 5a bd 9d 56 4b ce 76 91 44 51 8e 3e 5d 1f d6 35 3b 45 2c>,
    preKeyId: 10
  }
}
Removing old closed session: SessionEntry {
  _chains: {
    'BYPmqpXsLmIcJj4+PBlLVcaFdmiirTn762xmCSDrZpJf': { chainKey: [Object], chainType: 1, messageKeys: {} }
  },
  registrationId: 1656991293,
  currentRatchet: {
    ephemeralKeyPair: {
      pubKey: <Buffer 05 83 e6 aa 95 ec 2e 62 1c 26 3e 3e 3c 19 4b 55 c6 85 76 68 a2 ad 39 fb eb 6c 66 09 20 eb 66 92 5f>,
      privKey: <Buffer 90 02 e5 ae 6c a0 8f e0 d1 70 d5 70 70 ba c9 33 ee e6 1e 3f d3 28 16 f5 9d 08 ad 7d fe ff 97 42>
    },
    lastRemoteEphemeralKey: <Buffer 05 a6 69 7d 22 88 25 47 77 e9 e7 90 36 c7 9b 22 61 bf 15 22 72 9a a1 19 c0 52 64 bb c4 a1 7e e5 66>,
    previousCounter: 0,
    rootKey: <Buffer 6a 45 2a 59 26 6f d5 d7 31 dd f3 e6 0f 94 2e d0 34 2c 0a 04 fb 32 a0 e9 a5 ba 10 93 03 84 33 10>
  },
  indexInfo: {
    baseKey: <Buffer 05 2c d6 bc f2 d6 e7 c0 d3 6b fe 43 85 74 8c 96 a5 c3 80 a0 07 15 85 fc ef a9 b9 57 13 ba 0c b7 21>,
    baseKeyType: 1,
    closed: 1781317465502,
    used: 1781317464475,
    created: 1781317464475,
    remoteIdentityKey: <Buffer 05 05 b6 d7 1d fe f8 f3 58 ff 16 03 8b 04 44 7b e5 23 c7 a9 e9 ce ad 37 f6 2c 3e 20 ad 60 a6 b7 1d>
  },
  pendingPreKey: {
    signedKeyId: 9561463,
    baseKey: <Buffer 05 2c d6 bc f2 d6 e7 c0 d3 6b fe 43 85 74 8c 96 a5 c3 80 a0 07 15 85 fc ef a9 b9 57 13 ba 0c b7 21>,
    preKeyId: 806
  }
}
Closing session: SessionEntry {
  _chains: {
    'BXn1n52P5M9ZXrqhxGC5kX5CupUIRLxNRdSf+AvbEJQM': { chainKey: [Object], chainType: 1, messageKeys: {} }
  },
  registrationId: 1656991293,
  currentRatchet: {
    ephemeralKeyPair: {
      pubKey: <Buffer 05 79 f5 9f 9d 8f e4 cf 59 5e ba a1 c4 60 b9 91 7e 42 ba 95 08 44 bc 4d 45 d4 9f f8 0b db 10 94 0c>,
      privKey: <Buffer 60 38 10 d5 cb 25 3a eb 83 12 cb e5 2d cf 5a a8 7a 64 73 62 1f 84 45 52 a4 fd 81 24 59 3f 8e 6b>
    },
    lastRemoteEphemeralKey: <Buffer 05 a6 69 7d 22 88 25 47 77 e9 e7 90 36 c7 9b 22 61 bf 15 22 72 9a a1 19 c0 52 64 bb c4 a1 7e e5 66>,
    previousCounter: 0,
    rootKey: <Buffer 46 cc 42 33 a5 37 06 4f f8 54 2e 3b d5 45 c1 37 3e 3c 50 8f 53 fa 00 fd d3 64 fd d5 38 a7 9d 2b>
  },
  indexInfo: {
    baseKey: <Buffer 05 03 11 9a ff 58 8d 9f 86 44 89 48 b8 1f cb 04 65 f7 e6 e6 d7 82 aa b0 ac b3 fe 32 f8 35 83 93 09>,
    baseKeyType: 1,
    closed: -1,
    used: 1781317952886,
    created: 1781317952886,
    remoteIdentityKey: <Buffer 05 05 b6 d7 1d fe f8 f3 58 ff 16 03 8b 04 44 7b e5 23 c7 a9 e9 ce ad 37 f6 2c 3e 20 ad 60 a6 b7 1d>
  },
  pendingPreKey: {
    signedKeyId: 9561463,
    baseKey: <Buffer 05 03 11 9a ff 58 8d 9f 86 44 89 48 b8 1f cb 04 65 f7 e6 e6 d7 82 aa b0 ac b3 fe 32 f8 35 83 93 09>,
    preKeyId: 34
  }
}
Removing old closed session: SessionEntry {
  _chains: {
    BV7TunSHrBv2JHBXCLlKkUyajvCRgdVdBfPGDZV97uJg: { chainKey: [Object], chainType: 1, messageKeys: {} }
  },
  registrationId: 1656991293,
  currentRatchet: {
    ephemeralKeyPair: {
      pubKey: <Buffer 05 5e d3 ba 74 87 ac 1b f6 24 70 57 08 b9 4a 91 4c 9a 8e f0 91 81 d5 5d 05 f3 c6 0d 95 7d ee e2 60>,
      privKey: <Buffer a0 30 f9 63 f0 c2 45 30 3f 76 e4 0f 73 33 65 1f e9 34 d6 32 49 eb f0 e4 a6 a1 b4 01 d1 0a 75 54>
    },
    lastRemoteEphemeralKey: <Buffer 05 a6 69 7d 22 88 25 47 77 e9 e7 90 36 c7 9b 22 61 bf 15 22 72 9a a1 19 c0 52 64 bb c4 a1 7e e5 66>,
    previousCounter: 0,
    rootKey: <Buffer db 85 3b 97 6b 8b 34 ce 9b 48 3c a9 a8 fd 4d 18 b9 3b c9 c7 0e bd 2a 8e c6 94 8d 95 9a 3f c6 f9>
  },
  indexInfo: {
    baseKey: <Buffer 05 19 1d a6 b4 02 0a 6e 92 74 bb f7 69 b4 09 4a 47 5a 72 09 b5 61 90 4b 53 0c e9 f2 8d bf cb cf 3c>,
    baseKeyType: 1,
    closed: 1781317466430,
    used: 1781317465500,
    created: 1781317465500,
    remoteIdentityKey: <Buffer 05 05 b6 d7 1d fe f8 f3 58 ff 16 03 8b 04 44 7b e5 23 c7 a9 e9 ce ad 37 f6 2c 3e 20 ad 60 a6 b7 1d>
  },
  pendingPreKey: {
    signedKeyId: 9561463,
    baseKey: <Buffer 05 19 1d a6 b4 02 0a 6e 92 74 bb f7 69 b4 09 4a 47 5a 72 09 b5 61 90 4b 53 0c e9 f2 8d bf cb cf 3c>,
    preKeyId: 104
  }
}
Closing session: SessionEntry {
  _chains: {
    BYIjYe4hevtyplFvf8rZzgK8CdIHbXNdMQg63gnd14dM: { chainKey: [Object], chainType: 1, messageKeys: {} }
  },
  registrationId: 1656991293,
  currentRatchet: {
    ephemeralKeyPair: {
      pubKey: <Buffer 05 82 23 61 ee 21 7a fb 72 a6 51 6f 7f ca d9 ce 02 bc 09 d2 07 6d 73 5d 31 08 3a de 09 dd d7 87 4c>,
      privKey: <Buffer 38 a6 cc 6e 05 bf c5 35 b7 20 43 5b 18 37 fb de 95 7e 9e 75 38 8d 5a 1f ca 0f c4 22 76 41 3d 73>
    },
    lastRemoteEphemeralKey: <Buffer 05 a6 69 7d 22 88 25 47 77 e9 e7 90 36 c7 9b 22 61 bf 15 22 72 9a a1 19 c0 52 64 bb c4 a1 7e e5 66>,
    previousCounter: 0,
    rootKey: <Buffer de cf 51 d1 13 38 b9 25 f3 67 85 05 60 b0 58 7a 68 9c 8b da 1e a5 cb 8f d6 56 4f 82 7a 47 4a 9e>
  },
  indexInfo: {
    baseKey: <Buffer 05 6f 8a 91 63 8a e2 59 ae aa ed 07 f8 1f 56 83 cf 60 54 e8 5e 1c be 3c 40 fa be 88 61 8c 28 9c 58>,
    baseKeyType: 1,
    closed: -1,
    used: 1781317953861,
    created: 1781317953861,
    remoteIdentityKey: <Buffer 05 05 b6 d7 1d fe f8 f3 58 ff 16 03 8b 04 44 7b e5 23 c7 a9 e9 ce ad 37 f6 2c 3e 20 ad 60 a6 b7 1d>
  },
  pendingPreKey: {
    signedKeyId: 9561463,
    baseKey: <Buffer 05 6f 8a 91 63 8a e2 59 ae aa ed 07 f8 1f 56 83 cf 60 54 e8 5e 1c be 3c 40 fa be 88 61 8c 28 9c 58>,
    preKeyId: 98
  }
}
Removing old closed session: SessionEntry {
  _chains: {
    Bdq4K6MJl187PpJPiHbwwYz6xsn82OHO61AnfsQ2ylpA: { chainKey: [Object], chainType: 1, messageKeys: {} }
  },
  registrationId: 1656991293,
  currentRatchet: {
    ephemeralKeyPair: {
      pubKey: <Buffer 05 da b8 2b a3 09 97 5f 3b 3e 92 4f 88 76 f0 c1 8c fa c6 c9 fc d8 e1 ce eb 50 27 7e c4 36 ca 5a 40>,
      privKey: <Buffer 40 06 61 73 75 f3 07 cf 42 3d 2d df f4 05 fc ec 4a 67 9c 46 ee 5f 37 d1 73 c1 6e 2c 80 70 ed 54>
    },
    lastRemoteEphemeralKey: <Buffer 05 a6 69 7d 22 88 25 47 77 e9 e7 90 36 c7 9b 22 61 bf 15 22 72 9a a1 19 c0 52 64 bb c4 a1 7e e5 66>,
    previousCounter: 0,
    rootKey: <Buffer ac f8 fa 13 5d 39 b5 e4 9c c3 1c 1f 99 76 5f d2 8b f9 d1 6f 4b 3a 9a 5d e0 ad b0 e0 02 cb 98 68>
  },
  indexInfo: {
    baseKey: <Buffer 05 c9 e8 9c 1f 14 13 f5 77 15 31 b1 a4 cd cf 40 07 bb ac 8e 7e fd eb 3a 2f 8e d1 23 e8 f5 7b 7e 76>,
    baseKeyType: 1,
    closed: 1781317467462,
    used: 1781317466428,
    created: 1781317466428,
    remoteIdentityKey: <Buffer 05 05 b6 d7 1d fe f8 f3 58 ff 16 03 8b 04 44 7b e5 23 c7 a9 e9 ce ad 37 f6 2c 3e 20 ad 60 a6 b7 1d>
  },
  pendingPreKey: {
    signedKeyId: 9561463,
    baseKey: <Buffer 05 c9 e8 9c 1f 14 13 f5 77 15 31 b1 a4 cd cf 40 07 bb ac 8e 7e fd eb 3a 2f 8e d1 23 e8 f5 7b 7e 76>,
    preKeyId: 81
  }
}
Closing session: SessionEntry {
  _chains: {
    'BXnOYIPGoRDx45BSTOrtU+YvqUT/CZdG7+WGvwhKTjM7': { chainKey: [Object], chainType: 1, messageKeys: {} }
  },
  registrationId: 1656991293,
  currentRatchet: {
    ephemeralKeyPair: {
      pubKey: <Buffer 05 79 ce 60 83 c6 a1 10 f1 e3 90 52 4c ea ed 53 e6 2f a9 44 ff 09 97 46 ef e5 86 bf 08 4a 4e 33 3b>,
      privKey: <Buffer 08 3a ea d6 2a c2 9b 49 ab 30 36 43 bd c8 63 0b ec c6 2b ae bd 9a 9b 8d ad 70 48 9d 8f fc 08 76>
    },
    lastRemoteEphemeralKey: <Buffer 05 a6 69 7d 22 88 25 47 77 e9 e7 90 36 c7 9b 22 61 bf 15 22 72 9a a1 19 c0 52 64 bb c4 a1 7e e5 66>,
    previousCounter: 0,
    rootKey: <Buffer 1b d0 15 99 47 c4 ab c4 56 8a 10 9e c6 e2 cd 25 31 23 fe 23 a3 68 58 a0 47 8f 51 c6 99 b0 bd f8>
  },
  indexInfo: {
    baseKey: <Buffer 05 56 94 d3 c2 f9 78 8c cc 7d de de 61 52 6f 2e 23 a5 66 f4 77 8c e7 fe 81 a9 df 62 77 17 16 79 74>,
    baseKeyType: 1,
    closed: -1,
    used: 1781317954854,
    created: 1781317954854,
    remoteIdentityKey: <Buffer 05 05 b6 d7 1d fe f8 f3 58 ff 16 03 8b 04 44 7b e5 23 c7 a9 e9 ce ad 37 f6 2c 3e 20 ad 60 a6 b7 1d>
  },
  pendingPreKey: {
    signedKeyId: 9561463,
    baseKey: <Buffer 05 56 94 d3 c2 f9 78 8c cc 7d de de 61 52 6f 2e 23 a5 66 f4 77 8c e7 fe 81 a9 df 62 77 17 16 79 74>,
    preKeyId: 137
  }
}
Removing old closed session: SessionEntry {
  _chains: {
    BRVfvaQIgQEdpYyb8sEsGiyywKN5v5cjQL5iu40mu4AK: { chainKey: [Object], chainType: 1, messageKeys: {} }
  },
  registrationId: 1656991293,
  currentRatchet: {
    ephemeralKeyPair: {
      pubKey: <Buffer 05 15 5f bd a4 08 81 01 1d a5 8c 9b f2 c1 2c 1a 2c b2 c0 a3 79 bf 97 23 40 be 62 bb 8d 26 bb 80 0a>,
      privKey: <Buffer 88 be bd 02 ea 54 32 14 8b b1 ea 83 7c 10 eb 13 cd d2 a1 2d c2 a6 69 8f a8 70 de 9e 39 80 07 5a>
    },
    lastRemoteEphemeralKey: <Buffer 05 a6 69 7d 22 88 25 47 77 e9 e7 90 36 c7 9b 22 61 bf 15 22 72 9a a1 19 c0 52 64 bb c4 a1 7e e5 66>,
    previousCounter: 0,
    rootKey: <Buffer 5f 27 dc 73 a6 cc 3f e7 c4 30 2d fe b3 c9 c9 e5 64 33 7c 06 5b f0 07 88 89 41 f9 6c 55 dd e4 7a>
  },
  indexInfo: {
    baseKey: <Buffer 05 df 12 68 24 fe 16 72 35 df 07 a1 82 c7 ec b4 69 c7 54 81 e4 4f 55 06 d8 76 3e 42 a1 bb 52 3d 4c>,
    baseKeyType: 1,
    closed: 1781317468446,
    used: 1781317467460,
    created: 1781317467460,
    remoteIdentityKey: <Buffer 05 05 b6 d7 1d fe f8 f3 58 ff 16 03 8b 04 44 7b e5 23 c7 a9 e9 ce ad 37 f6 2c 3e 20 ad 60 a6 b7 1d>
  },
  pendingPreKey: {
    signedKeyId: 9561463,
    baseKey: <Buffer 05 df 12 68 24 fe 16 72 35 df 07 a1 82 c7 ec b4 69 c7 54 81 e4 4f 55 06 d8 76 3e 42 a1 bb 52 3d 4c>,
    preKeyId: 797
  }
}
Closing session: SessionEntry {
  _chains: {
    BWqdI0BvC9GwxJxnk8ggMKhSClG9zsS2DfDVPDKGTQUC: { chainKey: [Object], chainType: 1, messageKeys: {} }
  },
  registrationId: 1656991293,
  currentRatchet: {
    ephemeralKeyPair: {
      pubKey: <Buffer 05 6a 9d 23 40 6f 0b d1 b0 c4 9c 67 93 c8 20 30 a8 52 0a 51 bd ce c4 b6 0d f0 d5 3c 32 86 4d 05 02>,
      privKey: <Buffer c0 cd 28 24 0e 8f 28 9e 12 25 0f 26 6a 02 64 96 31 80 1b ce 9a 31 d5 2e 7e 5c 88 f5 a4 66 10 46>
    },
    lastRemoteEphemeralKey: <Buffer 05 a6 69 7d 22 88 25 47 77 e9 e7 90 36 c7 9b 22 61 bf 15 22 72 9a a1 19 c0 52 64 bb c4 a1 7e e5 66>,
    previousCounter: 0,
    rootKey: <Buffer ae ed 83 ac 7e 08 1c c1 cf e3 78 59 fd 73 f5 00 d1 2f b6 08 38 ac dd 46 2e 8f de c6 15 d7 b3 5a>
  },
  indexInfo: {
    baseKey: <Buffer 05 a3 c4 cd 55 e6 63 dc d3 1c 26 17 cb 3b f1 03 2f c1 2b d5 44 de e5 6d 34 b8 23 0f 71 71 6a c3 3c>,
    baseKeyType: 1,
    closed: -1,
    used: 1781317955843,
    created: 1781317955843,
    remoteIdentityKey: <Buffer 05 05 b6 d7 1d fe f8 f3 58 ff 16 03 8b 04 44 7b e5 23 c7 a9 e9 ce ad 37 f6 2c 3e 20 ad 60 a6 b7 1d>
  },
  pendingPreKey: {
    signedKeyId: 9561463,
    baseKey: <Buffer 05 a3 c4 cd 55 e6 63 dc d3 1c 26 17 cb 3b f1 03 2f c1 2b d5 44 de e5 6d 34 b8 23 0f 71 71 6a c3 3c>,
    preKeyId: 670
  }
}
Removing old closed session: SessionEntry {
  _chains: {
    BSGbCKTN8P8F67RNDNJKF6wx7y1WY2vb8S8jQPKEOSJA: { chainKey: [Object], chainType: 1, messageKeys: {} }
  },
  registrationId: 1656991293,
  currentRatchet: {
    ephemeralKeyPair: {
      pubKey: <Buffer 05 21 9b 08 a4 cd f0 ff 05 eb b4 4d 0c d2 4a 17 ac 31 ef 2d 56 63 6b db f1 2f 23 40 f2 84 39 22 40>,
      privKey: <Buffer 58 94 ed 2c f0 96 91 2c d2 7c 08 5a 8e 57 94 ce 89 a2 05 15 2d a0 24 74 09 09 d7 8e b7 19 50 63>
    },
    lastRemoteEphemeralKey: <Buffer 05 a6 69 7d 22 88 25 47 77 e9 e7 90 36 c7 9b 22 61 bf 15 22 72 9a a1 19 c0 52 64 bb c4 a1 7e e5 66>,
    previousCounter: 0,
    rootKey: <Buffer 83 85 b4 56 4f f5 61 ff c6 49 30 ae 75 01 f0 9c e5 43 14 d4 8d df cc f2 95 85 60 fd 81 ab 7a 62>
  },
  indexInfo: {
    baseKey: <Buffer 05 6f 21 dd ea e3 8a df ae 7e 6d d2 3e f1 73 02 bd 7b d5 ab 74 cf 45 83 0f 11 94 80 98 ce cb f8 6d>,
    baseKeyType: 1,
    closed: 1781317469430,
    used: 1781317468444,
    created: 1781317468444,
    remoteIdentityKey: <Buffer 05 05 b6 d7 1d fe f8 f3 58 ff 16 03 8b 04 44 7b e5 23 c7 a9 e9 ce ad 37 f6 2c 3e 20 ad 60 a6 b7 1d>
  },
  pendingPreKey: {
    signedKeyId: 9561463,
    baseKey: <Buffer 05 6f 21 dd ea e3 8a df ae 7e 6d d2 3e f1 73 02 bd 7b d5 ab 74 cf 45 83 0f 11 94 80 98 ce cb f8 6d>,
    preKeyId: 715
  }
}
Closing session: SessionEntry {
  _chains: {
    'BYYfe1wVClNnnjmni/Y3yLObujPjr6uriuByB0TJtc4w': { chainKey: [Object], chainType: 1, messageKeys: {} }
  },
  registrationId: 1656991293,
  currentRatchet: {
    ephemeralKeyPair: {
      pubKey: <Buffer 05 86 1f 7b 5c 15 0a 53 67 9e 39 a7 8b f6 37 c8 b3 9b ba 33 e3 af ab ab 8a e0 72 07 44 c9 b5 ce 30>,
      privKey: <Buffer 38 90 02 bc e7 eb 3f c6 c7 1f 4d a5 83 71 de ae a8 86 2b df 18 b4 9d 2d 41 91 60 e4 c3 b6 6d 7e>
    },
    lastRemoteEphemeralKey: <Buffer 05 a6 69 7d 22 88 25 47 77 e9 e7 90 36 c7 9b 22 61 bf 15 22 72 9a a1 19 c0 52 64 bb c4 a1 7e e5 66>,
    previousCounter: 0,
    rootKey: <Buffer 95 53 8b d6 10 ce bc 69 75 ad 7f 62 49 b3 f1 7c 35 23 3e 59 bb 5d 70 48 91 21 2a de 13 fe 53 dc>
  },
  indexInfo: {
    baseKey: <Buffer 05 e2 2e 4d a2 d8 f8 2f 7a 03 60 20 09 61 00 18 80 92 a1 dc 82 63 d1 3f 28 a5 18 33 2b c3 d3 1c 64>,
    baseKeyType: 1,
    closed: -1,
    used: 1781317956847,
    created: 1781317956847,
    remoteIdentityKey: <Buffer 05 05 b6 d7 1d fe f8 f3 58 ff 16 03 8b 04 44 7b e5 23 c7 a9 e9 ce ad 37 f6 2c 3e 20 ad 60 a6 b7 1d>
  },
  pendingPreKey: {
    signedKeyId: 9561463,
    baseKey: <Buffer 05 e2 2e 4d a2 d8 f8 2f 7a 03 60 20 09 61 00 18 80 92 a1 dc 82 63 d1 3f 28 a5 18 33 2b c3 d3 1c 64>,
    preKeyId: 782
  }
}
Removing old closed session: SessionEntry {
  _chains: {
    'BZAen8J3G49SpLcqcZ+25W4hGvOiyja770sG76etzol5': { chainKey: [Object], chainType: 1, messageKeys: {} }
  },
  registrationId: 1656991293,
  currentRatchet: {
    ephemeralKeyPair: {
      pubKey: <Buffer 05 90 1e 9f c2 77 1b 8f 52 a4 b7 2a 71 9f b6 e5 6e 21 1a f3 a2 ca 36 bb ef 4b 06 ef a7 ad ce 89 79>,
      privKey: <Buffer a0 5e bb d0 1f 96 5b 08 fd 72 3a ce 8f 06 bb d3 48 94 f2 49 ef 04 50 38 56 95 1b af a1 ec 00 5a>
    },
    lastRemoteEphemeralKey: <Buffer 05 a6 69 7d 22 88 25 47 77 e9 e7 90 36 c7 9b 22 61 bf 15 22 72 9a a1 19 c0 52 64 bb c4 a1 7e e5 66>,
    previousCounter: 0,
    rootKey: <Buffer 2d bf 76 55 5f 21 9e f3 14 11 65 38 8d 41 87 e3 ea 04 59 8f bc de 69 77 24 6c a0 88 68 c1 a6 bc>
  },
  indexInfo: {
    baseKey: <Buffer 05 2d ad 0d 6b c7 bb 95 a1 ed 11 ee ed c5 e6 45 f4 01 14 cc 44 57 79 c7 76 6c 11 b3 f5 82 f7 ed 1b>,
    baseKeyType: 1,
    closed: 1781317470434,
    used: 1781317469428,
    created: 1781317469428,
    remoteIdentityKey: <Buffer 05 05 b6 d7 1d fe f8 f3 58 ff 16 03 8b 04 44 7b e5 23 c7 a9 e9 ce ad 37 f6 2c 3e 20 ad 60 a6 b7 1d>
  },
  pendingPreKey: {
    signedKeyId: 9561463,
    baseKey: <Buffer 05 2d ad 0d 6b c7 bb 95 a1 ed 11 ee ed c5 e6 45 f4 01 14 cc 44 57 79 c7 76 6c 11 b3 f5 82 f7 ed 1b>,
    preKeyId: 802
  }
}
Closing session: SessionEntry {
  _chains: {
    'BWOIq07RtUFVzui/45WgObQtEPa4jkNk50T9ttyKIeha': { chainKey: [Object], chainType: 1, messageKeys: {} }
  },
  registrationId: 1656991293,
  currentRatchet: {
    ephemeralKeyPair: {
      pubKey: <Buffer 05 63 88 ab 4e d1 b5 41 55 ce e8 bf e3 95 a0 39 b4 2d 10 f6 b8 8e 43 64 e7 44 fd b6 dc 8a 21 e8 5a>,
      privKey: <Buffer 20 2b 5d 72 82 67 a5 d5 78 d2 6a 80 8b ca cf 8d 5f d4 f2 64 df 9c 75 60 55 58 bf 09 b7 83 25 45>
    },
    lastRemoteEphemeralKey: <Buffer 05 a6 69 7d 22 88 25 47 77 e9 e7 90 36 c7 9b 22 61 bf 15 22 72 9a a1 19 c0 52 64 bb c4 a1 7e e5 66>,
    previousCounter: 0,
    rootKey: <Buffer 41 b0 73 8a 58 16 8b 65 ba 2b d1 7a 70 ff 50 90 2b 4b da 3f 5a 72 9a 16 db 79 ae 4f 24 c9 36 dd>
  },
  indexInfo: {
    baseKey: <Buffer 05 58 e5 23 db 07 9e 8b 0c c5 ae 77 be 02 18 01 e7 6f d3 d5 c2 0a 4d be d6 f0 b5 e4 98 3d 3d 6c 26>,
    baseKeyType: 1,
    closed: -1,
    used: 1781317957946,
    created: 1781317957946,
    remoteIdentityKey: <Buffer 05 05 b6 d7 1d fe f8 f3 58 ff 16 03 8b 04 44 7b e5 23 c7 a9 e9 ce ad 37 f6 2c 3e 20 ad 60 a6 b7 1d>
  },
  pendingPreKey: {
    signedKeyId: 9561463,
    baseKey: <Buffer 05 58 e5 23 db 07 9e 8b 0c c5 ae 77 be 02 18 01 e7 6f d3 d5 c2 0a 4d be d6 f0 b5 e4 98 3d 3d 6c 26>,
    preKeyId: 783
  }
}
Removing old closed session: SessionEntry {
  _chains: {
    'BRyXCFf7/C9m6t6sf2cbvy9YbLtc4clvHTjjN2POOFZV': { chainKey: [Object], chainType: 1, messageKeys: {} }
  },
  registrationId: 1656991293,
  currentRatchet: {
    ephemeralKeyPair: {
      pubKey: <Buffer 05 1c 97 08 57 fb fc 2f 66 ea de ac 7f 67 1b bf 2f 58 6c bb 5c e1 c9 6f 1d 38 e3 37 63 ce 38 56 55>,
      privKey: <Buffer 68 e7 45 f4 04 7b af 3e 2e d8 f3 24 db 15 15 7e 17 15 f5 5a 95 bb 1d da 00 46 c7 bb 76 0e 63 62>
    },
    lastRemoteEphemeralKey: <Buffer 05 a6 69 7d 22 88 25 47 77 e9 e7 90 36 c7 9b 22 61 bf 15 22 72 9a a1 19 c0 52 64 bb c4 a1 7e e5 66>,
    previousCounter: 0,
    rootKey: <Buffer 91 c3 85 3c 43 f5 c7 20 5f 1f 1f 7e f2 b4 9a ea 5f 29 75 30 2f 5e 18 45 31 65 05 82 bd d1 ef 34>
  },
  indexInfo: {
    baseKey: <Buffer 05 ea 2c 36 bb 08 52 e9 6f c4 b8 9b dd 0c 1d 29 29 9f 9e a9 8d af 38 ae 4a c0 ff 47 f4 fa 9b a6 48>,
    baseKeyType: 1,
    closed: 1781317471461,
    used: 1781317470432,
    created: 1781317470432,
    remoteIdentityKey: <Buffer 05 05 b6 d7 1d fe f8 f3 58 ff 16 03 8b 04 44 7b e5 23 c7 a9 e9 ce ad 37 f6 2c 3e 20 ad 60 a6 b7 1d>
  },
  pendingPreKey: {
    signedKeyId: 9561463,
    baseKey: <Buffer 05 ea 2c 36 bb 08 52 e9 6f c4 b8 9b dd 0c 1d 29 29 9f 9e a9 8d af 38 ae 4a c0 ff 47 f4 fa 9b a6 48>,
    preKeyId: 109
  }
}
Closing session: SessionEntry {
  _chains: {
    'BQcvVUVIqzPhS5WLIRu986++xuCsH+xWBILFUfJuSUtb': { chainKey: [Object], chainType: 1, messageKeys: {} }
  },
  registrationId: 1656991293,
  currentRatchet: {
    ephemeralKeyPair: {
      pubKey: <Buffer 05 07 2f 55 45 48 ab 33 e1 4b 95 8b 21 1b bd f3 af be c6 e0 ac 1f ec 56 04 82 c5 51 f2 6e 49 4b 5b>,
      privKey: <Buffer 18 c0 d0 6c 71 d0 e4 f0 45 fd 5e 01 d0 87 82 33 eb c2 cf 0b 7d 09 33 e8 2f 55 e0 9a ea fb 44 48>
    },
    lastRemoteEphemeralKey: <Buffer 05 a6 69 7d 22 88 25 47 77 e9 e7 90 36 c7 9b 22 61 bf 15 22 72 9a a1 19 c0 52 64 bb c4 a1 7e e5 66>,
    previousCounter: 0,
    rootKey: <Buffer 2e cf e5 bd de d3 d1 b1 20 8a d4 24 6e 71 bf 12 5d a7 fb 70 16 09 d8 71 17 d2 5e 3b 4c dd 7e 02>
  },
  indexInfo: {
    baseKey: <Buffer 05 11 59 8e 29 42 52 6e bc 62 cd 7b 5d 69 2e 17 46 b1 58 64 17 74 02 37 f9 fa dc f7 35 08 da dc 37>,
    baseKeyType: 1,
    closed: -1,
    used: 1781317958934,
    created: 1781317958934,
    remoteIdentityKey: <Buffer 05 05 b6 d7 1d fe f8 f3 58 ff 16 03 8b 04 44 7b e5 23 c7 a9 e9 ce ad 37 f6 2c 3e 20 ad 60 a6 b7 1d>
  },
  pendingPreKey: {
    signedKeyId: 9561463,
    baseKey: <Buffer 05 11 59 8e 29 42 52 6e bc 62 cd 7b 5d 69 2e 17 46 b1 58 64 17 74 02 37 f9 fa dc f7 35 08 da dc 37>,
    preKeyId: 124
  }
}
Removing old closed session: SessionEntry {
  _chains: {
    'Be48OtM0pZ1pgh9Lsela778MW3N+bcZagv4+u4qaUuEY': { chainKey: [Object], chainType: 1, messageKeys: {} }
  },
  registrationId: 1656991293,
  currentRatchet: {
    ephemeralKeyPair: {
      pubKey: <Buffer 05 ee 3c 3a d3 34 a5 9d 69 82 1f 4b b1 e9 5a ef bf 0c 5b 73 7e 6d c6 5a 82 fe 3e bb 8a 9a 52 e1 18>,
      privKey: <Buffer 30 34 7d 39 2f e7 4a a0 10 f9 47 d0 ee c6 63 97 59 d6 d6 fc de 33 03 e2 c8 de e2 d0 de ac 49 71>
    },
    lastRemoteEphemeralKey: <Buffer 05 a6 69 7d 22 88 25 47 77 e9 e7 90 36 c7 9b 22 61 bf 15 22 72 9a a1 19 c0 52 64 bb c4 a1 7e e5 66>,
    previousCounter: 0,
    rootKey: <Buffer 88 5b 71 d6 34 bc 95 4b b5 2c 9b a6 56 5b c9 80 eb 25 26 a3 e2 36 c4 6b 89 d4 db 3d b9 aa ff a8>
  },
  indexInfo: {
    baseKey: <Buffer 05 ad 13 3d 46 ad fb dc c0 c1 0d d3 3a d5 a5 25 d6 78 2b 21 e8 b1 82 90 8c cc b1 f0 d5 1d 5d 5f 23>,
    baseKeyType: 1,
    closed: 1781317472451,
    used: 1781317471459,
    created: 1781317471459,
    remoteIdentityKey: <Buffer 05 05 b6 d7 1d fe f8 f3 58 ff 16 03 8b 04 44 7b e5 23 c7 a9 e9 ce ad 37 f6 2c 3e 20 ad 60 a6 b7 1d>
  },
  pendingPreKey: {
    signedKeyId: 9561463,
    baseKey: <Buffer 05 ad 13 3d 46 ad fb dc c0 c1 0d d3 3a d5 a5 25 d6 78 2b 21 e8 b1 82 90 8c cc b1 f0 d5 1d 5d 5f 23>,
    preKeyId: 791
  }
}
Closing session: SessionEntry {
  _chains: {
    'BekUGi/TpIKhaQHshN8TX1FoIHO8+64ARCELReduJPFL': { chainKey: [Object], chainType: 1, messageKeys: {} }
  },
  registrationId: 1656991293,
  currentRatchet: {
    ephemeralKeyPair: {
      pubKey: <Buffer 05 e9 14 1a 2f d3 a4 82 a1 69 01 ec 84 df 13 5f 51 68 20 73 bc fb ae 00 44 21 0b 45 e7 6e 24 f1 4b>,
      privKey: <Buffer a0 ba af 5b 84 5a fd 64 c2 c6 8f 64 76 2c 00 17 dc 99 86 23 8a 81 70 28 83 b9 c7 26 31 64 cd 6b>
    },
    lastRemoteEphemeralKey: <Buffer 05 a6 69 7d 22 88 25 47 77 e9 e7 90 36 c7 9b 22 61 bf 15 22 72 9a a1 19 c0 52 64 bb c4 a1 7e e5 66>,
    previousCounter: 0,
    rootKey: <Buffer 87 f1 d0 a0 5f b9 54 05 4b 0f 58 69 d6 32 55 12 21 df b1 fb 18 37 fb d7 7e e0 99 d3 da 88 6f 6a>
  },
  indexInfo: {
    baseKey: <Buffer 05 6c b6 ba 6a 4a 90 51 fa 9d bc ce 93 33 aa 2e 64 ee c9 3a 1e 54 0b 1a 84 4c 60 4e 38 84 1c 38 15>,
    baseKeyType: 1,
    closed: -1,
    used: 1781317959963,
    created: 1781317959963,
    remoteIdentityKey: <Buffer 05 05 b6 d7 1d fe f8 f3 58 ff 16 03 8b 04 44 7b e5 23 c7 a9 e9 ce ad 37 f6 2c 3e 20 ad 60 a6 b7 1d>
  },
  pendingPreKey: {
    signedKeyId: 9561463,
    baseKey: <Buffer 05 6c b6 ba 6a 4a 90 51 fa 9d bc ce 93 33 aa 2e 64 ee c9 3a 1e 54 0b 1a 84 4c 60 4e 38 84 1c 38 15>,
    preKeyId: 666
  }
}
Removing old closed session: SessionEntry {
  _chains: {
    'BTAoRv0FM1FitMKEly32ack9o6CL1IF2EGFxFnP/Achr': { chainKey: [Object], chainType: 1, messageKeys: {} }
  },
  registrationId: 1656991293,
  currentRatchet: {
    ephemeralKeyPair: {
      pubKey: <Buffer 05 30 28 46 fd 05 33 51 62 b4 c2 84 97 2d f6 69 c9 3d a3 a0 8b d4 81 76 10 61 71 16 73 ff 01 c8 6b>,
      privKey: <Buffer e0 ab a5 41 99 5d 0b 59 ce 75 13 a4 63 6a a4 b3 da d9 e2 2e 96 31 22 3a 8a 85 01 26 c2 6f cb 61>
    },
    lastRemoteEphemeralKey: <Buffer 05 a6 69 7d 22 88 25 47 77 e9 e7 90 36 c7 9b 22 61 bf 15 22 72 9a a1 19 c0 52 64 bb c4 a1 7e e5 66>,
    previousCounter: 0,
    rootKey: <Buffer 1a 4a ac c3 0d c2 80 39 48 45 d9 45 7f 5b 24 d3 4f 50 38 f2 90 cb c8 a1 15 73 c4 2a 6e 5d a5 10>
  },
  indexInfo: {
    baseKey: <Buffer 05 cb 0f ea 7d b8 00 d2 98 b5 52 70 8f eb 9c 13 aa a3 d0 7a 89 33 e0 72 76 cf af 4c b8 f3 5c 44 5e>,
    baseKeyType: 1,
    closed: 1781317473446,
    used: 1781317472449,
    created: 1781317472449,
    remoteIdentityKey: <Buffer 05 05 b6 d7 1d fe f8 f3 58 ff 16 03 8b 04 44 7b e5 23 c7 a9 e9 ce ad 37 f6 2c 3e 20 ad 60 a6 b7 1d>
  },
  pendingPreKey: {
    signedKeyId: 9561463,
    baseKey: <Buffer 05 cb 0f ea 7d b8 00 d2 98 b5 52 70 8f eb 9c 13 aa a3 d0 7a 89 33 e0 72 76 cf af 4c b8 f3 5c 44 5e>,
    preKeyId: 41
  }
}
Closing session: SessionEntry {
  _chains: {
    'BQwLhL8uXG+KeHnrEnx7nBFnmX2w/7Chgh9/O4XHg/1b': { chainKey: [Object], chainType: 1, messageKeys: {} }
  },
  registrationId: 1656991293,
  currentRatchet: {
    ephemeralKeyPair: {
      pubKey: <Buffer 05 0c 0b 84 bf 2e 5c 6f 8a 78 79 eb 12 7c 7b 9c 11 67 99 7d b0 ff b0 a1 82 1f 7f 3b 85 c7 83 fd 5b>,
      privKey: <Buffer f8 1c 8c 9e cc 94 b5 77 a1 7f b5 65 ad 97 d5 16 30 ca 20 85 52 e8 bf 71 fe 79 b6 1a f8 a6 2a 5f>
    },
    lastRemoteEphemeralKey: <Buffer 05 a6 69 7d 22 88 25 47 77 e9 e7 90 36 c7 9b 22 61 bf 15 22 72 9a a1 19 c0 52 64 bb c4 a1 7e e5 66>,
    previousCounter: 0,
    rootKey: <Buffer 16 a5 8c ba 41 d9 cd 76 ad f9 03 0c c6 fa 47 34 b6 2a 8e 0c 27 55 fa 60 94 a0 fa 84 35 78 1a ca>
  },
  indexInfo: {
    baseKey: <Buffer 05 fd 64 55 aa 86 92 bb ab 39 8b cd db 3a e9 3a 6c d4 27 33 0b 23 59 57 61 39 a9 8c b9 f7 0c e4 73>,
    baseKeyType: 1,
    closed: -1,
    used: 1781317960990,
    created: 1781317960990,
    remoteIdentityKey: <Buffer 05 05 b6 d7 1d fe f8 f3 58 ff 16 03 8b 04 44 7b e5 23 c7 a9 e9 ce ad 37 f6 2c 3e 20 ad 60 a6 b7 1d>
  },
  pendingPreKey: {
    signedKeyId: 9561463,
    baseKey: <Buffer 05 fd 64 55 aa 86 92 bb ab 39 8b cd db 3a e9 3a 6c d4 27 33 0b 23 59 57 61 39 a9 8c b9 f7 0c e4 73>,
    preKeyId: 142
  }
}
Removing old closed session: SessionEntry {
  _chains: {
    'BX66BeM6KfHv2Wo7N7nJRk4tkE77cCy96zBKyg+pI/4w': { chainKey: [Object], chainType: 1, messageKeys: {} }
  },
  registrationId: 1656991293,
  currentRatchet: {
    ephemeralKeyPair: {
      pubKey: <Buffer 05 7e ba 05 e3 3a 29 f1 ef d9 6a 3b 37 b9 c9 46 4e 2d 90 4e fb 70 2c bd eb 30 4a ca 0f a9 23 fe 30>,
      privKey: <Buffer 20 50 79 a1 27 4e 40 34 5b c5 ef 5c aa 54 0b 5e ec 60 6e bd 71 6e 4b 24 8c 82 32 7f 83 f0 46 58>
    },
    lastRemoteEphemeralKey: <Buffer 05 a6 69 7d 22 88 25 47 77 e9 e7 90 36 c7 9b 22 61 bf 15 22 72 9a a1 19 c0 52 64 bb c4 a1 7e e5 66>,
    previousCounter: 0,
    rootKey: <Buffer 53 0b 65 ed a5 27 0f 1c 07 22 26 08 fa b4 9e 5d 59 8e 13 1c d1 6c a2 10 ca cd d4 9d 67 fd e1 46>
  },
  indexInfo: {
    baseKey: <Buffer 05 df 6c 79 e8 80 85 89 2c 2d 36 25 ad e1 f9 ca aa 85 9e e6 4d 68 0e e3 31 da a9 74 fc 73 ea 1d 6e>,
    baseKeyType: 1,
    closed: 1781317474426,
    used: 1781317473444,
    created: 1781317473444,
    remoteIdentityKey: <Buffer 05 05 b6 d7 1d fe f8 f3 58 ff 16 03 8b 04 44 7b e5 23 c7 a9 e9 ce ad 37 f6 2c 3e 20 ad 60 a6 b7 1d>
  },
  pendingPreKey: {
    signedKeyId: 9561463,
    baseKey: <Buffer 05 df 6c 79 e8 80 85 89 2c 2d 36 25 ad e1 f9 ca aa 85 9e e6 4d 68 0e e3 31 da a9 74 fc 73 ea 1d 6e>,
    preKeyId: 723
  }
}
Closing session: SessionEntry {
  _chains: {
    'BViyq9DdGdbzsUip4Q1onXNQOK8kH16I/ojWiboF3zQX': { chainKey: [Object], chainType: 1, messageKeys: {} }
  },
  registrationId: 1656991293,
  currentRatchet: {
    ephemeralKeyPair: {
      pubKey: <Buffer 05 58 b2 ab d0 dd 19 d6 f3 b1 48 a9 e1 0d 68 9d 73 50 38 af 24 1f 5e 88 fe 88 d6 89 ba 05 df 34 17>,
      privKey: <Buffer 78 a8 49 be 7a c4 4c c9 cd 75 20 20 76 bd 91 99 8f 50 b2 88 cc 0f 90 09 18 27 d8 dc bb 5e 77 59>
    },
    lastRemoteEphemeralKey: <Buffer 05 a6 69 7d 22 88 25 47 77 e9 e7 90 36 c7 9b 22 61 bf 15 22 72 9a a1 19 c0 52 64 bb c4 a1 7e e5 66>,
    previousCounter: 0,
    rootKey: <Buffer dc cb 60 c4 1d d5 fe c5 29 e3 34 6e d2 60 37 89 10 39 db f3 08 5a f2 d0 28 e6 9b fe b5 ed cd ae>
  },
  indexInfo: {
    baseKey: <Buffer 05 b0 d5 5d 26 d2 9d f2 c2 e8 98 86 e7 eb 89 d2 ea 92 3a ad 51 85 ab 4d 13 42 1e fa db df fe 8e 3c>,
    baseKeyType: 1,
    closed: -1,
    used: 1781317962032,
    created: 1781317962032,
    remoteIdentityKey: <Buffer 05 05 b6 d7 1d fe f8 f3 58 ff 16 03 8b 04 44 7b e5 23 c7 a9 e9 ce ad 37 f6 2c 3e 20 ad 60 a6 b7 1d>
  },
  pendingPreKey: {
    signedKeyId: 9561463,
    baseKey: <Buffer 05 b0 d5 5d 26 d2 9d f2 c2 e8 98 86 e7 eb 89 d2 ea 92 3a ad 51 85 ab 4d 13 42 1e fa db df fe 8e 3c>,
    preKeyId: 139
  }
}
Removing old closed session: SessionEntry {
  _chains: {
    Bf3YAkyH4PcD13D12zXGYSSx3AlWus8HtYIG7yTo1IFb: { chainKey: [Object], chainType: 1, messageKeys: {} }
  },
  registrationId: 1656991293,
  currentRatchet: {
    ephemeralKeyPair: {
      pubKey: <Buffer 05 fd d8 02 4c 87 e0 f7 03 d7 70 f5 db 35 c6 61 24 b1 dc 09 56 ba cf 07 b5 82 06 ef 24 e8 d4 81 5b>,
      privKey: <Buffer f0 b3 9e 39 18 55 aa fa bd 61 31 71 17 45 68 37 0a 64 87 b6 db b8 e8 82 96 3b 2f 61 2a 4a c5 7f>
    },
    lastRemoteEphemeralKey: <Buffer 05 a6 69 7d 22 88 25 47 77 e9 e7 90 36 c7 9b 22 61 bf 15 22 72 9a a1 19 c0 52 64 bb c4 a1 7e e5 66>,
    previousCounter: 0,
    rootKey: <Buffer 84 ee 49 73 c0 77 96 c6 b9 87 3d 57 65 37 5d c2 5a c7 68 e5 53 37 a9 f4 83 dc 8d 23 df 56 d4 00>
  },
  indexInfo: {
    baseKey: <Buffer 05 73 0f 1e 89 e2 8a 28 ab bb 45 98 d7 c8 d9 5a 3d db 02 e1 e9 22 3a 8e 7a 38 99 c8 54 ec c6 eb 67>,
    baseKeyType: 1,
    closed: 1781317475467,
    used: 1781317474424,
    created: 1781317474424,
    remoteIdentityKey: <Buffer 05 05 b6 d7 1d fe f8 f3 58 ff 16 03 8b 04 44 7b e5 23 c7 a9 e9 ce ad 37 f6 2c 3e 20 ad 60 a6 b7 1d>
  },
  pendingPreKey: {
    signedKeyId: 9561463,
    baseKey: <Buffer 05 73 0f 1e 89 e2 8a 28 ab bb 45 98 d7 c8 d9 5a 3d db 02 e1 e9 22 3a 8e 7a 38 99 c8 54 ec c6 eb 67>,
    preKeyId: 701
  }
}
Closing session: SessionEntry {
  _chains: {
    'BWssv6JBc0I7LJNi5v0J7SKbwCfBS7HjsBSVeFj/rj5m': { chainKey: [Object], chainType: 1, messageKeys: {} }
  },
  registrationId: 1656991293,
  currentRatchet: {
    ephemeralKeyPair: {
      pubKey: <Buffer 05 6b 2c bf a2 41 73 42 3b 2c 93 62 e6 fd 09 ed 22 9b c0 27 c1 4b b1 e3 b0 14 95 78 58 ff ae 3e 66>,
      privKey: <Buffer c0 1f 21 f3 86 81 89 8a 30 9e 15 41 7c 4a dd 31 13 af b4 fe 00 04 6c 53 b6 c3 dc 41 6e 76 e6 75>
    },
    lastRemoteEphemeralKey: <Buffer 05 a6 69 7d 22 88 25 47 77 e9 e7 90 36 c7 9b 22 61 bf 15 22 72 9a a1 19 c0 52 64 bb c4 a1 7e e5 66>,
    previousCounter: 0,
    rootKey: <Buffer 7f 46 b0 8e d8 89 f8 b6 3d 2a 43 12 72 45 e4 7d 8f 99 65 d3 d1 51 ac ed af f2 34 e7 bf 35 ab 37>
  },
  indexInfo: {
    baseKey: <Buffer 05 fa 5e cc bd 29 2d 8e 64 83 dc d4 2d c7 51 1a 50 34 91 c5 c5 c7 1c cc ad d8 46 e5 ee 80 5b b1 24>,
    baseKeyType: 1,
    closed: -1,
    used: 1781317963077,
    created: 1781317963077,
    remoteIdentityKey: <Buffer 05 05 b6 d7 1d fe f8 f3 58 ff 16 03 8b 04 44 7b e5 23 c7 a9 e9 ce ad 37 f6 2c 3e 20 ad 60 a6 b7 1d>
  },
  pendingPreKey: {
    signedKeyId: 9561463,
    baseKey: <Buffer 05 fa 5e cc bd 29 2d 8e 64 83 dc d4 2d c7 51 1a 50 34 91 c5 c5 c7 1c cc ad d8 46 e5 ee 80 5b b1 24>,
    preKeyId: 668
  }
}
Removing old closed session: SessionEntry {
  _chains: {
    'BdWEU2e/KcvwhraMkO8bYRdeYw4MGa/6u/HymjtSP2Ea': { chainKey: [Object], chainType: 1, messageKeys: {} }
  },
  registrationId: 1656991293,
  currentRatchet: {
    ephemeralKeyPair: {
      pubKey: <Buffer 05 d5 84 53 67 bf 29 cb f0 86 b6 8c 90 ef 1b 61 17 5e 63 0e 0c 19 af fa bb f1 f2 9a 3b 52 3f 61 1a>,
      privKey: <Buffer 18 25 f1 8d b8 42 c0 96 c3 44 c1 fd 1c 69 e7 f5 72 2d 56 0b 18 4b e9 b9 01 40 8b 98 3f 91 05 6e>
    },
    lastRemoteEphemeralKey: <Buffer 05 a6 69 7d 22 88 25 47 77 e9 e7 90 36 c7 9b 22 61 bf 15 22 72 9a a1 19 c0 52 64 bb c4 a1 7e e5 66>,
    previousCounter: 0,
    rootKey: <Buffer 39 5a ce 5d 3e 02 04 08 8a 7d e3 ca d6 9a a3 c0 a3 ae 4b 56 54 a9 cc 37 90 c5 fe fa 05 96 40 3b>
  },
  indexInfo: {
    baseKey: <Buffer 05 f2 9d 74 08 f2 d1 e8 ba d9 f1 b1 6f 0a 48 f5 de 00 20 6b 7e 5e 13 a2 7c 44 d8 e7 f8 f9 45 09 60>,
    baseKeyType: 1,
    closed: 1781317476478,
    used: 1781317475465,
    created: 1781317475465,
    remoteIdentityKey: <Buffer 05 05 b6 d7 1d fe f8 f3 58 ff 16 03 8b 04 44 7b e5 23 c7 a9 e9 ce ad 37 f6 2c 3e 20 ad 60 a6 b7 1d>
  },
  pendingPreKey: {
    signedKeyId: 9561463,
    baseKey: <Buffer 05 f2 9d 74 08 f2 d1 e8 ba d9 f1 b1 6f 0a 48 f5 de 00 20 6b 7e 5e 13 a2 7c 44 d8 e7 f8 f9 45 09 60>,
    preKeyId: 64
  }
}
Closing session: SessionEntry {
  _chains: {
    BXXzxMKjDnQilxl2I2VsQq32aOoYfFE3D52nCaqbXlhK: { chainKey: [Object], chainType: 1, messageKeys: {} }
  },
  registrationId: 1656991293,
  currentRatchet: {
    ephemeralKeyPair: {
      pubKey: <Buffer 05 75 f3 c4 c2 a3 0e 74 22 97 19 76 23 65 6c 42 ad f6 68 ea 18 7c 51 37 0f 9d a7 09 aa 9b 5e 58 4a>,
      privKey: <Buffer d0 97 99 91 c0 d8 92 a8 02 e1 4d 16 3d 4a f7 17 cd 6a 39 1d 7c bf dc a5 cf 82 93 54 78 22 79 52>
    },
    lastRemoteEphemeralKey: <Buffer 05 a6 69 7d 22 88 25 47 77 e9 e7 90 36 c7 9b 22 61 bf 15 22 72 9a a1 19 c0 52 64 bb c4 a1 7e e5 66>,
    previousCounter: 0,
    rootKey: <Buffer 3f 19 00 66 f3 2b e6 b2 89 15 c3 5d 0c ea b4 af 8d 7b b2 52 49 31 9b fe 87 ea d6 ad fc ea 45 8a>
  },
  indexInfo: {
    baseKey: <Buffer 05 67 7d 0a 75 cb ee 52 77 c8 c1 1f 35 0a d8 4f f3 eb b2 f3 6d af f5 8a 24 98 f0 2b ee 37 dd 64 7e>,
    baseKeyType: 1,
    closed: -1,
    used: 1781317964044,
    created: 1781317964044,
    remoteIdentityKey: <Buffer 05 05 b6 d7 1d fe f8 f3 58 ff 16 03 8b 04 44 7b e5 23 c7 a9 e9 ce ad 37 f6 2c 3e 20 ad 60 a6 b7 1d>
  },
  pendingPreKey: {
    signedKeyId: 9561463,
    baseKey: <Buffer 05 67 7d 0a 75 cb ee 52 77 c8 c1 1f 35 0a d8 4f f3 eb b2 f3 6d af f5 8a 24 98 f0 2b ee 37 dd 64 7e>,
    preKeyId: 698
  }
}
Removing old closed session: SessionEntry {
  _chains: {
    'BaD6p8L4CRmmS2SnwYUIVkYGL5v+u0DTkVLglstUstBR': { chainKey: [Object], chainType: 1, messageKeys: {} }
  },
  registrationId: 1656991293,
  currentRatchet: {
    ephemeralKeyPair: {
      pubKey: <Buffer 05 a0 fa a7 c2 f8 09 19 a6 4b 64 a7 c1 85 08 56 46 06 2f 9b fe bb 40 d3 91 52 e0 96 cb 54 b2 d0 51>,
      privKey: <Buffer 30 7d 05 f2 d6 a4 8e bd 88 46 eb d3 38 08 50 ec 61 9f 93 3a 60 ac d9 2a 2d a3 e7 d0 c2 d6 01 71>
    },
    lastRemoteEphemeralKey: <Buffer 05 a6 69 7d 22 88 25 47 77 e9 e7 90 36 c7 9b 22 61 bf 15 22 72 9a a1 19 c0 52 64 bb c4 a1 7e e5 66>,
    previousCounter: 0,
    rootKey: <Buffer 93 a9 d5 5a 48 fa 2f 87 0f 7a 48 88 34 9c d1 e1 fe 11 26 bc 1c 2f ee c3 84 2b 1a a4 ab 9a 81 f3>
  },
  indexInfo: {
    baseKey: <Buffer 05 b5 15 95 93 0f 5c 0c 41 90 34 13 83 1b b8 fb d7 04 6f 9c 42 0e db ca 4e a0 6f 72 bc 4f 93 de 5a>,
    baseKeyType: 1,
    closed: 1781317477436,
    used: 1781317476475,
    created: 1781317476475,
    remoteIdentityKey: <Buffer 05 05 b6 d7 1d fe f8 f3 58 ff 16 03 8b 04 44 7b e5 23 c7 a9 e9 ce ad 37 f6 2c 3e 20 ad 60 a6 b7 1d>
  },
  pendingPreKey: {
    signedKeyId: 9561463,
    baseKey: <Buffer 05 b5 15 95 93 0f 5c 0c 41 90 34 13 83 1b b8 fb d7 04 6f 9c 42 0e db ca 4e a0 6f 72 bc 4f 93 de 5a>,
    preKeyId: 732
  }
}
Closing session: SessionEntry {
  _chains: {
    'BV0Bz8EqL6E1ynx8Y7D9h2nUAG6j7D+x4dVH6AnHjIhm': { chainKey: [Object], chainType: 1, messageKeys: {} }
  },
  registrationId: 1656991293,
  currentRatchet: {
    ephemeralKeyPair: {
      pubKey: <Buffer 05 5d 01 cf c1 2a 2f a1 35 ca 7c 7c 63 b0 fd 87 69 d4 00 6e a3 ec 3f b1 e1 d5 47 e8 09 c7 8c 88 66>,
      privKey: <Buffer 38 1c 53 c6 08 11 b0 40 ac 64 ab f1 28 09 81 3e 05 7b 58 32 01 5f 7f fb a4 e8 21 c2 de 1b 47 53>
    },
    lastRemoteEphemeralKey: <Buffer 05 a6 69 7d 22 88 25 47 77 e9 e7 90 36 c7 9b 22 61 bf 15 22 72 9a a1 19 c0 52 64 bb c4 a1 7e e5 66>,
    previousCounter: 0,
    rootKey: <Buffer eb 74 17 37 90 da 2c 4a e4 be ae ed cc 49 db 00 3f 1a 36 74 cf 92 16 6e 31 44 cd 1d 36 14 25 71>
  },
  indexInfo: {
    baseKey: <Buffer 05 4d 82 aa d1 d8 25 26 3b e5 7a fa 45 b0 14 f8 35 86 40 0e 58 82 23 69 da a2 5e f8 b9 2a 58 28 62>,
    baseKeyType: 1,
    closed: -1,
    used: 1781317965068,
    created: 1781317965068,
    remoteIdentityKey: <Buffer 05 05 b6 d7 1d fe f8 f3 58 ff 16 03 8b 04 44 7b e5 23 c7 a9 e9 ce ad 37 f6 2c 3e 20 ad 60 a6 b7 1d>
  },
  pendingPreKey: {
    signedKeyId: 9561463,
    baseKey: <Buffer 05 4d 82 aa d1 d8 25 26 3b e5 7a fa 45 b0 14 f8 35 86 40 0e 58 82 23 69 da a2 5e f8 b9 2a 58 28 62>,
    preKeyId: 79
  }
}
Removing old closed session: SessionEntry {
  _chains: {
    'BScNNpufE/WQSU68QABFvUZghi2TFZ00QRPRMp3c44Z7': { chainKey: [Object], chainType: 1, messageKeys: {} }
  },
  registrationId: 1656991293,
  currentRatchet: {
    ephemeralKeyPair: {
      pubKey: <Buffer 05 27 0d 36 9b 9f 13 f5 90 49 4e bc 40 00 45 bd 46 60 86 2d 93 15 9d 34 41 13 d1 32 9d dc e3 86 7b>,
      privKey: <Buffer 00 00 d0 30 3b 11 88 31 ab 71 c2 96 4b a5 2a db 9a 2a 00 50 7b fc c4 51 19 5b bf 83 f3 78 f4 60>
    },
    lastRemoteEphemeralKey: <Buffer 05 a6 69 7d 22 88 25 47 77 e9 e7 90 36 c7 9b 22 61 bf 15 22 72 9a a1 19 c0 52 64 bb c4 a1 7e e5 66>,
    previousCounter: 0,
    rootKey: <Buffer 6c 5e 55 8a 1d 63 04 32 cb 89 ce 6c 5b 38 82 fe 56 33 6b 28 60 9d cf af 42 f0 f6 f9 e8 32 a5 5c>
  },
  indexInfo: {
    baseKey: <Buffer 05 65 8c 0c 27 49 c1 47 43 a9 cf 68 3b 9e 70 96 ee 45 1e d7 e6 20 2a a4 02 ce 46 dd 10 03 d0 0c 4d>,
    baseKeyType: 1,
    closed: 1781317478478,
    used: 1781317477433,
    created: 1781317477433,
    remoteIdentityKey: <Buffer 05 05 b6 d7 1d fe f8 f3 58 ff 16 03 8b 04 44 7b e5 23 c7 a9 e9 ce ad 37 f6 2c 3e 20 ad 60 a6 b7 1d>
  },
  pendingPreKey: {
    signedKeyId: 9561463,
    baseKey: <Buffer 05 65 8c 0c 27 49 c1 47 43 a9 cf 68 3b 9e 70 96 ee 45 1e d7 e6 20 2a a4 02 ce 46 dd 10 03 d0 0c 4d>,
    preKeyId: 23
  }
}
Closing session: SessionEntry {
  _chains: {
    'BYVBGy4t0c1OVUsZbY3jeqKxpogfufhC+PVQPfoVMV1t': { chainKey: [Object], chainType: 1, messageKeys: {} }
  },
  registrationId: 1656991293,
  currentRatchet: {
    ephemeralKeyPair: {
      pubKey: <Buffer 05 85 41 1b 2e 2d d1 cd 4e 55 4b 19 6d 8d e3 7a a2 b1 a6 88 1f b9 f8 42 f8 f5 50 3d fa 15 31 5d 6d>,
      privKey: <Buffer 80 2d a8 11 80 07 ea 42 fe 22 98 e7 01 31 7a 14 c6 05 67 a8 49 e3 8e c6 c6 49 ec 51 f4 32 4b 61>
    },
    lastRemoteEphemeralKey: <Buffer 05 a6 69 7d 22 88 25 47 77 e9 e7 90 36 c7 9b 22 61 bf 15 22 72 9a a1 19 c0 52 64 bb c4 a1 7e e5 66>,
    previousCounter: 0,
    rootKey: <Buffer 43 55 1a c0 5f 82 ce 3c 9e 7c f3 83 76 67 7a 19 8e 15 ae 27 94 30 f8 45 40 98 c2 4a 95 71 04 6b>
  },
  indexInfo: {
    baseKey: <Buffer 05 55 1e c6 fa f2 c0 d2 35 64 96 8c 84 5c 96 b1 9e 3a 78 b3 bc 2a 9d 12 70 55 23 94 c7 db 91 b7 24>,
    baseKeyType: 1,
    closed: -1,
    used: 1781317966121,
    created: 1781317966121,
    remoteIdentityKey: <Buffer 05 05 b6 d7 1d fe f8 f3 58 ff 16 03 8b 04 44 7b e5 23 c7 a9 e9 ce ad 37 f6 2c 3e 20 ad 60 a6 b7 1d>
  },
  pendingPreKey: {
    signedKeyId: 9561463,
    baseKey: <Buffer 05 55 1e c6 fa f2 c0 d2 35 64 96 8c 84 5c 96 b1 9e 3a 78 b3 bc 2a 9d 12 70 55 23 94 c7 db 91 b7 24>,
    preKeyId: 716
  }
}
Removing old closed session: SessionEntry {
  _chains: {
    'BazpnjBrfnQJQvU5bd0VSBuS8opugTfn71ISbfJrrq5+': { chainKey: [Object], chainType: 1, messageKeys: {} }
  },
  registrationId: 1656991293,
  currentRatchet: {
    ephemeralKeyPair: {
      pubKey: <Buffer 05 ac e9 9e 30 6b 7e 74 09 42 f5 39 6d dd 15 48 1b 92 f2 8a 6e 81 37 e7 ef 52 12 6d f2 6b ae ae 7e>,
      privKey: <Buffer 40 39 8b 76 b6 04 f5 94 ba a0 fb 01 3a aa e5 20 4d 2d 5c 3b e1 b8 0e de a1 d1 86 83 da e9 ea 60>
    },
    lastRemoteEphemeralKey: <Buffer 05 a6 69 7d 22 88 25 47 77 e9 e7 90 36 c7 9b 22 61 bf 15 22 72 9a a1 19 c0 52 64 bb c4 a1 7e e5 66>,
    previousCounter: 0,
    rootKey: <Buffer 2c 22 f0 eb c7 95 e7 df 3b cd e2 94 bc 00 53 59 4d 97 36 9c d0 9e e7 e4 75 02 4c 91 b5 57 02 d4>
  },
  indexInfo: {
    baseKey: <Buffer 05 18 65 33 ef d1 98 bb 6f 99 74 6e 06 bb 21 d1 a0 73 9a 90 ee b6 f6 81 cf ab 91 c6 f2 e8 c9 38 0a>,
    baseKeyType: 1,
    closed: 1781317479494,
    used: 1781317478475,
    created: 1781317478475,
    remoteIdentityKey: <Buffer 05 05 b6 d7 1d fe f8 f3 58 ff 16 03 8b 04 44 7b e5 23 c7 a9 e9 ce ad 37 f6 2c 3e 20 ad 60 a6 b7 1d>
  },
  pendingPreKey: {
    signedKeyId: 9561463,
    baseKey: <Buffer 05 18 65 33 ef d1 98 bb 6f 99 74 6e 06 bb 21 d1 a0 73 9a 90 ee b6 f6 81 cf ab 91 c6 f2 e8 c9 38 0a>,
    preKeyId: 760
  }
}
Closing session: SessionEntry {
  _chains: {
    Bd0qDJzkYBBhUi7AAMZh52C1GAVnh5qUhL4x7LeKbLxP: { chainKey: [Object], chainType: 1, messageKeys: {} }
  },
  registrationId: 1656991293,
  currentRatchet: {
    ephemeralKeyPair: {
      pubKey: <Buffer 05 dd 2a 0c 9c e4 60 10 61 52 2e c0 00 c6 61 e7 60 b5 18 05 67 87 9a 94 84 be 31 ec b7 8a 6c bc 4f>,
      privKey: <Buffer b8 b6 fd cf b9 4f 53 ae 2a f3 8a 3a d5 a4 c4 37 38 29 1a 7e 37 89 20 78 9d ee a6 e6 37 2b ef 76>
    },
    lastRemoteEphemeralKey: <Buffer 05 a6 69 7d 22 88 25 47 77 e9 e7 90 36 c7 9b 22 61 bf 15 22 72 9a a1 19 c0 52 64 bb c4 a1 7e e5 66>,
    previousCounter: 0,
    rootKey: <Buffer 67 9a 90 ce 48 cc 38 55 39 12 20 8d 23 d8 14 30 8e b4 41 77 22 07 9e 64 07 c2 f3 84 cc 7e ea 63>
  },
  indexInfo: {
    baseKey: <Buffer 05 62 a4 0a 47 c0 e7 aa 49 b6 bf 45 86 ed a0 80 53 f1 d5 e0 ea e3 48 06 15 a6 1b 81 a3 75 b5 3d 13>,
    baseKeyType: 1,
    closed: -1,
    used: 1781317967088,
    created: 1781317967088,
    remoteIdentityKey: <Buffer 05 05 b6 d7 1d fe f8 f3 58 ff 16 03 8b 04 44 7b e5 23 c7 a9 e9 ce ad 37 f6 2c 3e 20 ad 60 a6 b7 1d>
  },
  pendingPreKey: {
    signedKeyId: 9561463,
    baseKey: <Buffer 05 62 a4 0a 47 c0 e7 aa 49 b6 bf 45 86 ed a0 80 53 f1 d5 e0 ea e3 48 06 15 a6 1b 81 a3 75 b5 3d 13>,
    preKeyId: 108
  }
}
Removing old closed session: SessionEntry {
  _chains: {
    'Ba+U2Awk84bRXOQBl9pquaqGEkgONbr2TkcMjZ/8AedC': { chainKey: [Object], chainType: 1, messageKeys: {} }
  },
  registrationId: 1656991293,
  currentRatchet: {
    ephemeralKeyPair: {
      pubKey: <Buffer 05 af 94 d8 0c 24 f3 86 d1 5c e4 01 97 da 6a b9 aa 86 12 48 0e 35 ba f6 4e 47 0c 8d 9f fc 01 e7 42>,
      privKey: <Buffer 48 d6 01 f0 b9 80 e4 2d b4 01 bf 25 5a 18 59 c1 40 08 67 e2 1c 7d 89 e5 92 eb 30 2e 7b e8 1a 77>
    },
    lastRemoteEphemeralKey: <Buffer 05 a6 69 7d 22 88 25 47 77 e9 e7 90 36 c7 9b 22 61 bf 15 22 72 9a a1 19 c0 52 64 bb c4 a1 7e e5 66>,
    previousCounter: 0,
    rootKey: <Buffer 65 57 14 27 12 44 e5 df c6 ee 6b 69 8c b2 99 53 08 c5 7a c3 68 8a f7 86 9a 5f ff 26 f0 54 a7 f8>
  },
  indexInfo: {
    baseKey: <Buffer 05 46 85 84 48 e9 b4 89 bc 6d 3e fc 8a ba 52 18 a7 b9 8f f1 f3 db 11 b5 a5 13 99 2c 75 a0 55 f1 5a>,
    baseKeyType: 1,
    closed: 1781317480511,
    used: 1781317479491,
    created: 1781317479491,
    remoteIdentityKey: <Buffer 05 05 b6 d7 1d fe f8 f3 58 ff 16 03 8b 04 44 7b e5 23 c7 a9 e9 ce ad 37 f6 2c 3e 20 ad 60 a6 b7 1d>
  },
  pendingPreKey: {
    signedKeyId: 9561463,
    baseKey: <Buffer 05 46 85 84 48 e9 b4 89 bc 6d 3e fc 8a ba 52 18 a7 b9 8f f1 f3 db 11 b5 a5 13 99 2c 75 a0 55 f1 5a>,
    preKeyId: 767
  }
}
Decrypted message with closed session.
{"event":"ignored","reason":"allowlist_mismatch","chatId":"120363145668140275@g.us","senderId":"209371384529114@lid"}
{"event":"ignored","reason":"allowlist_mismatch","chatId":"120363145668140275@g.us","senderId":"203668037099725@lid"}
{"event":"ignored","reason":"allowlist_mismatch","chatId":"120363145668140275@g.us","senderId":"255606590058731@lid"}
{"event":"ignored","reason":"allowlist_mismatch","chatId":"120363145668140275@g.us","senderId":"255606590058731@lid"}
{"event":"ignored","reason":"allowlist_mismatch","chatId":"120363145668140275@g.us","senderId":"255606590058731@lid"}
{"event":"ignored","reason":"allowlist_mismatch","chatId":"120363145668140275@g.us","senderId":"203668037099725@lid"}
{"event":"ignored","reason":"allowlist_mismatch","chatId":"120363145668140275@g.us","senderId":"203668037099725@lid"}
{"event":"ignored","reason":"allowlist_mismatch","chatId":"120363145668140275@g.us","senderId":"203668037099725@lid"}
{"event":"ignored","reason":"allowlist_mismatch","chatId":"120363145668140275@g.us","senderId":"255606590058731@lid"}
{"event":"ignored","reason":"allowlist_mismatch","chatId":"120363145668140275@g.us","senderId":"203668037099725@lid"}
{"event":"ignored","reason":"allowlist_mismatch","chatId":"120363145668140275@g.us","senderId":"203668037099725@lid"}
{"event":"ignored","reason":"allowlist_mismatch","chatId":"120363145668140275@g.us","senderId":"255606590058731@lid"}
{"event":"ignored","reason":"allowlist_mismatch","chatId":"120363145668140275@g.us","senderId":"255606590058731@lid"}
{"event":"ignored","reason":"allowlist_mismatch","chatId":"120363145668140275@g.us","senderId":"203668037099725@lid"}
{"event":"ignored","reason":"allowlist_mismatch","chatId":"120363145668140275@g.us","senderId":"203668037099725@lid"}
⚠️  Connection closed (reason: 428). Reconnecting in 3s...
✅ WhatsApp connected!
{"level":40,"time":1781349202268,"pid":38697,"hostname":"Mac-mini-2.local","msg":"Timeout in AwaitingInitialSync, forcing state to Online and flushing buffer"}
{"event":"ignored","reason":"allowlist_mismatch","chatId":"120363145668140275@g.us","senderId":"255606590058731@lid"}
{"event":"ignored","reason":"allowlist_mismatch","chatId":"120363145668140275@g.us","senderId":"255606590058731@lid"}
{"event":"ignored","reason":"allowlist_mismatch","chatId":"120363145668140275@g.us","senderId":"209371384529114@lid"}
⚠️  Connection closed (reason: 428). Reconnecting in 3s...
✅ WhatsApp connected!
{"level":40,"time":1781364273065,"pid":38697,"hostname":"Mac-mini-2.local","msg":"Timeout in AwaitingInitialSync, forcing state to Online and flushing buffer"}
{"event":"ignored","reason":"allowlist_mismatch","chatId":"60125226892-1567175357@g.us","senderId":"157801410248925@lid"}
{"event":"ignored","reason":"allowlist_mismatch","chatId":"60125226892-1567175357@g.us","senderId":"203521437778053@lid"}
{"event":"ignored","reason":"allowlist_mismatch","chatId":"60125226892-1567175357@g.us","senderId":"203521437778053@lid"}
{"event":"ignored","reason":"allowlist_mismatch","chatId":"120363145668140275@g.us","senderId":"209371384529114@lid"}
{"event":"ignored","reason":"allowlist_mismatch","chatId":"120363145668140275@g.us","senderId":"209371384529114@lid"}
